{
    "logistic_regression": {
        "accuracy": 0.49954901097057036,
        "train_time": 222.03647923469543,
        "inference_time": 0.0630185604095459
    },
    "sgd_svm": {
        "accuracy": 0.4845510037127934,
        "train_time": 33.89224123954773,
        "inference_time": 0.04998040199279785
    },
    "random_forest": {
        "accuracy": 0.43896964738950767,
        "train_time": 36.8069908618927,
        "inference_time": 0.18761038780212402
    }
}