{
    "logistic_regression": {
        "accuracy": 0.4300006625588021,
        "classification_report": {
            "0": {
                "precision": 0.4130479102956167,
                "recall": 0.4063377456879262,
                "f1-score": 0.4096653523405116,
                "support": 4986.0
            },
            "1": {
                "precision": 0.37448979591836734,
                "recall": 0.5237512742099898,
                "f1-score": 0.4367190820229494,
                "support": 4905.0
            },
            "2": {
                "precision": 0.5694110576923077,
                "recall": 0.36428296808919647,
                "f1-score": 0.44431418522860494,
                "support": 5202.0
            },
            "accuracy": 0.4300006625588021,
            "macro avg": {
                "precision": 0.4523162546354306,
                "recall": 0.4314573293290375,
                "f1-score": 0.4302328731973553,
                "support": 15093.0
            },
            "weighted avg": {
                "precision": 0.4544097032948335,
                "recall": 0.4300006625588021,
                "f1-score": 0.43039958495008024,
                "support": 15093.0
            }
        },
        "train_time": 384.18592858314514,
        "inference_time": 0.49721360206604004
    },
    "sgd_clf": {
        "accuracy": 0.41959848936593125,
        "classification_report": {
            "0": {
                "precision": 0.39911816578483245,
                "recall": 0.45387083834737263,
                "f1-score": 0.4247372372372372,
                "support": 4986.0
            },
            "1": {
                "precision": 0.3723141951391335,
                "recall": 0.4309887869520897,
                "f1-score": 0.39950864594160446,
                "support": 4905.0
            },
            "2": {
                "precision": 0.5222963951935915,
                "recall": 0.3760092272202999,
                "f1-score": 0.4372415334749078,
                "support": 5202.0
            },
            "accuracy": 0.41959848936593125,
            "macro avg": {
                "precision": 0.43124291870585246,
                "recall": 0.4202896175065874,
                "f1-score": 0.4204958055512498,
                "support": 15093.0
            },
            "weighted avg": {
                "precision": 0.43286226393412097,
                "recall": 0.41959848936593125,
                "f1-score": 0.42084809052838434,
                "support": 15093.0
            }
        },
        "train_time": 34.502140283584595,
        "inference_time": 0.05315113067626953
    },
    "random_forest": {
        "accuracy": 0.4861193930961373,
        "classification_report": {
            "0": {
                "precision": 0.39550795775695374,
                "recall": 0.5332932210188528,
                "f1-score": 0.4541805448800068,
                "support": 4986.0
            },
            "1": {
                "precision": 0.48412519702769646,
                "recall": 0.4383282364933741,
                "f1-score": 0.4600898780226835,
                "support": 4905.0
            },
            "2": {
                "precision": 0.643420717739883,
                "recall": 0.4859669357939254,
                "f1-score": 0.5537181031650422,
                "support": 5202.0
            },
            "accuracy": 0.4861193930961373,
            "macro avg": {
                "precision": 0.5076846241748444,
                "recall": 0.4858627977687174,
                "f1-score": 0.4893295086892442,
                "support": 15093.0
            },
            "weighted avg": {
                "precision": 0.5097536170728082,
                "recall": 0.4861193930961373,
                "f1-score": 0.4904079123525824,
                "support": 15093.0
            }
        },
        "train_time": 222.90799760818481,
        "inference_time": 0.1600039005279541
    },
    "extra_trees": {
        "accuracy": 0.496852845690055,
        "classification_report": {
            "0": {
                "precision": 0.4138507240995173,
                "recall": 0.4470517448856799,
                "f1-score": 0.4298110296953336,
                "support": 4986.0
            },
            "1": {
                "precision": 0.4647713226205192,
                "recall": 0.4599388379204893,
                "f1-score": 0.46234245312019673,
                "support": 4905.0
            },
            "2": {
                "precision": 0.6210591386771069,
                "recall": 0.5793925413302576,
                "f1-score": 0.5995027349577324,
                "support": 5202.0
            },
            "accuracy": 0.496852845690055,
            "macro avg": {
                "precision": 0.4998937284657145,
                "recall": 0.495461041378809,
                "f1-score": 0.4972187392577543,
                "support": 15093.0
            },
            "weighted avg": {
                "precision": 0.5018162517201451,
                "recall": 0.496852845690055,
                "f1-score": 0.49886972463165846,
                "support": 15093.0
            }
        },
        "train_time": 50.82969522476196,
        "inference_time": 1.29935622215271
    },
    "xgboost": {
        "accuracy": 0.5121579540184191,
        "classification_report": {
            "0": {
                "precision": 0.4054638896402489,
                "recall": 0.6012835940633775,
                "f1-score": 0.48432956381260095,
                "support": 4986.0
            },
            "1": {
                "precision": 0.47530288909599255,
                "recall": 0.41590214067278286,
                "f1-score": 0.4436229205175601,
                "support": 4905.0
            },
            "2": {
                "precision": 0.7901379512767831,
                "recall": 0.5174932718185313,
                "f1-score": 0.6253920315948426,
                "support": 5202.0
            },
            "accuracy": 0.5121579540184191,
            "macro avg": {
                "precision": 0.5569682433376748,
                "recall": 0.5115596688515639,
                "f1-score": 0.5177815053083346,
                "support": 15093.0
            },
            "weighted avg": {
                "precision": 0.5607434736171703,
                "recall": 0.5121579540184191,
                "f1-score": 0.5197195374454802,
                "support": 15093.0
            }
        },
        "train_time": 255.32978534698486,
        "inference_time": 0.18357586860656738
    }
}