{
    "logistic_regression": {
        "accuracy": 0.4669691887803755,
        "classification_report": {
            "0": {
                "precision": 0.4147191858273652,
                "recall": 0.4385650224215247,
                "f1-score": 0.4263089068629825,
                "support": 10035.0
            },
            "1": {
                "precision": 0.40671367709710593,
                "recall": 0.5598018400566172,
                "f1-score": 0.47113380131886834,
                "support": 9891.0
            },
            "2": {
                "precision": 0.689248181083266,
                "recall": 0.40658082975679544,
                "f1-score": 0.5114577084583083,
                "support": 10485.0
            },
            "accuracy": 0.4669691887803755,
            "macro avg": {
                "precision": 0.5035603480025791,
                "recall": 0.46831589741164575,
                "f1-score": 0.46963347221338636,
                "support": 30411.0
            },
            "weighted avg": {
                "precision": 0.5067666038145122,
                "recall": 0.4669691887803755,
                "f1-score": 0.47024525278354273,
                "support": 30411.0
            }
        },
        "train_time": 206.91418290138245,
        "inference_time": 0.1493978500366211
    },
    "sgd_clf": {
        "accuracy": 0.44763407977376607,
        "classification_report": {
            "0": {
                "precision": 0.42477477477477477,
                "recall": 0.37588440458395617,
                "f1-score": 0.39883690192968546,
                "support": 10035.0
            },
            "1": {
                "precision": 0.40286365115522293,
                "recall": 0.5006571630775453,
                "f1-score": 0.4464680160483253,
                "support": 9891.0
            },
            "2": {
                "precision": 0.5291698235739799,
                "recall": 0.4662851692894611,
                "f1-score": 0.49574122895964307,
                "support": 10485.0
            },
            "accuracy": 0.44763407977376607,
            "macro avg": {
                "precision": 0.45226941650132585,
                "recall": 0.4476089123169875,
                "f1-score": 0.4470153823125513,
                "support": 30411.0
            },
            "weighted avg": {
                "precision": 0.4536412758085677,
                "recall": 0.44763407977376607,
                "f1-score": 0.4477389840268402,
                "support": 30411.0
            }
        },
        "train_time": 22.62351107597351,
        "inference_time": 0.04597306251525879
    },
    "random_forest": {
        "accuracy": 0.49363717076058006,
        "classification_report": {
            "0": {
                "precision": 0.4038564184681078,
                "recall": 0.6031888390632785,
                "f1-score": 0.4837949086840107,
                "support": 10035.0
            },
            "1": {
                "precision": 0.49285538309928556,
                "recall": 0.4045091497320797,
                "f1-score": 0.444333388861125,
                "support": 9891.0
            },
            "2": {
                "precision": 0.6787132101300479,
                "recall": 0.47286599904625654,
                "f1-score": 0.5573917931422148,
                "support": 10485.0
            },
            "accuracy": 0.49363717076058006,
            "macro avg": {
                "precision": 0.5251416705658137,
                "recall": 0.4935213292805382,
                "f1-score": 0.4951733635624502,
                "support": 30411.0
            },
            "weighted avg": {
                "precision": 0.5275669909498553,
                "recall": 0.49363717076058006,
                "f1-score": 0.4963347607433348,
                "support": 30411.0
            }
        },
        "train_time": 89.69057011604309,
        "inference_time": 0.3178212642669678
    },
    "extra_trees": {
        "accuracy": 0.49679392325145505,
        "classification_report": {
            "0": {
                "precision": 0.4109122584732341,
                "recall": 0.5170901843547584,
                "f1-score": 0.4579270176057892,
                "support": 10035.0
            },
            "1": {
                "precision": 0.4708361055666445,
                "recall": 0.42927914265493883,
                "f1-score": 0.4490983129726585,
                "support": 9891.0
            },
            "2": {
                "precision": 0.6472333143183114,
                "recall": 0.5410586552217453,
                "f1-score": 0.5894025974025974,
                "support": 10485.0
            },
            "accuracy": 0.49679392325145505,
            "macro avg": {
                "precision": 0.50966055945273,
                "recall": 0.4958093274104809,
                "f1-score": 0.498809309327015,
                "support": 30411.0
            },
            "weighted avg": {
                "precision": 0.511880100442803,
                "recall": 0.49679392325145505,
                "f1-score": 0.5003852312996249,
                "support": 30411.0
            }
        },
        "train_time": 34.822749853134155,
        "inference_time": 0.4595024585723877
    },
    "xgboost": {
        "accuracy": 0.49824076814310614,
        "classification_report": {
            "0": {
                "precision": 0.3932266563845511,
                "recall": 0.6097658196312905,
                "f1-score": 0.4781215814971089,
                "support": 10035.0
            },
            "1": {
                "precision": 0.47940790259042615,
                "recall": 0.4060256799110302,
                "f1-score": 0.4396759360630611,
                "support": 9891.0
            },
            "2": {
                "precision": 0.7750656573458984,
                "recall": 0.47849308536003815,
                "f1-score": 0.5916971340960019,
                "support": 10485.0
            },
            "accuracy": 0.49824076814310614,
            "macro avg": {
                "precision": 0.549233405440292,
                "recall": 0.49809486163411965,
                "f1-score": 0.5031648838853906,
                "support": 30411.0
            },
            "weighted avg": {
                "precision": 0.5529057406403151,
                "recall": 0.49824076814310614,
                "f1-score": 0.5047755484831082,
                "support": 30411.0
            }
        },
        "train_time": 155.71587896347046,
        "inference_time": 0.2142190933227539
    }
}