{
    "accuracy": 0.496852845690055,
    "classification_report": {
        "0": {
            "precision": 0.4138507240995173,
            "recall": 0.4470517448856799,
            "f1-score": 0.4298110296953336,
            "support": 4986.0
        },
        "1": {
            "precision": 0.4647713226205192,
            "recall": 0.4599388379204893,
            "f1-score": 0.46234245312019673,
            "support": 4905.0
        },
        "2": {
            "precision": 0.6210591386771069,
            "recall": 0.5793925413302576,
            "f1-score": 0.5995027349577324,
            "support": 5202.0
        },
        "accuracy": 0.496852845690055,
        "macro avg": {
            "precision": 0.4998937284657145,
            "recall": 0.495461041378809,
            "f1-score": 0.4972187392577543,
            "support": 15093.0
        },
        "weighted avg": {
            "precision": 0.5018162517201451,
            "recall": 0.496852845690055,
            "f1-score": 0.49886972463165846,
            "support": 15093.0
        }
    },
    "train_time": 50.82969522476196,
    "inference_time": 1.29935622215271
}