{
    "accuracy": 0.49679392325145505,
    "classification_report": {
        "0": {
            "precision": 0.4109122584732341,
            "recall": 0.5170901843547584,
            "f1-score": 0.4579270176057892,
            "support": 10035.0
        },
        "1": {
            "precision": 0.4708361055666445,
            "recall": 0.42927914265493883,
            "f1-score": 0.4490983129726585,
            "support": 9891.0
        },
        "2": {
            "precision": 0.6472333143183114,
            "recall": 0.5410586552217453,
            "f1-score": 0.5894025974025974,
            "support": 10485.0
        },
        "accuracy": 0.49679392325145505,
        "macro avg": {
            "precision": 0.50966055945273,
            "recall": 0.4958093274104809,
            "f1-score": 0.498809309327015,
            "support": 30411.0
        },
        "weighted avg": {
            "precision": 0.511880100442803,
            "recall": 0.49679392325145505,
            "f1-score": 0.5003852312996249,
            "support": 30411.0
        }
    },
    "train_time": 34.822749853134155,
    "inference_time": 0.4595024585723877
}