{
    "timestamp": "20260531_222123",
    "device": "cuda",
    "test_dataset": "D:\\Exploring-Brain-Signals-and-Affective-Computing-for-Neuromarketing\\data\\SEED_EEG\\SEED_EEG\\Preprocessed_EEG",
    "ml": {
        "logistic_regression": {
            "window_level": {
                "acc": 0.3321407274895647,
                "f1": 0.2437282131457262,
                "cm": [
                    [
                        296,
                        1339,
                        27
                    ],
                    [
                        264,
                        1355,
                        16
                    ],
                    [
                        170,
                        1544,
                        20
                    ]
                ]
            },
            "trial_level": {
                "acc": 0.3333333333333333,
                "f1": 0.16666666666666666,
                "cm": [
                    [
                        0,
                        5,
                        0
                    ],
                    [
                        0,
                        5,
                        0
                    ],
                    [
                        0,
                        5,
                        0
                    ]
                ]
            }
        },
        "random_forest": {
            "window_level": {
                "acc": 0.32995428344265554,
                "f1": 0.1653963034922533,
                "cm": [
                    [
                        1660,
                        2,
                        0
                    ],
                    [
                        1635,
                        0,
                        0
                    ],
                    [
                        1734,
                        0,
                        0
                    ]
                ]
            },
            "trial_level": {
                "acc": 0.3333333333333333,
                "f1": 0.16666666666666666,
                "cm": [
                    [
                        5,
                        0,
                        0
                    ],
                    [
                        5,
                        0,
                        0
                    ],
                    [
                        5,
                        0,
                        0
                    ]
                ]
            }
        },
        "sgd_clf": {
            "window_level": {
                "acc": 0.3434704830053667,
                "f1": 0.2840058795149766,
                "cm": [
                    [
                        672,
                        965,
                        25
                    ],
                    [
                        573,
                        1027,
                        35
                    ],
                    [
                        478,
                        1227,
                        29
                    ]
                ]
            },
            "trial_level": {
                "acc": 0.4,
                "f1": 0.3148148148148148,
                "cm": [
                    [
                        2,
                        3,
                        0
                    ],
                    [
                        1,
                        4,
                        0
                    ],
                    [
                        1,
                        4,
                        0
                    ]
                ]
            }
        },
        "extra_trees": {
            "window_level": {
                "acc": 0.32995428344265554,
                "f1": 0.1653963034922533,
                "cm": [
                    [
                        1660,
                        2,
                        0
                    ],
                    [
                        1635,
                        0,
                        0
                    ],
                    [
                        1734,
                        0,
                        0
                    ]
                ]
            },
            "trial_level": {
                "acc": 0.3333333333333333,
                "f1": 0.16666666666666666,
                "cm": [
                    [
                        5,
                        0,
                        0
                    ],
                    [
                        5,
                        0,
                        0
                    ],
                    [
                        5,
                        0,
                        0
                    ]
                ]
            }
        },
        "xgboost": {
            "window_level": {
                "acc": 0.32975551580202744,
                "f1": 0.16532137518684603,
                "cm": [
                    [
                        1659,
                        3,
                        0
                    ],
                    [
                        1635,
                        0,
                        0
                    ],
                    [
                        1734,
                        0,
                        0
                    ]
                ]
            },
            "trial_level": {
                "acc": 0.3333333333333333,
                "f1": 0.16666666666666666,
                "cm": [
                    [
                        5,
                        0,
                        0
                    ],
                    [
                        5,
                        0,
                        0
                    ],
                    [
                        5,
                        0,
                        0
                    ]
                ]
            }
        }
    },
    "dl": {
        "eegnet": {
            "window_level": {
                "acc": 0.5678352810239288,
                "f1": 0.5641022069053528,
                "cm": [
                    [
                        1256,
                        1620,
                        91
                    ],
                    [
                        750,
                        1511,
                        661
                    ],
                    [
                        632,
                        129,
                        2335
                    ]
                ]
            },
            "trial_level": {
                "acc": 0.6,
                "f1": 0.564935064935065,
                "cm": [
                    [
                        1,
                        4,
                        0
                    ],
                    [
                        1,
                        3,
                        1
                    ],
                    [
                        0,
                        0,
                        5
                    ]
                ]
            }
        },
        "deep4net": {
            "window_level": {
                "acc": 0.5506956037840846,
                "f1": 0.5301531004593946,
                "cm": [
                    [
                        2072,
                        615,
                        280
                    ],
                    [
                        1155,
                        802,
                        965
                    ],
                    [
                        1002,
                        20,
                        2074
                    ]
                ]
            },
            "trial_level": {
                "acc": 0.6666666666666666,
                "f1": 0.5341880341880342,