{
    "timestamp": "20260527_143824",
    "device": "cuda",
    "test_dataset": "D:\\Exploring-Brain-Signals-and-Affective-Computing-for-Neuromarketing\\data\\SEED_EEG\\SEED_EEG\\Preprocessed_EEG",
    "ml": {
        "logistic_regression": {
            "acc": 0.33199777406789094,
            "f1": 0.25537575458208805,
            "cm": [
                [
                    621,
                    2254,
                    92
                ],
                [
                    575,
                    2295,
                    52
                ],
                [
                    478,
                    2551,
                    67
                ]
            ]
        },
        "random_forest": {
            "acc": 0.3299944351697273,
            "f1": 0.16541143654114365,
            "cm": [
                [
                    2965,
                    2,
                    0
                ],
                [
                    2922,
                    0,
                    0
                ],
                [
                    3096,
                    0,
                    0
                ]
            ]
        },
        "sgd_clf": {
            "acc": 0.3243183082915971,
            "f1": 0.2751361931533685,
            "cm": [
                [
                    1134,
                    1706,
                    127
                ],
                [
                    1137,
                    1684,
                    101
                ],
                [
                    952,
                    2048,
                    96
                ]
            ]
        },
        "extra_trees": {
            "acc": 0.3299944351697273,
            "f1": 0.16541143654114365,
            "cm": [
                [
                    2965,
                    2,
                    0
                ],
                [
                    2922,
                    0,
                    0
                ],
                [
                    3096,
                    0,
                    0
                ]
            ]
        },
        "xgboost": {
            "acc": 0.32943795214245963,
            "f1": 0.16520161852937074,
            "cm": [
                [
                    2960,
                    7,
                    0
                ],
                [
                    2922,
                    0,
                    0
                ],
                [
                    3096,
                    0,
                    0
                ]
            ]
        }
    },
    "dl": {
        "eegnet": {
            "acc": 0.5678352810239288,
            "f1": 0.5641022069053528,
            "cm": [
                [
                    1256,
                    1620,
                    91
                ],
                [
                    750,
                    1511,
                    661
                ],
                [
                    632,
                    129,
                    2335
                ]
            ]
        },
        "deep4net": {
            "acc": 0.5506956037840846,
            "f1": 0.5301531004593946,
            "cm": [
                [
                    2072,
                    615,
                    280
                ],
                [
                    1155,
                    802,
                    965
                ],
                [
                    1002,
                    20,
                    2074
                ]
            ]
        },
        "shallowconv": {
            "acc": 0.5664997217584864,
            "f1": 0.5719434150233123,
            "cm": [
                [
                    1545,
                    1400,
                    22
                ],
                [
                    1046,
                    1448,
                    428
                ],
                [
                    960,
                    39,
                    2097
                ]
            ]
        },
        "cnn_attention": {
            "acc": 0.5512520868113523,
            "f1": 0.526280413967962,
            "cm": [
                [
                    1958,
                    720,
                    289
                ],
                [
                    947,
                    749,
                    1226
                ],
                [
                    847,
                    3,
                    2246
                ]
            ]
        },
        "lstm": {
            "acc": 0.6369504730105732,
            "f1": 0.5907145748902696,
            "cm": [
                [
                    2299,
                    523,
                    145
                ],
                [
                    1373,
                    618,
                    931
                ],
                [
                    285,
                    5,
                    2806
                ]
            ]
        },
        "tcn": {
            "acc": 0.6040066777963272,
            "f1": 0.5545461145765512,
            "cm": [
                [
                    1804,
                    689,
                    474
                ],
                [
                    1011,
                    589,
                    1322
                ],
                [
                    57,
                    5,
                    3034
                ]
            ]
        },
        "cnn_lstm": {
            "acc": 0.5128547579298831,
            "f1": 0.49237366117881765,
            "cm": [
                [
                    1757,
                    925,
                    285
                ],
                [
                    978,
                    731,
                    1213
                ],
                [
                    971,
                    5,
                    2120
                ]
            ]
        },
        "eegconformer": {
            "acc": 0.5657206455203116,
            "f1": 0.5408824785070602,
            "cm": [
                [
                    1207,
                    1444,
                    316
                ],
                [
                    907,
                    1042,
                    973
                ],
                [
                    238,
                    24,
                    2834
                ]
            ]
        }
    },
    "qwen/qwen3.6-35b-a3b": {
        "acc": 0.3882025598219254,
        "f1": 0.32397297969442435,
        "cm": [
            [
                697,
                2206,
                64
            ],
            [
                393,
                2507,
                22
            ],
            [
                1269,
                1543,
                284
            ]
        ]
    }
}