{
    "timestamp": "20260606_092319",
    "device": "cuda",
    "test_dataset": "D:\\Exploring-Brain-Signals-and-Affective-Computing-for-Neuromarketing\\data\\SEED_EEG\\SEED_EEG\\Preprocessed_EEG",
    "ml": {
        "logistic_regression": {
            "window_level": {
                "acc": 0.6283045120254422,
                "f1": 0.6255646162196841,
                "cm": [
                    [
                        790,
                        772,
                        100
                    ],
                    [
                        298,
                        994,
                        343
                    ],
                    [
                        27,
                        330,
                        1377
                    ]
                ]
            },
            "trial_level": {
                "acc": 0.6666666666666666,
                "f1": 0.6678733031674208,
                "cm": [
                    [
                        8,
                        6,
                        1
                    ],
                    [
                        3,
                        10,
                        2
                    ],
                    [
                        0,
                        3,
                        12
                    ]
                ]
            }
        },
        "random_forest": {
            "window_level": {
                "acc": 0.6004770423375074,
                "f1": 0.5144408433257507,
                "cm": [
                    [
                        1174,
                        51,
                        437
                    ],
                    [
                        375,
                        113,
                        1147
                    ],
                    [
                        0,
                        0,
                        1734
                    ]
                ]
            },
            "trial_level": {
                "acc": 0.6,
                "f1": 0.48533724340175954,
                "cm": [
                    [
                        12,
                        0,
                        3
                    ],
                    [
                        4,
                        0,
                        11
                    ],
                    [
                        0,
                        0,
                        15
                    ]
                ]
            }
        },
        "sgd_clf": {
            "window_level": {
                "acc": 0.5881534486185649,
                "f1": 0.5950682960008149,
                "cm": [
                    [
                        918,
                        731,
                        13
                    ],
                    [
                        407,
                        902,
                        326
                    ],
                    [
                        73,
                        522,
                        1139
                    ]
                ]
            },
            "trial_level": {
                "acc": 0.5555555555555556,
                "f1": 0.5693935693935693,
                "cm": [
                    [
                        8,
                        7,
                        0
                    ],
                    [
                        5,
                        8,
                        2
                    ],
                    [
                        0,
                        6,
                        9
                    ]
                ]
            }
        },
        "extra_trees": {
            "window_level": {
                "acc": 0.5905386603061021,
                "f1": 0.5068857549377029,
                "cm": [
                    [
                        1121,
                        69,
                        472
                    ],
                    [
                        363,
                        116,
                        1156
                    ],
                    [
                        0,
                        0,
                        1734
                    ]
                ]
            },
            "trial_level": {
                "acc": 0.5777777777777777,
                "f1": 0.4666666666666666,
                "cm": [
                    [
                        11,
                        0,
                        4
                    ],
                    [
                        4,
                        0,
                        11
                    ],
                    [
                        0,
                        0,
                        15
                    ]
                ]
            }
        },
        "xgboost": {
            "window_level": {
                "acc": 0.6088252832438878,
                "f1": 0.5050557280924405,
                "cm": [
                    [
                        1277,
                        25,
                        360
                    ],
                    [
                        429,
                        52,
                        1154
                    ],
                    [
                        0,
                        0,
                        1734
                    ]
                ]
            },
            "trial_level": {
                "acc": 0.6,
                "f1": 0.48888888888888893,
                "cm": [
                    [
                        12,
                        0,
                        3
                    ],
                    [
                        3,
                        0,
                        12
                    ],
                    [
                        0,
                        0,
                        15
                    ]
                ]
            }
        }
    },
    "dl": {
        "eegnet": {
            "window_level": {
                "acc": 0.5678352810239288,
                "f1": 0.5641022069053528,
                "cm": [
                    [
                        1256,
                        1620,
                        91
                    ],
                    [
                        750,
                        1511,
                        661
                    ],
                    [
                        632,
                        129,
                        2335
                    ]
                ]
            },
            "trial_level": {
                "acc": 0.5333333333333333,
                "f1": 0.539484126984127,
                "cm": [
                    [
                        7,
                        8,
                        0
                    ],
                    [
                        5,
                        7,
                        3
                    ],
                    [
                        5,
                        0,
                        10
                    ]
                ]
            }
        },
        "deep4net": {
            "window_level": {
                "acc": 0.5506956037840846,
                "f1": 0.5301531004593946,
                "cm": [
                    [
                        2072,
                        615,
                        280
                    ],
                    [
                        1155,
                        802,
                        965
                    ],
                    [
                        1002,
                        20,
                        2074
                    ]
                ]
            },
            "trial_level": {
                "acc": 0.5555555555555556,
                "f1": 0.5344640828511796,