{
    "accuracy": 0.49824076814310614,
    "classification_report": {
        "0": {
            "precision": 0.3932266563845511,
            "recall": 0.6097658196312905,
            "f1-score": 0.4781215814971089,
            "support": 10035.0
        },
        "1": {
            "precision": 0.47940790259042615,
            "recall": 0.4060256799110302,
            "f1-score": 0.4396759360630611,
            "support": 9891.0
        },
        "2": {
            "precision": 0.7750656573458984,
            "recall": 0.47849308536003815,
            "f1-score": 0.5916971340960019,
            "support": 10485.0
        },
        "accuracy": 0.49824076814310614,
        "macro avg": {
            "precision": 0.549233405440292,
            "recall": 0.49809486163411965,
            "f1-score": 0.5031648838853906,
            "support": 30411.0
        },
        "weighted avg": {
            "precision": 0.5529057406403151,
            "recall": 0.49824076814310614,
            "f1-score": 0.5047755484831082,
            "support": 30411.0
        }
    },
    "train_time": 155.71587896347046,
    "inference_time": 0.2142190933227539
}