{
    "accuracy": 0.5121579540184191,
    "classification_report": {
        "0": {
            "precision": 0.4054638896402489,
            "recall": 0.6012835940633775,
            "f1-score": 0.48432956381260095,
            "support": 4986.0
        },
        "1": {
            "precision": 0.47530288909599255,
            "recall": 0.41590214067278286,
            "f1-score": 0.4436229205175601,
            "support": 4905.0
        },
        "2": {
            "precision": 0.7901379512767831,
            "recall": 0.5174932718185313,
            "f1-score": 0.6253920315948426,
            "support": 5202.0
        },
        "accuracy": 0.5121579540184191,
        "macro avg": {
            "precision": 0.5569682433376748,
            "recall": 0.5115596688515639,
            "f1-score": 0.5177815053083346,
            "support": 15093.0
        },
        "weighted avg": {
            "precision": 0.5607434736171703,
            "recall": 0.5121579540184191,
            "f1-score": 0.5197195374454802,
            "support": 15093.0
        }
    },
    "train_time": 255.32978534698486,
    "inference_time": 0.18357586860656738
}