{
    "accuracy": 0.4845510037127934,
    "train_time": 33.89224123954773,
    "inference_time": 0.04998040199279785
}