{
    "accuracy": 0.44763407977376607,
    "classification_report": {
        "0": {
            "precision": 0.42477477477477477,
            "recall": 0.37588440458395617,
            "f1-score": 0.39883690192968546,
            "support": 10035.0
        },
        "1": {
            "precision": 0.40286365115522293,
            "recall": 0.5006571630775453,
            "f1-score": 0.4464680160483253,
            "support": 9891.0
        },
        "2": {
            "precision": 0.5291698235739799,
            "recall": 0.4662851692894611,
            "f1-score": 0.49574122895964307,
            "support": 10485.0
        },
        "accuracy": 0.44763407977376607,
        "macro avg": {
            "precision": 0.45226941650132585,
            "recall": 0.4476089123169875,
            "f1-score": 0.4470153823125513,
            "support": 30411.0
        },
        "weighted avg": {
            "precision": 0.4536412758085677,
            "recall": 0.44763407977376607,
            "f1-score": 0.4477389840268402,
            "support": 30411.0
        }
    },
    "train_time": 22.62351107597351,
    "inference_time": 0.04597306251525879
}