{
    "accuracy": 0.41959848936593125,
    "classification_report": {
        "0": {
            "precision": 0.39911816578483245,
            "recall": 0.45387083834737263,
            "f1-score": 0.4247372372372372,
            "support": 4986.0
        },
        "1": {
            "precision": 0.3723141951391335,
            "recall": 0.4309887869520897,
            "f1-score": 0.39950864594160446,
            "support": 4905.0
        },
        "2": {
            "precision": 0.5222963951935915,
            "recall": 0.3760092272202999,
            "f1-score": 0.4372415334749078,
            "support": 5202.0
        },
        "accuracy": 0.41959848936593125,
        "macro avg": {
            "precision": 0.43124291870585246,
            "recall": 0.4202896175065874,
            "f1-score": 0.4204958055512498,
            "support": 15093.0
        },
        "weighted avg": {
            "precision": 0.43286226393412097,
            "recall": 0.41959848936593125,
            "f1-score": 0.42084809052838434,
            "support": 15093.0
        }
    },
    "train_time": 34.502140283584595,
    "inference_time": 0.05315113067626953
}