{
    "accuracy": 0.4861193930961373,
    "classification_report": {
        "0": {
            "precision": 0.39550795775695374,
            "recall": 0.5332932210188528,
            "f1-score": 0.4541805448800068,
            "support": 4986.0
        },
        "1": {
            "precision": 0.48412519702769646,
            "recall": 0.4383282364933741,
            "f1-score": 0.4600898780226835,
            "support": 4905.0
        },
        "2": {
            "precision": 0.643420717739883,
            "recall": 0.4859669357939254,
            "f1-score": 0.5537181031650422,
            "support": 5202.0
        },
        "accuracy": 0.4861193930961373,
        "macro avg": {
            "precision": 0.5076846241748444,
            "recall": 0.4858627977687174,
            "f1-score": 0.4893295086892442,
            "support": 15093.0
        },
        "weighted avg": {
            "precision": 0.5097536170728082,
            "recall": 0.4861193930961373,
            "f1-score": 0.4904079123525824,
            "support": 15093.0
        }
    },
    "train_time": 222.90799760818481,
    "inference_time": 0.1600039005279541
}