{
    "accuracy": 0.49363717076058006,
    "classification_report": {
        "0": {
            "precision": 0.4038564184681078,
            "recall": 0.6031888390632785,
            "f1-score": 0.4837949086840107,
            "support": 10035.0
        },
        "1": {
            "precision": 0.49285538309928556,
            "recall": 0.4045091497320797,
            "f1-score": 0.444333388861125,
            "support": 9891.0
        },
        "2": {
            "precision": 0.6787132101300479,
            "recall": 0.47286599904625654,
            "f1-score": 0.5573917931422148,
            "support": 10485.0
        },
        "accuracy": 0.49363717076058006,
        "macro avg": {
            "precision": 0.5251416705658137,
            "recall": 0.4935213292805382,
            "f1-score": 0.4951733635624502,
            "support": 30411.0
        },
        "weighted avg": {
            "precision": 0.5275669909498553,
            "recall": 0.49363717076058006,
            "f1-score": 0.4963347607433348,
            "support": 30411.0
        }
    },
    "train_time": 89.69057011604309,
    "inference_time": 0.3178212642669678
}