{
    "accuracy": 0.43896964738950767,
    "train_time": 36.8069908618927,
    "inference_time": 0.18761038780212402
}