{
    "accuracy": 0.49954901097057036,
    "train_time": 222.03647923469543,
    "inference_time": 0.0630185604095459
}