{
    "accuracy": 0.4300006625588021,
    "classification_report": {
        "0": {
            "precision": 0.4130479102956167,
            "recall": 0.4063377456879262,
            "f1-score": 0.4096653523405116,
            "support": 4986.0
        },
        "1": {
            "precision": 0.37448979591836734,
            "recall": 0.5237512742099898,
            "f1-score": 0.4367190820229494,
            "support": 4905.0
        },
        "2": {
            "precision": 0.5694110576923077,
            "recall": 0.36428296808919647,
            "f1-score": 0.44431418522860494,
            "support": 5202.0
        },
        "accuracy": 0.4300006625588021,
        "macro avg": {
            "precision": 0.4523162546354306,
            "recall": 0.4314573293290375,
            "f1-score": 0.4302328731973553,
            "support": 15093.0
        },
        "weighted avg": {
            "precision": 0.4544097032948335,
            "recall": 0.4300006625588021,
            "f1-score": 0.43039958495008024,
            "support": 15093.0
        }
    },
    "train_time": 384.18592858314514,
    "inference_time": 0.49721360206604004
}