{
    "accuracy": 0.4669691887803755,
    "classification_report": {
        "0": {
            "precision": 0.4147191858273652,
            "recall": 0.4385650224215247,
            "f1-score": 0.4263089068629825,
            "support": 10035.0
        },
        "1": {
            "precision": 0.40671367709710593,
            "recall": 0.5598018400566172,
            "f1-score": 0.47113380131886834,
            "support": 9891.0
        },
        "2": {
            "precision": 0.689248181083266,
            "recall": 0.40658082975679544,
            "f1-score": 0.5114577084583083,
            "support": 10485.0
        },
        "accuracy": 0.4669691887803755,
        "macro avg": {
            "precision": 0.5035603480025791,
            "recall": 0.46831589741164575,
            "f1-score": 0.46963347221338636,
            "support": 30411.0
        },
        "weighted avg": {
            "precision": 0.5067666038145122,
            "recall": 0.4669691887803755,
            "f1-score": 0.47024525278354273,
            "support": 30411.0
        }
    },
    "train_time": 206.91418290138245,
    "inference_time": 0.1493978500366211
}