{
    "accuracy": 0.4590019507897552,
    "train_time": 1092.085416316986,
    "inference_time": 0.9322817325592041
}