subject,trial,rep,window_idx,label,label_name,frontal_engagement_z,posterior_alpha_inhibition_z,frontal_over_occipital_alpha_z,faa_power_left_minus_right_z,faa_activation_left_minus_right_z,prompt_positive_evidence_z,prompt_negative_evidence_z
15,1,1,0,2,positive,0.28236259423349186,-0.4086873861195407,1.5524539623207472,1.0858284523935047,-1.0858284523935047,0.6583500875064522,-1.3260956643966604
15,1,1,1,2,positive,-0.15212637635646567,-0.20667042268947933,0.32394005622114763,0.06789305683174145,-0.06789305683174145,0.24131063036712616,-0.2925772626218203
15,1,1,2,2,positive,0.44871753716051677,1.2587230597814048,-0.24996122155101805,-0.6562919571388649,0.6562919571388649,-0.9737069688652835,1.1593449019766553
15,1,1,3,2,positive,0.6217631280513743,1.599830639856166,-0.5202977219969502,0.9299513249877643,-0.9299513249877643,-1.875992612833946,1.549097936828954
15,1,1,4,2,positive,0.3531849885928451,0.054495215369215665,0.7153615055492256,1.2318199822692402,-1.2318199822692402,-0.10891971141160545,-0.47977803170181976
15,1,1,5,2,positive,1.625306187940166,2.702760463796472,-1.1301917345457626,1.602619696347638,-1.602619696347638,-3.0719288781142167,2.45520323709927
15,1,1,6,2,positive,1.9951633660771246,1.4785883494904062,-1.2208374969029834,0.14090360501329036,-0.14090360501329036,-1.2674475947701225,1.0914254149033356
15,1,1,7,2,positive,0.46187085795273897,-0.44512391925382433,-0.42185052598107436,-0.20477109502232835,0.20477109502232835,0.5267210615851553,-0.4651340852396566
15,1,1,8,2,positive,0.09669475524648709,0.012543300712433841,-0.13852250171464245,0.18491760126776838,-0.18491760126776838,-0.08812508329107509,0.03345717394651152
15,1,1,9,2,positive,-0.1880917487488505,-0.04629421071751936,0.017468989002827624,0.412157149145697,-0.412157149145697,-0.14796575891305397,0.03901716915549209
15,1,1,10,2,positive,-0.18805588865324993,-0.14047919956032956,0.7042091141347379,0.2176288763857931,-0.2176288763857931,0.23998731592556116,-0.3985558123010735
15,1,1,11,2,positive,-0.13920120379667317,-0.48355722759068087,0.9371230090317404,0.5557674555259079,-0.5557674555259079,0.5642753441604006,-0.8825181302082145
15,1,1,12,2,positive,-0.2675147333286976,-0.23227496064925912,-0.3308598981303753,1.0831756033174103,-1.0831756033174103,-0.3282417842762353,0.06691235508027732
15,1,1,13,2,positive,-0.18397391443849684,-0.42975900973712217,-0.14234788872127935,1.9366168977618816,-1.9366168977618816,-0.32455389057009704,-0.26659810815723406
15,1,1,14,2,positive,0.07418308723876413,-0.696471289896596,0.5675830661625869,2.2263990724679217,-2.2263990724679217,0.1682603168744058,-1.0173543665972715
15,1,1,15,2,positive,0.16704182163041897,-0.43228801673580564,0.42940299338365817,1.7936417110936267,-1.7936417110936267,0.03322238470928912,-0.7305104242428442
15,1,1,16,2,positive,0.05304397719372772,-0.07261870705220762,-0.1805350212867028,0.9023468938457412,-0.9023468938457412,-0.2706606055940311,-0.008873185005720083
15,1,1,17,2,positive,0.028854746713228754,-0.47977766042137987,0.20503710640399997,1.5447404388600425,-1.5447404388600425,0.04282813184044193,-0.5967235869799943
15,1,1,18,2,positive,-0.12450394268844772,-0.5599834729688008,1.6115343451914015,0.6880031055168455,-0.6880031055168455,0.8263259052975036,-1.3034986742202777
15,1,1,19,2,positive,-0.4658332596710299,-0.07886301880430666,0.495834090922408,0.3666411155776072,-0.3666411155776072,-0.033350409304436376,-0.0938634344299957
15,1,1,20,2,positive,-0.5757507233778304,0.20426711725562488,0.09819635914299331,0.40758883890178504,-0.40758883890178504,-0.49931485163449896,0.44304429937304346
15,1,1,21,2,positive,-0.6085637548934957,-0.08717032631112717,0.603286040760016,0.23322568455436052,-0.23322568455436052,0.00766919341518045,-0.08453146924438734
15,1,1,22,2,positive,-0.6022356212440825,-0.24296953518592573,0.15601266756764812,0.4421103785100741,-0.4421103785100741,-0.053141575542910435,-0.01985805834770854
15,1,1,23,2,positive,-0.44265448516837846,-0.5174721082370238,0.08031486930226098,0.7629463790607335,-0.7629463790607335,0.14237677659474018,-0.3363023003039651
15,1,1,24,2,positive,-0.21652714752713456,-0.03558611016692298,-0.030528748102460933,0.4634136568466793,-0.4634136568466793,-0.20123707399183527,0.08794183764787476
15,1,1,25,2,positive,0.012855252905123668,-0.68601868430092,2.046234872101864,0.33954754969794165,-0.33954754969794165,1.2591995427372686,-1.7155637468044138
15,1,1,26,2,positive,-0.24363901601506097,0.2668921759660649,0.26135064381553647,-0.29787068749962203,0.29787068749962203,-0.16169807086603238,0.25803636206582714
15,1,1,27,2,positive,-0.0085150417069806,-0.23846232149108892,-0.058336448006641166,0.20372819954459712,-0.20372819954459712,0.1482690917383493,-0.20503657663427804
15,1,1,28,2,positive,-0.02431518758074558,1.2795622387911392,-0.3943573988633789,-0.6135615807257668,0.6135615807257668,-1.2145992406972583,1.4888985320132013
15,1,1,29,2,positive,-0.26872109586881787,0.10019111361137256,-0.34400968348940086,0.24306888145194752,-0.24306888145194752,-0.3854576672147613,0.40655650329048193
15,1,1,30,2,positive,0.09365483992416036,-0.4313615315032259,0.17847947143049164,-0.13113576165657345,0.13113576165657345,0.5657848891736343,-0.567428687180552
15,1,1,31,2,positive,0.009120168634601106,-0.3142380189189522,0.05665001989360743,-1.318142385870009,1.318142385870009,0.7755422103850247,-0.34712311318305644
15,1,1,32,2,positive,-0.1772303516239651,-0.4961995574449201,0.14411769675032995,0.31776754584204375,-0.31776754584204375,0.3792394905396938,-0.47964323000810255
15,1,1,33,2,positive,-0.02426052722279118,-0.31954941124398484,0.2014637807078611,0.21314661796298173,-0.21314661796298173,0.3075682897513476,-0.4081510379865198
15,1,1,34,2,positive,-0.12891168836568537,-0.17739216129484262,0.14473477900849918,0.5804163530236638,-0.5804163530236638,-0.010805592832107358,-0.1853037066162495
15,1,1,35,2,positive,0.26181666085987926,1.6670688714149422,-1.166260075459763,-0.341788033590515,0.341788033590515,-1.8546206650847317,2.119290578714884
15,1,1,36,2,positive,0.34524376801012774,1.5240890613655778,-1.1823992848332148,-0.2213339530455755,0.2213339530455755,-1.7293629159580817,1.9426668197771213
15,1,1,37,2,positive,-0.29424899379876285,-0.8022411467518202,0.04874610172246805,1.2555599008473177,-1.2555599008473177,0.30188688244394946,-0.6794897007136729
15,1,1,38,2,positive,-0.17742518484164188,-0.6809133912005452,0.22540668893430305,1.4362094345469238,-1.4362094345469238,0.21817074771579098,-0.7049041432468758
15,1,1,39,2,positive,0.11273263608372874,-0.6623144208627805,0.11926584985292404,0.5287146458141961,-0.5287146458141961,0.5634090342369327,-0.7783136638311069
15,1,1,40,2,positive,-0.4076333709857354,-0.38689782499863945,0.006768149187760656,0.12366760059534143,-0.12366760059534143,0.21205355086753408,-0.18646521409965208
15,1,1,41,2,positive,-0.1735777124411546,-0.46583739611021213,-0.1439629356988907,-0.12639746513139974,0.12639746513139974,0.40212300177399696,-0.30706707204018946
15,1,1,42,2,positive,0.7648288918489569,1.1047567860878127,-0.713898034797913,0.2401880247027494,-0.2401880247027494,-1.1678425086383812,1.0792913575622909
15,1,1,43,2,positive,0.7105572987585244,0.5284732534335104,-0.5382412816052358,0.7322264110008119,-0.7322264110008119,-0.7151100513826848,0.4423152448568661
15,1,1,44,2,positive,-0.16467413697903333,0.5525833990200602,-0.3096288589831561,-0.07671535805237976,0.07671535805237976,-0.6851126116566634,0.7897348970011548
15,1,1,45,2,positive,0.3860168880887647,-0.28560283482412285,0.8807343246100315,0.33273566217004436,-0.33273566217004436,0.5969413516670401,-0.918978441173521
15,1,1,46,2,positive,0.33807807213584995,-0.17725216317455303,0.7077273059273814,1.0162174051191908,-1.0162174051191908,0.18711482082256659,-0.7001548522061688
15,1,1,47,2,positive,-0.25921661075178787,-0.17151648047929136,0.5045340384319112,0.8795692197045092,-0.8795692197045092,-0.03990078352883722,-0.294175194319353
15,1,1,48,2,positive,-0.2811957536887821,-0.3173704444506995,0.6974076716401403,0.3740713799595204,-0.3740713799595204,0.3314172904479788,-0.5254764034263786
15,1,1,49,2,positive,-0.19713581511103934,-0.6564030497416496,0.999953304810083,-0.2242449901406494,0.2242449901406494,0.998757209688214,-1.0578117945911716
15,1,1,50,2,positive,-0.18968638331425502,0.2491345807113927,-0.7150307698130349,-0.07370185975051902,0.07370185975051902,-0.5261396785036496,0.7014931572750377
15,1,1,51,2,positive,-0.4323824850183996,-1.002144664656574,0.7293921466242498,0.04192668088531922,-0.04192668088531922,1.0871723248967509,-1.150649495459499
15,1,1,52,2,positive,-0.374720964391384,-0.35840329652706976,0.8774063722670417,-0.29531452757311866,0.29531452757311866,0.6244032750099953,-0.6097460004648986
15,1,1,53,2,positive,-0.21814747848292276,-0.3115362374887625,1.1720108512109533,0.3073883189654898,-0.3073883189654898,0.5270279220762761,-0.7884679238527779
15,1,1,54,2,positive,-0.4425351544475227,-0.4801570428158974,0.5780231846356528,0.4955640630990425,-0.4955640630990425,0.3601316985122599,-0.5479010579099625
15,1,1,55,2,positive,-0.51555841162583,0.18019771473541643,-0.4842636835497488,-0.6666485975637448,0.6666485975637448,-0.2912555472726944,0.6801087623232058
15,1,1,56,2,positive,-0.07092680327293843,-0.19915264541121336,-0.013302513943131505,0.3251537934694453,-0.3251537934694453,0.06269160851604161,-0.15703798680317838
15,1,1,57,2,positive,0.14044948085622488,-0.057750487903940835,-0.474860120946226,0.3757714171651694,-0.3757714171651694,-0.17897686451444933,0.10945483214105972
15,1,1,58,2,positive,-0.27791496767488827,0.15142506237499392,-0.14943063726861297,-0.4277956080909589,0.4277956080909589,-0.15127506132584137,0.36509786484674456
15,1,1,59,2,positive,-0.45906581522801393,-0.60941977943508,0.7578822484038159,0.016312499979276713,-0.016312499979276713,0.7035877571672551,-0.7588279960229809
15,1,1,60,2,positive,-0.060949475033227604,-0.9531789103500945,1.649060182097073,0.28990502642807453,-0.28990502642807453,1.3859141372286847,-1.7472342638820173
15,1,1,61,2,positive,-0.41154947770307676,-0.9743304960194592,0.8188942065390113,0.8245919899731255,-0.8245919899731255,0.8352480756403955,-1.1780028604374264
15,1,1,62,2,positive,-0.5014983665793886,-1.0581908062678793,1.198884081858065,0.9807083524740935,-0.9807083524740935,0.9637499272027403,-1.4068836639072175
15,1,1,63,2,positive,-0.4704547385347453,-0.2851232687993741,-0.09564826972389186,0.6075119832521183,-0.6075119832521183,-0.1060817283708777,-0.0020717646700555425
15,1,1,64,2,positive,-0.6837841184204454,-0.6347179314946815,0.6673007635100585,-0.09980854370158859,0.09980854370158859,0.662492994425082,-0.626476254039488
15,1,1,65,2,positive,-0.6118235498084739,-1.066236667695863,0.8710835342188219,0.8212159622298408,-0.8212159622298408,0.8789180084226987,-1.195866659901037
15,1,1,66,2,positive,-0.5034700566860053,-0.7533477691929891,-0.31023042509232934,1.717245178240835,-1.717245178240835,-0.09030078414673415,-0.34649752830382174
15,1,1,67,2,positive,-0.5376741534838247,0.5331132725947507,-0.9945664852088075,-0.33968995820936043,0.33968995820936043,-0.9306301660891747,1.299233591941067
15,1,1,68,2,positive,-0.47611497116157403,-0.06667645287770207,-0.598708237845686,0.19871207133379207,-0.19871207133379207,-0.35783530723598195,0.47073515162592794
15,1,1,69,2,positive,-0.19088959982048934,0.19231786439367143,-0.7426521867249342,1.9187633561997621,-1.9187633561997621,-1.1430862453087334,0.6590887576663832
15,1,1,70,2,positive,-0.06215114260427895,0.13561241655335482,-0.2894853752027,0.15182350691356641,-0.15182350691356641,-0.3034324247935366,0.31143067545684433
15,1,1,71,2,positive,-0.10527642470654208,-0.49306626611561294,0.5556755202412812,0.6367357575582605,-0.6367357575582605,0.4309540454411058,-0.7182658138829825
15,1,1,72,2,positive,-0.2281264372852118,-0.37192702079072354,0.26801388281496585,0.938925113082265,-0.938925113082265,0.07224779827321992,-0.3918707435556006
15,1,1,73,2,positive,-0.3842297170147469,-0.21306464370238148,0.02642096174008853,0.769687181468087,-0.769687181468087,-0.16276733521186693,-0.03416026606505229
15,1,1,74,2,positive,-0.2508126311108613,-0.652738840500221,0.5965443741756591,-0.13100195376419452,0.13100195376419452,0.8116500727765518,-0.82560471203262
15,1,1,75,2,positive,0.1224607665971747,-0.19066624863876178,1.020287595383086,0.022685304763546205,-0.022685304763546205,0.5640206010443333,-0.7620404296288922
15,1,1,76,2,positive,0.1858469805279141,-0.2205397953875997,2.28987745062634,0.9745056246237015,-0.9745056246237015,0.7209460642311173,-1.4584020109647269
15,1,1,77,2,positive,0.8232057017905384,-0.10461542184985195,2.9350806668452676,0.33460982899694464,-0.33460982899694464,1.2458409350628057,-1.983758606167755
15,1,1,78,2,positive,0.508169597421684,0.09463548857065177,0.9455836348159352,0.9319040276846763,-0.9319040276846763,0.07931424628032921,-0.6322411275481579
15,1,1,79,2,positive,0.3409824571215725,0.5197093266599638,0.8243521352781497,0.7243290552435573,-0.7243290552435573,-0.3727074809412422,-0.0629579695398973
15,1,1,80,2,positive,0.6855759685203597,-0.034517227922606086,3.288673469558133,0.8179902982367281,-0.8179902982367281,1.0866036078698609,-2.0216419469618527
15,1,1,81,2,positive,0.8133720101651853,-0.586077406500466,3.6429022638541007,0.7662552013115912,-0.7662552013115912,1.8160837640696976,-2.814214543510109
15,1,1,82,2,positive,0.673850475885174,-0.6223372182451057,4.295722961804931,0.2357255701656181,-0.2357255701656181,2.2002865074199347,-3.107123937090158
15,1,1,83,2,positive,0.603990881420845,0.6085889639369171,0.8326181447318709,-0.3998125883167755,0.3998125883167755,0.003551574219580078,-0.10971554913944082
15,1,1,84,2,positive,1.1444763218491254,0.4142041444777783,1.1786952152641956,1.5336958657009268,-1.5336958657009268,-0.15104558734031348,-0.7473816240788823
15,1,1,85,2,positive,1.4107128947889662,0.8312400426798423,0.971535342025522,1.2510412867902756,-1.2510412867902756,-0.4541710593384381,-0.3598840757274018
15,1,1,86,2,positive,1.8784141411851867,2.547057253024004,-0.5809156889873547,0.9385781316954742,-0.9385781316954742,-2.427417146189885,1.898308026925088
15,1,1,87,2,positive,1.3325295040754501,8.37708904382209,-1.512927967011353,0.49967283447824773,-0.49967283447824773,-8.603779476293473,8.467288275290041
15,1,1,88,2,positive,0.5807768915064295,4.0930069549654755,-1.3875533468224852,0.9711899660238895,-0.9711899660238895,-4.685662428745458,4.496395182623504
15,1,1,89,2,positive,0.8624446676078515,0.09305734818617972,-0.1772648811356839,0.16062848456306877,-0.16062848456306877,0.08179308578351988,-0.24953254504990408
15,1,1,90,2,positive,0.9333811550905616,-0.9175396549152969,1.2139812269513264,0.8857031343463099,-0.8857031343463099,1.3380927374804896,-1.9912208459362408
15,1,1,91,2,positive,0.34974768791797023,-1.2215914080834782,1.841466835395522,0.6602561433919474,-0.6602561433919474,1.7319108680573265,-2.3171986697402245
15,1,1,92,2,positive,0.07407896048461764,-0.8382205523815698,0.9377600328033411,-0.6504763162395734,0.6504763162395734,1.3923256555574137,-1.3441400490255493
15,2,1,0,1,neutral,0.0605994428349903,-0.07030960102980038,-0.4461839478649568,0.7820762831375392,-0.7820762831375392,-0.3189106616927015,0.12248265148518286
15,2,1,1,1,neutral,-0.2067169079973008,-0.4770741136936407,-0.040363830574762394,0.587641436956074,-0.587641436956074,0.19883338851759502,-0.3535337444076091
15,2,1,2,1,neutral,-0.45616147511312066,0.38972205191363024,-0.9310331097512299,0.45236684522809023,-0.45236684522809023,-1.002909195277777,1.0833193443458056
15,2,1,3,1,neutral,-0.30239156420911184,0.01104590856099652,-0.5367684808058732,0.4533390107262411,-0.4533390107262411,-0.44187892714140525,0.43062593106848907
15,2,1,4,1,neutral,-0.3167919106204802,0.4692816463454239,-0.5303457391976605,0.20082061405041463,-0.20082061405041463,-0.8186010676349424,0.8928504712544942
15,2,1,5,1,neutral,-0.14143470056851287,0.7758568379306376,-0.6996303906259648,0.4957132760846637,-0.4957132760846637,-1.2214496270236848,1.1963893835278765
15,2,1,6,1,neutral,-0.2612480992757073,0.992668840270745,-0.7448579173189442,0.5876356811467786,-0.5876356811467786,-1.5239160728512218,1.4957218485680708
15,2,1,7,1,neutral,-0.5675772383121428,0.7368241384398129,-0.6461126827106183,1.5224555460761877,-1.5224555460761877,-1.6488726274727958,1.3436690989511935
15,2,1,8,1,neutral,-0.5534670286314999,0.32285511335554307,-0.6925689254304158,1.1914983950642577,-1.1914983950642577,-1.1353665630642675,0.9458730903865009
15,2,1,9,1,neutral,-0.5896034473858474,1.8795264200442907,-1.3688632195362553,0.6232153835377661,-0.6232153835377661,-2.7400871035309136,2.858759753505342
15,2,1,10,1,neutral,-0.4288652486171421,2.887758301832216,-1.3640398300263266,0.7385738681827171,-0.7385738681827171,-3.7315846174409444,3.7842108411539503
15,2,1,11,1,neutral,-0.052661597088374895,2.5100529096625612,-1.1946159289417981,1.4373229929881741,-1.4373229929881741,-3.4049197493353436,3.1336916726776476
15,2,1,12,1,neutral,0.08855407348542538,1.5520621629875766,-0.8200368964725443,0.9755332163334756,-0.9755332163334756,-2.1210675094277747,1.9178035744811361
15,2,1,13,1,neutral,-0.08391313692971014,2.5271121350219925,-1.2314916865985897,0.5369271948538165,-0.5369271948538165,-3.1445561411493648,3.1848145467861424
15,2,1,14,1,neutral,-0.041561540172276534,2.62241062563802,-1.2736357283153152,-0.894686954283833,0.894686954283833,-2.762580730372606,3.280009259881816
15,2,1,15,1,neutral,0.03373072303354718,1.4086666661678797,-1.0053300642622474,-0.19896890952668903,0.19896890952668903,-1.6662101434018834,1.8944663367822299
15,2,1,16,1,neutral,0.21732281447808735,1.9080099603922707,-0.8632181366966285,-0.6680301561510961,0.6680301561510961,-1.9006316824147524,2.2309576215015414
15,2,1,17,1,neutral,0.16042866094104322,2.7826930780741863,-0.9104042292503893,-0.008294445485900396,0.008294445485900396,-3.029920119015335,3.1576808622288595
15,2,1,18,1,neutral,0.11265824056035856,6.783514905399425,-1.1864244244223094,-0.5865926934979978,0.5865926934979978,-6.945906068854076,7.3203979973304
15,2,1,19,1,neutral,0.25982917001442773,5.449740866146559,-0.9422745982705835,-0.3519813109227978,0.3519813109227978,-5.559895571924345,5.790963580274637
15,2,1,20,1,neutral,0.6271474170946929,4.4582934791627125,-0.7121460822961215,-0.6714261914355553,0.6714261914355553,-4.26281763708467,4.500792811763427
15,2,1,21,1,neutral,0.805952548175441,5.730633684727863,-0.8612506556682902,-1.0310405079480975,1.0310405079480975,-5.405386217909447,5.758282738474287
15,2,1,22,1,neutral,0.17530586034732015,3.628750568232769,-0.9464847201720882,-0.7826514219774019,0.7826514219774019,-3.6249263808485575,4.014339998145153
15,2,1,23,1,neutral,0.1506015352592161,0.4168065794621191,0.2667642878246744,-0.2827198595429065,0.2827198595429065,-0.18344468525318677,0.20812366792017384
15,2,1,24,1,neutral,0.03346711585079903,0.17634711697752287,1.3678394579499242,0.16696142658562627,-0.16696142658562627,0.23510126542750948,-0.5243061699228388
15,2,1,25,1,neutral,0.10423771425231598,0.36170697615731856,1.3586943119338581,0.28465204857169935,-0.28465204857169935,0.031053016380839626,-0.36975903693576845
15,2,1,26,1,neutral,0.10838387795808954,0.5022574012616638,1.000528820655874,0.4762814426683848,-0.4762814426683848,-0.29138031594647096,-0.05219894804531788
15,2,1,27,1,neutral,0.40789851566900304,0.3543785024412947,0.9675799448968345,0.4808108406840041,-0.4808108406840041,-0.05615596248068355,-0.3333607278416241
15,2,1,28,1,neutral,1.1196607326841743,3.389621650103157,0.02728409252775394,-0.11119093616339819,0.11119093616339819,-2.970243062978048,2.816149237497193
15,2,1,29,1,neutral,0.9933149450701728,2.9527417450923563,0.4008160556068967,-0.4219346197847051,0.4219346197847051,-2.3473865382717647,2.2556762447538214
15,2,1,30,1,neutral,0.10841241980110049,0.19268147099146454,1.6737482296845618,0.3629931333659542,-0.3629931333659542,0.2803743677151048,-0.6983988537513666
15,2,1,31,1,neutral,-0.25385123491359907,0.8572032035728278,0.17849282413709652,-0.5309245552652283,0.5309245552652283,-0.7053478220765859,0.8948824089610791
15,2,1,32,1,neutral,0.07455542432025854,1.3149859066018963,0.35834395082749604,-1.2717257044296713,1.2717257044296713,-0.7467775467427543,1.098536219028019
15,2,1,33,1,neutral,-0.09781088939827848,0.5171271235626365,0.3205554418877381,-0.8196075926508675,0.8196075926508675,-0.1696764085158608,0.4057548473179067
15,2,1,34,1,neutral,0.04280797967618094,0.8854641028502297,0.7159917611052209,0.5911326454645659,-0.5911326454645659,-0.829575071077951,0.5060642324595288
15,2,1,35,1,neutral,0.21413670207487157,1.4897113669437185,0.2545745469816677,0.2556454459122676,-0.2556454459122676,-1.4186894325622947,1.255355742415449
15,2,1,36,1,neutral,-0.2291735683193868,0.7615494345830168,-0.04371936509158335,-0.17570069577900363,0.17570069577900363,-0.7939468471270057,0.8979959012885019
15,2,1,37,1,neutral,-0.30001705305281595,1.2781990309061901,-0.1312691223654378,0.17442450551754393,-0.17442450551754393,-1.4801025912181227,1.493842118615317
15,2,1,38,1,neutral,-0.15059930762417495,0.6945055454252698,0.11942097608247346,0.3705696225108935,-0.3705696225108935,-0.8284215301094681,0.7100947111961206
15,2,1,39,1,neutral,0.1409872597854604,2.8140054890589905,-0.7464184361764016,0.045629317087364805,-0.045629317087364805,-3.031025653551759,3.116721077254461
15,2,1,40,1,neutral,0.4983450336479296,4.823086826484047,-0.854663427280649,-0.22213806534432035,0.22213806534432035,-4.86781360258018,5.001246023300407
15,2,1,41,1,neutral,0.7524024100601929,0.5632267009234573,0.4775535953431657,-0.2791222952772634,0.2791222952772634,-0.060200600696583284,-0.05175130177822207
15,2,1,42,1,neutral,0.7459980975013962,0.18526547248994535,1.1177613089259493,0.4598943751330404,-0.4598943751330404,0.28268953794148965,-0.7466142307237273
15,2,1,43,1,neutral,0.5069402803965525,0.3082545594675101,0.8156335317163039,0.2119578585612946,-0.2119578585612946,0.061950758383010396,-0.353032346588918
15,2,1,44,1,neutral,0.7156675018339178,1.637397547022131,0.0624524778893631,-0.443750890570183,0.443750890570183,-1.2301072569243097,1.2483375571604904
15,2,1,45,1,neutral,0.4714000675230691,1.7275166223310725,-0.21178464394201926,-1.4535944157653347,1.4535944157653347,-1.1564466758822776,1.5977089105405475
15,2,1,46,1,neutral,0.3683640202955908,1.882612799849486,-0.2184134708192399,0.11187972566887616,-0.11187972566887616,-1.8699225252469944,1.8076375251113106
15,2,1,47,1,neutral,0.6830750821320968,3.445482805089399,-0.4285921840151885,-0.41682610330085357,0.41682610330085357,-3.221713137950145,3.3182413560309447
15,2,1,48,1,neutral,0.6680492424927641,1.361161789401728,0.2640948039415456,-0.4741362843007925,0.4741362843007925,-0.892401679156694,0.8950897661845731
15,2,1,49,1,neutral,0.737097706234753,0.6620918673987107,0.20948730743182253,0.4342289819418202,-0.4342289819418202,-0.491306523490459,0.18879936056542296
15,2,1,50,1,neutral,1.2331635676007717,0.34764000991342875,0.39306221438982253,0.298621136727016,-0.298621136727016,0.09489487184109735,-0.4654728810818684
15,2,1,51,1,neutral,1.1271078092773559,0.9009782285937766,0.18935199007066214,-0.5970738189085506,0.5970738189085506,-0.2631336891749204,0.2427483289197676
15,2,1,52,1,neutral,0.5945649554430527,0.5579465743659356,0.6517401317706814,0.11672399601254928,-0.11672399601254928,-0.18141954396554072,-0.06520596924093136
15,2,1,53,1,neutral,-0.14099846012851175,-0.11747283649567805,0.6807707098720095,0.9504168670928582,-0.9504168670928582,-0.01940870262077543,-0.387358961367427
15,2,1,54,1,neutral,-0.1342486169329341,-0.41139371612746845,1.1951629958429089,1.6493689979642625,-1.6493689979642625,0.2152421764427059,-0.9418509055824559
15,2,1,55,1,neutral,0.34199181582971744,0.14814468342429923,1.1219944878819288,2.445015034623943,-2.445015034623943,-0.4751542603950648,-0.5838484684315239
15,2,1,56,1,neutral,0.4723605887093386,0.7890981558566449,-0.08361997397268901,2.532857208820163,-2.532857208820163,-1.503803687217816,0.59472784848832
15,2,1,57,1,neutral,0.6354438916201175,-0.2989065613475581,1.6029084869386419,1.3347951606016855,-1.3347951606016855,0.6000923006665828,-1.4180827506269378
15,2,1,58,1,neutral,0.3934452984054686,0.20103329558677843,0.5874061074801493,0.2859200167503478,-0.2859200167503478,0.030610500791644957,-0.28939240735603056
15,2,1,59,1,neutral,0.06275942778717514,0.13475457288219606,0.04347476675111934,-0.36149666427992294,0.36149666427992294,0.02115571339054309,0.08163747561304882
15,2,1,60,1,neutral,-0.1944958897638707,-0.4021955225908017,1.032221039412369,0.2745108966184738,-0.2745108966184738,0.5899336069341432,-0.8210580974150509
15,2,1,61,1,neutral,-0.009386391590457732,-0.19110882949358976,0.3816054125285186,0.2400201239682913,-0.2400201239682913,0.23517512848351294,-0.3772183399626202
15,2,1,62,1,neutral,-0.11172950974077304,-0.4067329720252154,0.5543334265705506,0.9033175526146837,-0.9033175526146837,0.2531617600969134,-0.6280349304401042
15,2,1,63,1,neutral,0.04274987433533206,-0.4144830627439811,1.152655823685992,0.7689601944621481,-0.7689601944621481,0.5566315639303732,-1.0121859117546432
15,2,1,64,1,neutral,-0.06309265214103982,-0.0632739168064822,0.39798007341732483,0.8407621005265952,-0.8407621005265952,-0.10535097627695453,-0.2307176274446247
15,2,1,65,1,neutral,0.23704510458158207,2.6616725836208603,-0.8587485648252504,0.876917007385298,-0.876917007385298,-3.1612127394971825,2.9725243137426944
15,2,1,66,1,neutral,0.051584531935467914,1.4306244377652144,-0.9503428972401796,0.32255632364752684,-0.32255632364752684,-1.8377293340826273,1.8800036204175703
15,2,1,67,1,neutral,-0.46854786261789994,0.564344062148814,-0.44175255736163954,-0.40938097192273654,0.40938097192273654,-0.7313172115010816,1.0194942721385838
15,2,1,68,1,neutral,-0.8550802254111403,0.2225470138725837,-0.7063258949893887,-1.120141166441111,1.120141166441111,-0.3696353318590564,1.0032500740728483
15,2,1,69,1,neutral,-0.4897260241964604,3.2991003239092604,-0.9069215027450767,-0.22396146295385755,0.22396146295385755,-3.68999567857182,3.997424087380029
15,2,1,70,1,neutral,0.0792527293724159,3.6202412081971005,-0.780639567733769,-0.2017721213822442,0.2017721213822442,-3.7867794471901366,3.970934627377777
15,2,1,71,1,neutral,0.406614138154982,2.45891892905425,-0.004198942328723268,-0.26052418789794923,0.26052418789794923,-2.237939134479514,2.2577113311411208
15,2,1,72,1,neutral,0.5018866844787669,3.0516481149325285,0.5494334316197755,-0.5303336602431529,0.5303336602431529,-2.524430189485297,2.525988056883257
15,2,1,73,1,neutral,0.36444748860054693,3.7625822440923358,-0.1830258288361256,-0.38049046527357583,0.38049046527357583,-3.575278202413003,3.671871414210125
15,2,1,74,1,neutral,0.8447809357184837,2.5835605020654073,0.9135615982070325,-0.8810328029493308,0.8810328029493308,-1.703768723107125,1.7043892351026493
15,2,1,75,1,neutral,1.2629516676162604,2.4174034605077552,1.7582553619712051,-0.5828266723068726,0.5828266723068726,-1.2160588932096426,0.9067999457140226
15,2,1,76,1,neutral,1.1876480527296753,1.8101499285944178,2.3895409891943538,-0.3194510162097657,0.3194510162097657,-0.5112699092164861,0.021555407632403156
15,2,1,77,1,neutral,0.7289439320375164,1.4940092763679411,0.6847819233233894,-0.005805159926034771,0.005805159926034771,-1.0208322712722944,0.7871463486874882
15,2,1,78,1,neutral,0.6156788738461954,0.5455569050446464,0.4945017821079005,-0.21192404327801553,0.21192404327801553,-0.10485533863394253,-0.009533422932401558
15,2,1,79,1,neutral,0.13201102238701143,-0.03535983061173298,1.2256680729316152,0.18944633679512493,-0.18944633679512493,0.4247707501195669,-0.7141993782710463
15,2,1,80,1,neutral,0.14062953429899158,-0.7087380426980285,2.5827222431189516,0.9402591160690541,-0.9402591160690541,1.3031022631476583,-2.070413931407
15,2,1,81,1,neutral,0.15387082773188998,-0.7602327965121025,2.8952285939727123,0.6187371274185723,-0.6187371274185723,1.5703535612741124,-2.2847825073644037
15,2,1,82,1,neutral,0.23452810437948968,0.42053954353737083,0.22990240665925174,0.010247627782968319,-0.010247627782968319,-0.2691452491187798,0.1883242880180001
15,2,1,83,1,neutral,0.14797986940867142,0.33877739204805435,0.29286997735690395,-0.035632478502698905,0.035632478502698905,-0.17994995029196292,0.11835246866526666
15,2,1,84,1,neutral,0.06839927341349131,-0.03233600472336062,0.8159330666436673,0.4839627895684256,-0.4839627895684256,0.16579252155293828,-0.4745021747519399
15,2,1,85,1,neutral,0.15852236825553412,-0.18056080247133727,1.3936639830115984,0.5310367882031936,-0.5310367882031936,0.5209439901593169,-0.9566539781049035
15,2,1,86,1,neutral,0.057161204788410885,0.5874612097337067,0.5996404871795123,-0.18364858602930734,0.18364858602930734,-0.3073111170679632,0.2590603637497451
15,2,1,87,1,neutral,0.17620188535267664,1.1363229260405683,-0.052066590235150235,-0.38963839776893483,0.38963839776893483,-0.9650650284117479,1.0742552784818051
15,2,1,88,1,neutral,0.1923425534587016,-0.24078502936055318,1.3265894179103905,-0.30372551799552766,0.30372551799552766,0.8483375258154264,-1.0002510150450992
15,2,1,89,1,neutral,0.28065293961114135,-0.5789637150010263,2.28713582609909,-0.1014184608465873,0.1014184608465873,1.4686994571866325,-1.862858097856142
15,2,1,90,1,neutral,0.6558968186563453,0.2656611075253801,0.8383012841158268,0.891712842389087,-0.891712842389087,-0.06483268739768508,-0.48143794386070593
15,2,1,91,1,neutral,0.37852609577975,0.8273502480395352,-0.24940397745603593,0.9629580177955123,-0.9629580177955123,-1.1052955478634678,0.7627891888776781
15,3,1,0,0,negative,0.29733257273023084,-0.1791925668558645,5.081085441632286,1.6881423369969764,-1.6881423369969764,1.409284459311045,-2.868401574037123
15,3,1,1,0,negative,-0.5119179074738622,-0.27130738797588017,1.398918929271713,1.3663150388605543,-1.3663150388605543,0.11153604895497901,-0.7148078988748056
15,3,1,2,0,negative,-0.3853846933011482,-0.16280120615170357,2.28712599010372,0.7994833108917082,-0.7994833108917082,0.530220534788658,-1.1136718545529893
15,3,1,3,0,negative,-0.01780361516087224,-0.20433745523581892,3.2864991250342452,-0.024933384576496232,0.024933384576496232,1.3022137533857752,-1.8386852101725055
15,3,1,4,0,negative,-0.4013907330480128,-0.23653890963428068,1.372456301963063,0.24708673803658357,-0.24708673803658357,0.47786518659376953,-0.7220716940918057
15,3,1,5,0,negative,-0.5268159857709112,-0.5308668453274931,-0.24695470311254927,0.8889006321294087,-0.8889006321294087,-0.023356928343463368,-0.14398150088576284
15,3,1,6,0,negative,-0.59429543005479,-0.556106711677286,-0.04853641795775061,0.6145308759546522,-0.6145308759546522,0.13698580368822166,-0.23469078767101564
15,3,1,7,0,negative,-0.4744603202805349,-0.8148421189755173,0.299189230549116,0.2869555103758536,-0.2869555103758536,0.6607665856064264,-0.7272065741098078
15,3,1,8,0,negative,-0.014512089962360336,-0.6745654961165936,1.2565422937950754,0.07122470094709998,-0.07122470094709998,1.0648339970784653,-1.2955805980329511
15,3,1,9,0,negative,-0.013848402346651772,-0.07394087472264005,1.545471494122591,0.6349115095432895,-0.6349115095432895,0.37284473546685665,-0.8397524206106097
15,3,1,10,0,negative,-0.2207204444316952,-0.3119515968974831,1.6342049080225216,0.8412959967690558,-0.8412959967690558,0.5026810858380732,-1.0186938286928964
15,3,1,11,0,negative,-0.03321764046999151,-0.4976420257842996,1.5156935893516525,-0.02205988108132208,0.02205988108132208,0.999153969105294,-1.2388800002251301
15,3,1,12,0,negative,-0.3957456234849558,-0.5596425477970636,0.6630292632570195,0.3671258673770755,-0.3671258673770755,0.5263618052620597,-0.6932843676830954
15,3,1,13,0,negative,-0.3971404444080161,-0.6010558371267761,1.4233228515491747,0.15241908959835554,-0.15241908959835554,0.8923102763077104,-1.1141470406973553
15,3,1,14,0,negative,-0.3545226627071294,-0.10096315925971305,1.0646246197321159,-0.3466577800625174,0.3466577800625174,0.4532164049555477,-0.4560141377722063
15,3,1,15,0,negative,-0.48844705573205505,0.027289327008389097,0.2521990263439143,0.3882023522829865,-0.3882023522829865,-0.2354394542320982,0.14541334170245948
15,3,1,16,0,negative,-0.5603834626260566,-0.33449146271157465,0.2504881327589231,-0.1927326654065706,0.1927326654065706,0.29543724122472037,-0.17954379777800789
15,3,1,17,0,negative,0.11861335682443624,-0.49919550979034916,1.3512192875538922,-0.18454826434739444,0.18454826434739444,1.0506558126989234,-1.2341118319795135
15,3,1,18,0,negative,0.3474508997957748,-0.22284298809029007,1.8274112507878424,-0.3031717120771395,0.3031717120771395,1.0488542756438757,-1.3102740633820986
15,3,1,19,0,negative,-0.3198208425822137,-0.48968820675345864,2.2751935444695737,-0.9034362163429059,0.9034362163429059,1.442624512830214,-1.4673745576971386
15,3,1,20,0,negative,-0.4128526638960886,-0.26263147213322124,2.1377955074572057,-0.5727197033540543,0.5727197033540543,1.0285189877716117,-1.12510289391378
15,3,1,21,0,negative,-0.18579357134214422,-0.041153222450051485,2.4039221033045024,0.23255201158343639,-0.23255201158343639,0.7030120625763588,-1.1502174884312306
15,3,1,22,0,negative,-0.34793862867008357,-0.21023702399188168,2.2183447942779146,1.4081982869713732,-1.4081982869713732,0.364306316870701,-1.145440106795797
15,3,1,23,0,negative,-0.343449512644082,-0.06697217886965143,1.5021338119834493,0.969846122752151,-0.969846122752151,0.12991823773205688,-0.6463143285393351
15,3,1,24,0,negative,-0.21370254038207365,-0.4221799084252739,1.9208406426860913,1.2104415295815059,-1.2104415295815059,0.5877454326661112,-1.2757489595772828
15,3,1,25,0,negative,-0.051428234335004014,-0.7006271008227236,2.9836141175101067,1.0867521076714342,-1.0867521076714342,1.3157716926572798,-2.166720042410275
15,3,1,26,0,negative,0.3383853675112671,-0.5650762679175502,2.352938006387883,0.006274331923475522,-0.006274331923475522,1.460092615242775,-1.910737954867125
15,3,1,27,0,negative,0.9537721166934416,1.5614851884359342,-0.4463961317497275,0.278690616732344,-0.278690616732344,-1.4852567323654775,1.307797195964077
15,3,1,28,0,negative,0.9515438005697824,1.401236673261133,-0.6969859926846201,0.37029529070644157,-0.37029529070644157,-1.4398158342015595,1.2739577693185518
15,3,1,29,0,negative,0.24002884537206337,-0.027444652020347127,0.6291496806564048,0.5790386874609932,-0.5790386874609932,0.12415793154283877,-0.4620339150345812
15,3,1,30,0,negative,0.7719356045113408,0.5910631814839775,0.48097697303022713,1.2568776485103625,-1.2568776485103625,-0.592384871806909,-0.03539310728680645
15,3,1,31,0,negative,0.7183921960886939,-0.1903132918603597,1.3431333141732442,-0.3430839695634098,0.3430839695634098,0.9918497851354757,-1.2210760469913287
15,3,1,32,0,negative,0.302778653497531,-0.2306673446758452,1.1561679762553687,-0.4926317961455408,0.4926317961455408,0.8811934866419922,-0.960140659552295
15,3,1,33,0,negative,-0.17325082514989346,-0.5713613032189384,0.9820877719446133,0.26349007860978374,-0.26349007860978374,0.7531435926139171,-0.9757797766162983
15,3,1,34,0,negative,-0.4856305659696317,-0.6290721668144227,1.6639220687264251,0.685070611245643,-0.685070611245643,0.7934791306514728,-1.2182179181928192
15,3,1,35,0,negative,-0.8964456048870624,-0.6401631032433338,1.5407302859116572,0.7531572081714053,-0.7531572081714053,0.6038722608610636,-0.9623054437556312
15,3,1,36,0,negative,-0.7102450331047454,-0.396686152474952,1.4913917424076935,-0.4624965219180777,0.4624965219180777,0.8112338962152938,-0.787259507126426
15,3,1,37,0,negative,-0.4871349944373772,-0.17703846645109872,1.7635481792336443,-0.3495693068093575,0.3495693068093575,0.7190326303196402,-0.8152450588492322
15,3,1,38,0,negative,-0.6005185616512339,-0.14437487812747468,1.6831247834137,-0.1761569150475728,0.1761569150475728,0.5639625903974876,-0.6856779890087077
15,3,1,39,0,negative,-0.6076787672687292,-0.20231056530752445,1.5843462928527845,0.10499057107741616,-0.10499057107741616,0.4928695501430708,-0.6906443280995521
15,3,1,40,0,negative,-0.2169236509984938,-0.2950435264862689,2.5142944466495276,0.6569516177035463,-0.6569516177035463,0.8418499191354314,-1.443728924311786
15,3,1,41,0,negative,0.329368711372547,-0.028334788640012154,2.6068374105704226,0.675632197200807,-0.675632197200807,0.7818594302207331,-1.496437849611497
15,3,1,42,0,negative,0.18951493357880728,0.0502501856873771,2.3971867465544765,0.33221364133743553,-0.33221364133743553,0.7012458272445723,-1.2431006543792646
15,3,1,43,0,negative,-0.32507305634328076,-0.2443379440252309,1.861495849290961,0.8555257943483849,-0.8555257943483849,0.471303610224996,-1.012549340499071
15,3,1,44,0,negative,-0.2689531415370528,-0.3656483195083687,2.0474158701831957,0.282823268470316,-0.282823268470316,0.8641948062336443,-1.2548796838314402
15,3,1,45,0,negative,0.08308050244828082,-0.12164573734739687,3.1925131864636977,-0.15217321180098428,0.15217321180098428,1.264234704251718,-1.7594425818033863
15,3,1,46,0,negative,0.18921733118321998,0.036882362954407805,2.1833504585881736,-0.15044400211539902,0.15044400211539902,0.8041215676745231,-1.1494015319312891
15,3,1,47,0,negative,-0.1396094341428563,-0.02144398452910884,0.940991094711827,0.25602236611629814,-0.25602236611629814,0.203230416013333,-0.42213481481359416
15,3,1,48,0,negative,0.06169292889368984,-0.19032894289042784,1.093763569463717,0.5508097998860209,-0.5508097998860209,0.3918778423808898,-0.7680571920691313
15,3,1,49,0,negative,-0.030259752301933535,-0.3400329771901991,1.0474534822465809,-0.012876448147259634,0.012876448147259634,0.6833897032208347,-0.8486298421625228
15,3,1,50,0,negative,-0.08010266466799693,-0.11722384228309127,1.0626418901703512,1.2013810802373064,-1.2013810802373064,0.044276557371440525,-0.6084934550342683
15,3,1,51,0,negative,-0.44972672919910217,-0.23251025896575916,1.4242970705862001,1.2840021697529667,-1.2840021697529667,0.1293663161771363,-0.7197954296593081
15,3,1,52,0,negative,-0.15706897446974252,-0.6377879743958028,2.591217008313502,1.0596012017092937,-1.0596012017092937,1.0959702517739582,-1.8548619913176827
15,3,1,53,0,negative,-0.3215976071084537,-0.12624894704346673,0.7463457651330914,1.0005471254250284,-1.0005471254250284,-0.06568404208999684,-0.33862302605578554
15,3,1,54,0,negative,0.13130850427502128,0.7039246111592845,0.30622685844107045,1.2480040336060452,-1.2480040336060452,-0.974080834789269,0.48515692980123865
15,3,1,55,0,negative,-0.021513965090824053,0.10866251753550292,0.8937721186120176,1.103438061661221,-1.103438061661221,-0.18572248691551208,-0.3274665592250938
15,3,1,56,0,negative,0.48645739562933205,0.07999470804668306,0.9271816276312781,-0.2556267325625367,0.2556267325625367,0.47642721056103254,-0.626824803583622
15,3,1,57,0,negative,0.8200982444794382,0.16526885479009457,0.44512627154325196,0.6183221796501125,-0.6183221796501125,0.050365257334098024,-0.46734340322125056
15,3,1,58,0,negative,0.16717226650855188,-0.6327011329606805,2.3881092371280834,0.8252473699794051,-0.8252473699794051,1.2093791775130907,-1.9103418847789984
15,3,1,59,0,negative,0.02602451509688962,-0.2197932521461306,1.353367377188884,1.0598799272275823,-1.0598799272275823,0.326297240498861,-0.9094891982890174
15,3,1,60,0,negative,0.11052138069113367,-0.05256311465928257,1.1951527189548041,1.1399620839405424,-1.1399620839405424,0.10780045322774767,-0.7054001644822514
15,3,1,61,0,negative,0.6808871562773595,0.6831685682329733,0.2163264517460237,0.6855885744018865,-0.6855885744018865,-0.6126268903591411,0.23456176422128172
15,3,1,62,0,negative,0.4687055751497439,1.0128419771429955,-0.11786392269341506,0.1736023509283148,-0.1736023509283148,-0.9537622099669908,0.837421150914831
15,3,1,63,0,negative,0.18869087736065793,0.43952983660844963,0.8185405986838831,0.3452911831607553,-0.3452911831607553,-0.21888307231385434,-0.06408590141382092
15,3,1,64,0,negative,0.02178777776744198,0.15989361434049162,1.5692699940758827,0.4534514855994492,-0.4534514855994492,0.21930848107413356,-0.6356352715811707
15,3,1,65,0,negative,-0.2160672827244295,-0.16470232710600816,1.81608196086406,-0.7148130772533406,0.7148130772533406,0.9363115789036652,-0.9647096661758234
15,3,1,66,0,negative,-0.13624552865452588,-0.05632190755545202,2.033372734979414,-0.6070882651935611,0.6070882651935611,0.8910603980616019,-1.0048855107178962
15,3,1,67,0,negative,0.21488614133711353,-0.04776991953934345,2.1537399180119396,0.31010203046549817,-0.31010203046549817,0.7339445958338617,-1.23208294921387
15,3,1,68,0,negative,0.7954091180396784,0.6977263688136396,0.16322974068390797,0.2110363903864302,-0.2110363903864302,-0.4485255460345875,0.21840693945184642
15,3,1,69,0,negative,0.7185332872888959,0.5468709471903944,0.26830652280807493,0.21324207482932067,-0.21324207482932067,-0.289005035434511,0.05345104214190899
15,3,1,70,0,negative,-0.1044956073763611,-0.0457030003390993,1.5399713964712225,0.5966057131901013,-0.5966057131901013,0.3253263589740193,-0.7634408948865299
15,3,1,71,0,negative,0.2748331907224922,-0.16044641492882228,1.4363043239019504,0.32007502003184723,-0.32007502003184723,0.6241339131263541,-1.0160151722410435
15,3,1,72,0,negative,0.40262299977894145,-0.6306839337629992,2.257532189879854,0.12230294580007771,-0.12230294580007771,1.4766346817159053,-1.960761528592397
15,3,1,73,0,negative,0.08860765207276618,-0.3787118490281475,2.2751080435011275,1.0006968215893768,-1.0006968215893768,0.833051473689653,-1.5605696968150942
15,3,1,74,0,negative,0.3883182139904582,-0.2245793943543563,1.7620085640433973,0.6894622495234787,-0.6894622495234787,0.7115342371911487,-1.2997427833712842
15,3,1,75,0,negative,0.4516974043696732,13.745137404786654,-1.7249892394086672,1.051614616703449,-1.051614616703449,-14.520106222034135,14.38178332230615
15,3,1,76,0,negative,0.056370389487022,15.596067007929985,-1.749841537976536,1.3831190932687063,-1.3831190932687063,-16.621597088516058,16.442802582174743
15,3,1,77,0,negative,-0.0023212034841104054,-0.6724925334562579,2.9039488830346185,0.3324742707202278,-0.3324742707202278,1.5288770030663512,-2.123306373231512
15,3,1,78,0,negative,-0.14159974143472753,-0.1705188732829901,1.7937925225740239,-0.14932385769286485,0.14932385769286485,0.7710244195603771,-0.9966152638526382
15,3,1,79,0,negative,0.2666105569352467,0.2572002740330615,1.2001809359032887,0.3325977199095497,-0.3325977199095497,0.12086431694326705,-0.47619547238620624
15,3,1,80,0,negative,0.09166303265577362,-0.40158387020511677,2.173002793604019,1.6653945311271974,-1.6653945311271974,0.6013409685826485,-1.533916783335013
15,4,1,0,0,negative,0.6210668439714935,3.8974711819665795,-1.4004231099464142,0.819898905705259,-0.819898905705259,-4.430556239193306,4.28714931495404
15,4,1,1,0,negative,-0.4421210209385086,-0.21191022183039757,-0.4077300600047738,0.2825243013747657,-0.2825243013747657,-0.16554823894228513,0.21301531864124365
15,4,1,2,0,negative,-0.6252048673352131,-0.3409194754971504,-0.10230145291159361,-0.49479065485714524,0.49479065485714524,0.2633475870339299,0.02283368462625296
15,4,1,3,0,negative,-0.5838311480418943,-0.13597433151845217,-0.2272286077723424,0.5798047552934663,-0.5798047552934663,-0.3276471721841155,0.2695555463886662
15,4,1,4,0,negative,-0.04213175404271688,-0.3821602792403618,-0.13652837692280212,0.7503616961743127,-0.7503616961743127,0.07248633686041789,-0.29283021375760226
15,4,1,5,0,negative,-0.3804383969254391,-0.5293787867667661,2.13585205062936,1.5810252050223204,-1.5810252050223204,0.587508269660633,-1.4070856136187266
15,4,1,6,0,negative,-0.24741074486886075,-0.22021533045891056,1.6800727450621957,0.8271233344685117,-0.8271233344685117,0.422061552367185,-0.9365463305555781
15,4,1,7,0,negative,0.15111924915011124,-0.47167429694987795,2.134010410178345,-0.13573577380802157,0.13573577380802157,1.2786294413287038,-1.614239126614106
15,4,1,8,0,negative,-0.31879220136043307,-0.4968053041701109,1.286904677837362,-0.3608147805142911,0.3608147805142911,0.9397810565005176,-0.9808615424085754
15,4,1,9,0,negative,-0.5504018183267501,-0.4244016824040513,1.5876290119785974,0.3304800520146579,-0.3304800520146579,0.6599840629497811,-0.943015279229975
15,4,1,10,0,negative,-0.2172164789834501,-0.24808252146703297,2.5877164166805486,-0.7510196118670168,0.7510196118670168,1.2885890379884049,-1.4333324903155822
15,4,1,11,0,negative,-0.577717632137168,-0.08500249895286227,1.5814381039121586,-0.9980934248918087,0.9980934248918087,0.7522737978417954,-0.5868627348403576
15,4,1,12,0,negative,-0.6750327378690547,-0.10735993117644158,1.0987795231118607,-1.0800603967577895,1.0800603967577895,0.6086289918433068,-0.3192333237978445
15,4,1,13,0,negative,-0.3834998186664267,0.04795453659353585,1.1498159737673253,0.2933829668091896,-0.2933829668091896,0.10968985950370047,-0.3352035409569134
15,4,1,14,0,negative,-0.39866565205134685,-0.13677052565354464,0.9623670760764735,-0.017978184410286147,0.017978184410286147,0.33066372846534886,-0.418621237666108
15,4,1,15,0,negative,-0.2550529286682314,-0.2571962452486785,1.6335611107397279,0.08315598547607574,-0.08315598547607574,0.6889803107804854,-0.9464503362844268
15,4,1,16,0,negative,-0.06033352105927491,0.11705491393985828,0.754695811840629,-0.5489746802694185,0.5489746802694185,0.29739074307706587,-0.23012623145081873
15,4,1,17,0,negative,0.10466152078084448,-0.11178024882974671,1.1003364623821357,0.588668868631963,-0.588668868631963,0.31722328700675245,-0.7142792404112368
15,4,1,18,0,negative,0.08401078741035908,0.1210101531757563,1.3795280985665235,-0.15316934452253858,0.15316934452253858,0.41789259032405074,-0.610759289812685
15,4,1,19,0,negative,0.08757307337817766,0.02516307337777418,1.8803077248644744,0.13663464765334507,-0.13663464765334507,0.5852523101519949,-0.9587773257435519
15,4,1,20,0,negative,-0.09658672963173537,-0.1944057684740177,2.82834299351762,-0.8640048109286514,0.8640048109286514,1.3929927934121964,-1.56028390041696
15,4,1,21,0,negative,0.9515317239856458,-0.07714963745867322,2.049995131910506,-0.9447483523258705,0.9447483523258705,1.3925747068660141,-1.5779130654067492
15,4,1,22,0,negative,0.8855827654205869,-0.2912643200692199,2.372899688196786,-0.29821692545967826,0.29821692545967826,1.47683077976157,-1.9205055468779064
15,4,1,23,0,negative,-0.05188231677923917,0.2688500869045125,1.6852371033567635,-0.049352359283848846,0.049352359283848846,0.29205229504927843,-0.5478273063842496
15,4,1,24,0,negative,-0.218268010893641,0.0828285913316337,0.9335620405460557,-0.3843913964158761,0.3843913964158761,0.28373321735779655,-0.27481842349457364
15,4,1,25,0,negative,-0.11469205760331888,-0.4935676579404327,1.8850261637245438,-0.5409629079189471,0.5409629079189471,1.2639999959538235,-1.3787347110010453
15,4,1,26,0,negative,-0.11380223540948245,-0.38481546911202685,2.1904423681518757,0.4671573580903068,-0.4671573580903068,0.9213097273293891,-1.4231355354832236
15,4,1,27,0,negative,1.0639622120713934,-0.08411617186449272,1.8109473683401356,-0.21992700727306838,0.21992700727306838,1.1157283677593586,-1.5215709620702573
15,4,1,28,0,negative,1.5084605843962715,0.02956893108136047,0.9834517859368778,-0.7621971493799641,0.7621971493799641,1.0551342421563439,-1.216387254085214
15,4,1,29,0,negative,0.4353071171513427,-0.23239175838485704,1.2851113299267805,-0.212802427835314,0.212802427835314,0.8767987166893361,-1.0926009819239186
15,4,1,30,0,negative,0.7740205589664411,-0.20412348018246212,1.0797241390805767,0.7095404315265613,-0.7095404315265613,0.5855249023559477,-1.130995829205971
15,4,1,31,0,negative,0.05780084833272284,0.09532680888246334,0.21995213319415383,1.1372261333389326,-1.1372261333389326,-0.38181785948648195,-0.043549681880974994
15,4,1,32,0,negative,0.3661780721053931,0.13115662555914306,0.33000869592112597,0.21805772903559958,-0.21805772903559958,0.028219720771163415,-0.21693675845411645
15,4,1,33,0,negative,0.20134870895944212,-0.24967315370301846,1.79765833755152,-0.17282805708820895,0.17282805708820895,0.9736181882360755,-1.2491766769584995
15,4,1,34,0,negative,0.1613918111301555,0.08034492583934877,1.570428017019492,-0.2943015810031648,0.2943015810031648,0.5950288772115886,-0.7855649882354749
15,4,1,35,0,negative,0.2967214992920094,0.29011252463327486,1.0872892227019397,-0.8849473631986094,0.8849473631986094,0.46620683709757793,-0.40189283636369966
15,4,1,36,0,negative,0.2093884076715261,0.02612740433691263,1.7927738750052542,0.6772524314743563,-0.6772524314743563,0.415509212730562,-0.9749537370014776
15,4,1,37,0,negative,0.5781910978831907,0.3138302411463252,2.2270270017046183,-0.2662979190415597,0.2662979190415597,0.710008431730131,-1.0887788086475794
15,4,1,38,0,negative,0.11730762056779703,0.5600423937106388,1.4127754213174206,-0.8525031995866607,0.8525031995866607,0.23415302011332062,-0.20499912723197
15,4,1,39,0,negative,-0.34452122554233167,-0.14438735764305025,1.725961258763835,-0.19301387549887528,0.19301387549887528,0.6692053272165097,-0.8351073742538019
15,4,1,40,0,negative,-0.13390896721910484,-0.20488405646088803,1.0991405818964097,-0.06312394320526617,0.06312394320526617,0.5476692424217451,-0.6874998637995404
15,4,1,41,0,negative,0.0007989503270314224,0.24861103387511718,0.22053176499568902,-0.3014167499682225,0.3014167499682225,-0.07436187877813619,0.13794567621375697
15,4,1,42,0,negative,-0.053875812456289404,0.5153029297467066,0.3575668103787937,-0.46789063754804566,0.46789063754804566,-0.2581090512565232,0.36345743078545445
15,4,1,43,0,negative,-0.27067228553792777,0.4078089658378721,0.4096313127439488,-0.6029833178808427,0.6029833178808427,-0.16049485080891748,0.33832945223486155
15,4,1,44,0,negative,-0.06678348847189808,-0.35092519204437567,1.7652035241261252,-0.31757216532617044,0.31757216532617044,1.0229225923711747,-1.2001352098714893
15,4,1,45,0,negative,0.33273653038797885,0.11267743070158345,1.1218445444617002,-0.46789029803343457,0.46789029803343457,0.5281463602594544,-0.6146131067232561
15,4,1,46,0,negative,0.5645836001183849,0.44017634411027184,1.422144773179983,-1.2619303642626996,1.2619303642626996,0.6427099017434174,-0.5531878425389122
15,4,1,47,0,negative,0.45772626043252296,0.4296130521103796,1.2034106806496936,0.10654676832813277,-0.10654676832813277,0.08858367214098173,-0.4009554184307287
15,4,1,48,0,negative,0.26689071582402213,0.7478565493119653,0.199285153496751,0.8815017506168837,-0.8815017506168837,-0.8862985097440021,0.5147686146515787
15,4,1,49,0,negative,0.4557733003023158,0.9633691324408279,0.018527752085514205,-0.2123988280358083,0.2123988280358083,-0.7344691722996152,0.7262186062469129
15,4,1,50,0,negative,0.6279411873507993,0.47300144138164213,0.8454783078797845,-0.4217497635255596,0.4217497635255596,0.15872164487040574,-0.2637083062336498
15,4,1,51,0,negative,0.6408106231549437,0.19041725591234307,1.6468270628178125,-0.7882858873492781,0.7882858873492781,0.8348906018616683,-0.953401587074035
15,4,1,52,0,negative,0.7958815091140605,0.45235265223874954,2.1141528066869975,-0.5698423213026054,0.5698423213026054,0.7076062267958048,-1.0026645056617793
15,4,1,53,0,negative,0.4010235018180513,-0.19863560737982489,1.5922704684852063,-0.6383990447335076,0.6383990447335076,1.07586661239208,-1.1952825925314536
15,4,1,54,0,negative,0.3414296747077123,-0.28427977832076434,1.3233008211252701,0.6669638957849172,-0.6669638957849172,0.6168686450034528,-1.1166450262372556
15,4,1,55,0,negative,0.08450274869259772,-0.06668850568004867,1.1755628970920866,0.18565723180575347,-0.18565723180575347,0.42482464367302564,-0.6967213285723909
15,4,1,56,0,negative,0.15841030927559752,-0.24096923198062978,1.7860186142999523,0.3755495337258596,-0.3755495337258596,0.7639290285971932,-1.2131836937684046
15,4,1,57,0,negative,0.8485304626503423,0.7983103758369032,-0.15811511302754308,0.506465919677457,-0.506465919677457,-0.7369938991884558,0.45310270102550365
15,4,1,58,0,negative,0.9053931236371618,0.21452144055076267,0.33204247894523276,-0.19152860562248608,0.19152860562248608,0.2617999621841976,-0.4041963607404347
15,4,1,59,0,negative,0.24303587030076979,0.2565338323099248,1.6685531970952467,-1.103228329205852,1.103228329205852,0.748405299890698,-0.6992607013880834
15,4,1,60,0,negative,-0.39960848765449586,0.11241323215366195,1.2507994353916159,-0.6275708656509795,0.6275708656509795,0.3805073723090379,-0.31318224171489806
15,4,1,61,0,negative,-0.38084208992321655,-0.14549967603907749,1.8761045225709456,-0.3517298219607339,0.3517298219607339,0.7611637609085651,-0.893130892362942
15,4,1,62,0,negative,-0.21849949264861449,-0.04295197775081344,1.4870712008800926,-0.4695737791937516,0.4695737791937516,0.6223338068925566,-0.6772378318665524
15,4,1,63,0,negative,-0.40310371186540805,-0.17753187494718203,1.937965164860331,-0.6452956569272503,0.6452956569272503,0.9042509115879065,-0.9449626014446436
15,4,1,64,0,negative,-0.22057198376281645,-0.02862758586753192,0.9165035701887282,-0.23859482179668265,0.23859482179668265,0.3401363886083967,-0.37659337908048773
15,4,1,65,0,negative,0.1096885774365641,0.47416395334321004,0.4180137470704453,-0.6195313221312421,0.6195313221312421,-0.09175273779712628,0.21031279108970535
15,4,1,66,0,negative,0.19537305497431645,0.2667141960390452,0.8122168228075831,-0.2649328860182661,0.2649328860182661,0.15746005856100992,-0.2370807428519045
15,4,1,67,0,negative,0.15477695190506802,-0.05096166784819356,1.4949547076698284,-0.5119237950492157,0.5119237950492157,0.7715134860562309,-0.8758274976356418
15,4,1,68,0,negative,0.10337294334437541,-0.04300548884802241,1.5728230605187548,-0.21294105081261674,0.21294105081261674,0.6727178404066048,-0.8811034907795876
15,4,1,69,0,negative,-0.25865870022279525,-0.14085047184202312,1.5727175462656842,-0.035978027382382795,0.035978027382382795,0.5908627629837804,-0.7978798948634676
15,4,1,70,0,negative,0.004671053089412569,-0.21849336252723642,2.3303192421103582,0.042497046314348495,-0.042497046314348495,0.9826577788223771,-1.3859885101271219
15,4,1,71,0,negative,0.1674330220838257,-0.26700581744883295,1.688561263576218,-0.21387649727715052,0.21387649727715052,0.9569627450945644,-1.1950029602788548
15,4,1,72,0,negative,0.0023402140943526994,-0.29809400930360125,0.6776669124052407,-0.19499944811106337,0.19499944811106337,0.5897628675071536,-0.6380975725533979
15,4,1,73,0,negative,-0.30479129610462175,-0.31589452932162243,0.6542443033059123,-0.21412028722403353,0.21412028722403353,0.5037522941300638,-0.4906210329222677
15,4,1,74,0,negative,-0.32794206264520087,-0.3177349490055874,0.826425847876326,-0.31968998661834336,0.31968998661834336,0.5904595396220769,-0.56697684162115
15,4,1,75,0,negative,0.06291670411211711,-0.31346269856613684,1.15857679267751,-0.038590865449648716,0.038590865449648716,0.733490819312562,-0.9242094469609503
15,4,1,76,0,negative,0.19932861483877642,1.4916437219500598,-0.15386347019809926,-0.8631853162704862,0.8631853162704862,-1.188760234979672,1.4689111496297211
15,4,1,77,0,negative,0.1953593981386485,2.2501785864926305,-0.38287544664643963,-0.6409606806432161,0.6409606806432161,-2.099030375780822,2.343936610746526
15,4,1,78,0,negative,0.11271027574610841,1.3804227879122746,-0.15960587936501694,-0.7681601990761746,0.7681601990761746,-1.1400012560931858,1.4038705897217287
15,4,1,79,0,negative,-0.26307374295453323,-0.5178713103952994,1.4747458949016996,0.12563361590545732,-0.12563361590545732,0.8798841557425359,-1.1237073863688827
15,4,1,80,0,negative,0.13366785887021296,-0.3566405072239412,1.839943919952752,1.2793503456421809,-1.2793503456421809,0.5880609849508692,-1.3434463966354238
15,4,1,81,0,negative,0.21577518428268744,0.43099899998675084,0.8873408223860665,0.1923681396105803,-0.1923681396105803,-0.1274163776340263,-0.12055900334762615
15,4,1,82,0,negative,-0.13709178788971765,0.6033302066320317,0.5438396248411014,-0.26018513767558377,0.26018513767558377,-0.38101921508970926,0.3999562881563399
15,4,1,83,0,negative,0.1721056190768776,0.4257637814588695,1.198590615130573,-0.3763020120901008,0.3763020120901008,0.1565689673069809,-0.2595843356448557
15,4,1,84,0,negative,0.03319768719677793,0.32648767373261905,0.7321597260198611,-0.18334863174583227,0.18334863174583227,-0.010252325411795271,-0.056191032875700486
15,4,1,85,0,negative,0.3699572464672894,0.21802333116299544,0.8614342703240085,-0.034427053041431975,0.034427053041431975,0.20391619211458117,-0.3976724272326535
15,4,1,86,0,negative,0.6793622682983766,-0.1085602192301803,1.4202227116602162,-0.8105819085991218,0.8105819085991218,1.0786158487494184,-1.1583527092094765
15,4,1,87,0,negative,0.6601618391908749,-0.16456796396038326,1.5363119900363122,-0.31398546293711976,0.31398546293711976,1.0013877280151522,-1.2628048785739767
15,4,1,88,0,negative,1.863394875600536,2.9170098201061485,-0.4377153300374718,-0.10268500544354213,0.10268500544354213,-2.407554969770613,2.2041700473246166
15,4,1,89,0,negative,1.7964365484052927,3.254980470869559,-0.6086104740513015,-0.8008859631177906,0.8008859631177906,-2.592076458378965,2.6610674336925637
15,4,1,90,0,negative,0.625859366367817,0.6144489519100094,0.6152876571048954,-1.0400997783042423,1.0400997783042423,0.1459666486823088,-0.006124559826346854
15,4,1,91,0,negative,0.5697840385620401,0.43219990088236965,1.0619583565029933,0.0033949217595191047,-0.0033949217595191047,0.11058259021946842,-0.38367129665014704
15,4,1,92,0,negative,0.5511848718327846,-0.23826259243315187,2.5546559457186673,1.0331844882369945,-1.0331844882369945,0.9291480355379711,-1.7911830012088779
15,4,1,93,0,negative,0.4735673500349518,0.24499471537068782,0.8104823607587893,1.0090365356794266,-1.0090365356794266,-0.15332365699924963,-0.39703014002618275
15,5,1,0,1,neutral,0.2596080571026403,-0.6924157308531679,1.8761244052735069,1.730062397412395,-1.730062397412395,0.8276390858410853,-1.7602819620412413
15,5,1,1,1,neutral,-0.3881063701999193,-0.40198212081415435,0.8903934589190319,1.212068339661031,-1.212068339661031,0.16538837050018157,-0.6531256651737107
15,5,1,2,1,neutral,-0.696969998274207,-0.6615712589717129,0.3058857562797738,0.17311878010452234,-0.17311878010452234,0.4735035849387277,-0.4660291379744963
15,5,1,3,1,neutral,-0.6215182648224759,-0.88988346800775,0.39011713207899823,-0.06915353693382548,0.06915353693382548,0.8358009360711993,-0.7741829016360111
15,5,1,4,1,neutral,-0.265951194072366,-0.47320106440930987,0.8385744107445623,1.1387963495340043,-1.1387963495340043,0.2844766867887072,-0.759512672745408
15,5,1,5,1,neutral,-0.016357143669062532,-0.6840476410071622,1.6575847717038652,1.4067910005997375,-1.4067910005997375,0.7621931834855172,-1.5046614550245634
15,5,1,6,1,neutral,0.2807118240436672,0.057012590373632495,0.9551361335522227,0.9424737586718712,-0.9424737586718712,0.04077880926770704,-0.5609113884243124
15,5,1,7,1,neutral,0.2682385119553714,0.2114383008563382,1.0027355638746775,0.8075035985600741,-0.8075035985600741,-0.05694814176634658,-0.4240487370586863
15,5,1,8,1,neutral,0.49151431484461605,0.49502842239916545,0.7435253630899542,0.1911226946062723,-0.1911226946062723,-0.14705609462306612,-0.12249141656811968
15,5,1,9,1,neutral,0.22280444419366943,0.7783111280716929,0.5800249073263665,-0.5572962775445762,0.5572962775445762,-0.3249359183834889,0.37689645231167496
15,5,1,10,1,neutral,1.284360814762853,4.724857563603583,-0.6815771434752178,-0.2260682178344492,0.2260682178344492,-4.448573600562889,4.423465727959766
15,5,1,11,1,neutral,1.3507634248987097,5.55597560467721,-1.1860359928317847,-0.11763834959818402,0.11763834959818402,-5.461853677455506,5.473611888643747
15,5,1,12,1,neutral,0.33436052278829875,0.6858999416649036,0.5924882521313329,-0.3557766296724753,0.3557766296724753,-0.2583581401342013,0.2224755542050878
15,5,1,13,1,neutral,-0.5009836154909834,-0.1995038181222124,2.0964202537516767,0.04003246533337277,-0.04003246533337277,0.7179718757646526,-0.9972221372525591
15,5,1,14,1,neutral,0.4763622443521026,0.8121654047770678,1.0051140207215399,0.03845074203831072,-0.03845074203831072,-0.3311568970986239,0.07142727224024659
15,5,1,15,1,neutral,0.9766633184495631,0.6814932959406309,1.241868588548356,0.093552656430103,-0.093552656430103,0.026833120915307762,-0.4277726575583286
15,5,1,16,1,neutral,0.6901583999275438,1.745718552185556,0.8359319088748738,-0.12577822204838499,0.12577822204838499,-1.1950957085686218,0.9826733977843473
15,5,1,17,1,neutral,0.7181137351701373,1.1132892228901992,4.025069563711975,-0.20270719686234098,0.20270719686234098,0.5353409423579518,-1.258302426550857
15,5,1,18,1,neutral,0.32560735094673243,1.2236228869852448,3.9674327425540246,-1.0496297422300478,1.0496297422300478,0.5572670582583568,-0.9228971597651336
15,5,1,19,1,neutral,-0.2240809291176547,0.7592311770787932,3.233505697446125,-1.0691028049761246,1.0691028049761246,0.6002780140227386,-0.745481207085442
15,5,1,20,1,neutral,0.8535193832265517,2.5986981067090227,0.6420726931434926,-0.5181929112176752,0.5181929112176752,-1.9274364441797829,1.8509020685240005
15,5,1,21,1,neutral,1.1259338217016368,3.3004144797401116,0.4004088735786037,-0.6147730980186658,0.6147730980186658,-2.5867092153071427,2.5372431320999915
15,5,1,22,1,neutral,0.017937709292513038,1.135776418873625,0.9374644796441333,-0.35598323175852303,0.35598323175852303,-0.6986479453085686,0.6580753244053019
15,5,1,23,1,neutral,0.432004694408444,2.087506525929319,0.7608891260484936,-0.09829859695188174,0.09829859695188174,-1.6571090534597126,1.4910596157008502
15,5,1,24,1,neutral,1.126952082087136,3.5781458199823595,0.509487747702199,-0.9581585189042947,0.9581585189042947,-2.71327970375115,2.759925905087692
15,5,1,25,1,neutral,0.7175227059760709,1.9490361835348478,0.24270894495275097,-0.18324673640614142,0.18324673640614142,-1.56787672108986,1.4689203580704369
15,5,1,26,1,neutral,0.2466088589348293,0.9211287992078256,0.5898789240381369,0.3965730426320316,-0.3965730426320316,-0.7744905524275141,0.5028849077213425
15,5,1,27,1,neutral,0.10477814619489757,0.4862847243285331,0.9997896768360682,0.44002929933624896,-0.44002929933624896,-0.26477188309696076,-0.06599918718694986
15,5,1,28,1,neutral,0.6816510614648261,1.1245015046199625,2.6589271969584924,-0.45313350315586964,0.45313350315586964,0.14006908257310036,-0.5457876245916968
15,5,1,29,1,neutral,0.8459097005414661,0.9690292221479193,4.378498332432494,-0.10293843994659986,0.10293843994659986,0.8067529354922676,-1.643174794339061
15,5,1,30,1,neutral,0.3222965820961468,0.3826179736354888,3.1648608103162594,0.4160091479804732,-0.4160091479804732,0.6410981078418224,-1.3609607225707143
15,5,1,31,1,neutral,0.18740487856334173,0.08011127044673222,1.6721691368895755,0.7244637976736362,-0.7244637976736362,0.2982588021463614,-0.8496757372797263
15,5,1,32,1,neutral,0.4130984845744882,0.5733471736207287,1.8348032506181724,0.4210324129240754,-0.4210324129240754,0.035609267135466305,-0.5506036939756016
15,5,1,33,1,neutral,0.7039806651279735,0.5969785409051341,1.5566272412208673,0.6416624509215992,-0.6416624509215992,-0.05733005576272032,-0.5333254122692862
15,5,1,34,1,neutral,0.4223964071503994,0.21329521804835644,1.4342788397963357,0.25446927177473055,-0.25446927177473055,0.32077344034231176,-0.7150424054250111
15,5,1,35,1,neutral,-0.028867671517150487,-0.1333107600539369,2.457919981310702,0.3337652545772804,-0.3337652545772804,0.8317397784593608,-1.3478369149507128
15,5,1,36,1,neutral,0.3149715840183668,-0.26307013168661053,2.9405960867181524,-0.32700999806606507,0.32700999806606507,1.4572626879541386,-1.8908539670548703
15,5,1,37,1,neutral,0.5150535458786599,0.3968287476511796,0.755087368729091,-0.4068433698884735,0.4068433698884735,0.1621660138475619,-0.23824170965269587
15,5,1,38,1,neutral,0.4843472987189593,3.6581421437309043,-0.511224680899609,-0.6904108369268894,0.6904108369268894,-3.436964325482158,3.671580834821229
15,5,1,39,1,neutral,0.3234822614630416,3.1386120942409823,-0.2763217947357302,-0.7225752464397601,0.7225752464397601,-2.882033523185292,3.1150318608773264
15,5,1,40,1,neutral,0.4100402003892031,1.0963530317858787,0.3620405531429387,-0.5335754496659475,0.5335754496659475,-0.6611342973865155,0.7103126550198078
15,5,1,41,1,neutral,0.36496849596817105,0.32246032960622717,0.8838561378241129,1.0913462257411486,-1.0913462257411486,-0.2699675269225154,-0.3019519872899148
15,5,1,42,1,neutral,-0.19354183285405255,0.6139818305360084,0.4675010389746987,0.5137632683537757,-0.5137632683537757,-0.6939165179470516,0.4770022274756853
15,5,1,43,1,neutral,0.13428839756258418,0.6753916065644225,0.1226894653957407,-0.3148824171489452,0.3148824171489452,-0.4847715131953325,0.5469026750852601
15,5,1,44,1,neutral,0.18430666396975182,0.8637731527611623,0.34013604053661284,-0.024602779171898608,0.024602779171898608,-0.6807579915350745,0.60155180050798
15,5,1,45,1,neutral,0.2624460856323538,0.036754657018868535,1.1351097321417127,0.43531417849990883,-0.43531417849990883,0.2839925560725174,-0.6620232518681648
15,5,1,46,1,neutral,0.49599091917259425,-0.48454850140048733,2.377518231775061,1.007135398973167,-1.007135398973167,1.1066730853919835,-1.9213030768743151
15,5,1,47,1,neutral,0.5942493149224642,-0.6480786664831925,2.7640303173730225,-0.5536945820474092,0.5536945820474092,1.9520700712641577,-2.327218482630936
15,5,1,48,1,neutral,0.9518084624344477,-0.08208344711694279,1.9549170708961574,-0.4975312838124304,0.4975312838124304,1.2168357194979547,-1.5354462137822453
15,5,1,49,1,neutral,0.7373692940379364,-0.22292207553816157,1.2206175275823639,0.5828048940896524,-0.5828048940896524,0.6813160513817109,-1.2019154863483117
15,5,1,50,1,neutral,0.7806091285155311,-0.45941320486822534,2.2291665224146953,0.7864755189805893,-0.7864755189805893,1.2005132488514376,-1.9643010303333386
15,5,1,51,1,neutral,1.0533550107285705,-0.42596605607440746,2.86323773654757,0.4843928349205333,-0.4843928349205333,1.5700326935262763,-2.3842624297124777
15,5,1,52,1,neutral,0.7624123192873782,-0.554190606953078,1.5517418295814147,0.8072886338865445,-0.8072886338865445,1.0564791119471608,-1.7112676813874745
15,5,1,53,1,neutral,0.060450601683859295,-0.5065717623462049,1.7687337642512697,0.9602667114755046,-0.9602667114755046,0.7962109804994131,-1.4211639453137694
15,5,1,54,1,neutral,0.37647997533110905,-0.5213928517227802,2.3684073701053205,1.4765529515800708,-1.4765529515800708,0.944170983008233,-1.893836524440995
15,5,1,55,1,neutral,1.0712350712234975,-0.44227506586855303,2.341603479796506,-0.026789708250758586,0.026789708250758586,1.5888178189588071,-2.1486943413785546
15,5,1,56,1,neutral,1.1564698977026633,-0.5564908062734863,2.6767423419305167,0.3081972697905326,-0.3081972697905326,1.7314957962210356,-2.4730969260900766
15,5,1,57,1,neutral,0.4668097064604484,0.004480756063649428,2.134044376629745,0.17809035599290765,-0.17809035599290765,0.8031071529687792,-1.2959462854814472
15,5,1,58,1,neutral,0.5392674699066322,0.6243785048618264,1.074338268036281,0.2853644397890748,-0.2853644397890748,-0.18163140547721368,-0.18242436410963014
15,5,1,59,1,neutral,1.2119771874707694,0.7269566322650767,0.6182705826360729,0.15718175667098663,-0.15718175667098663,-0.16926796111979148,-0.18816725278834445
15,5,1,60,1,neutral,1.2250349572306787,0.2792634451406223,1.2506895170765597,0.3530780093579902,-0.3530780093579902,0.428285376509127,-0.9585987920129969
15,5,1,61,1,neutral,0.565376152806415,-0.5302136294889009,3.4367194319795855,1.3523418551705966,-1.3523418551705966,1.4134648726940355,-2.531261421881901
15,5,1,62,1,neutral,0.6620998980380787,-0.3180825590825574,2.350484584557033,0.7449155216436779,-0.7449155216436779,1.0739722127330353,-1.824374800380113
15,5,1,63,1,neutral,0.7176883946049275,-0.07402951159568219,1.9444204574516357,-0.3510730828183948,0.3510730828183948,1.0784234898873348,-1.4050839376239637
15,5,1,64,1,neutral,1.082941366581971,0.17856555789793274,1.2064976745055713,-0.8041984321773423,0.8041984321773423,0.852646933190362,-0.9661539626458383
15,5,1,65,1,neutral,0.8659600874769482,-0.49470649122896093,2.0304556250284325,0.2561586138158904,-0.2561586138158904,1.3747921907921246,-1.9429143474816513
15,5,1,66,1,neutral,0.6282211852216604,-0.479312912731991,2.6201838196597302,1.138104220155064,-1.138104220155064,1.1827465076407664,-2.1035154151726863
15,5,1,67,1,neutral,0.49316720579588685,-0.4736562951945525,2.9593651879030007,1.684344565754059,-1.684344565754059,1.0630522378428287,-2.199922492043996
15,5,1,68,1,neutral,0.6864673431970165,-0.4046760500228328,2.657774942552876,0.6534823291455623,-0.6534823291455623,1.3015960355576097,-2.076797192897779
15,5,1,69,1,neutral,0.7960738172150188,-0.5000080704079571,2.7784510322384697,1.2789823252988501,-1.2789823252988501,1.2651889117928365,-2.287270495134701
15,5,1,70,1,neutral,0.5607163954364456,0.1245210152300443,1.54057916165463,0.9104267903295805,-0.9104267903295805,0.27243524035712074,-0.9261267633154936
15,5,1,71,1,neutral,0.3690832350131843,1.4808265625708759,0.22565117006523275,-0.35228881052402494,0.35228881052402494,-1.1651521573700618,1.1834593600316674
15,5,1,72,1,neutral,0.7469121285992171,1.4006302038541474,0.3783942954702256,-0.3644925796807091,0.3644925796807091,-0.9040305359374301,0.8379769918194261
15,6,1,0,2,positive,0.029783081262891725,-0.6656651210913684,0.5339762468534665,-1.0111924956536462,1.0111924956536462,1.1906490623480366,-0.9475447851495475
15,6,1,1,2,positive,0.12111087569508161,-0.7785182093274419,0.34261041525735414,-1.0514216460916457,1.0514216460916457,1.2835658550088023,-1.0103788548036596
15,6,1,2,2,positive,0.3052618682494412,-0.6912881947003995,0.7100130620284555,-0.8345139898197195,0.8345139898197195,1.307884501399605,-1.1989256598393478
15,6,1,3,2,positive,1.095271044995662,5.558964982304677,-1.6266740805251036,-0.06255221962035876,0.06255221962035876,-5.715248587607705,5.824666500069398
15,6,1,4,2,positive,1.2371990695972808,5.981568823787921,-1.5055267013749722,0.17122494172418046,-0.17122494172418046,-6.128086348288544,6.115732639676766
15,6,1,5,2,positive,-0.11548138840404448,-0.6414689417470905,-0.1376333532539868,-1.3201931953432708,1.3201931953432708,0.9971617596421702,-0.5149115709180748
15,6,1,6,2,positive,-0.3744932887035606,-0.04726241513191265,-0.1377525683595279,-1.3559398601364467,1.3559398601364467,0.3284937494896987,0.20886051339963158
15,6,1,7,2,positive,-0.5405919558238477,-0.2327486824348583,-0.43068878946786177,-0.908793827270039,0.908793827270039,0.21191970976096816,0.2528916902109964
15,6,1,8,2,positive,-0.5759382151605695,-0.9000578734355449,0.45760170297026476,-1.487142148577271,1.487142148577271,1.356326418897867,-0.8408896173403925
15,6,1,9,2,positive,-0.6681514977907249,-0.8003484120852915,0.5385111123430026,-1.2181079094662912,1.2181079094662912,1.1631709200914813,-0.7355282193614303
15,6,1,10,2,positive,-0.40641915121559163,-0.8719527148938286,0.7764982979396697,-1.4461958655754241,1.4461958655754241,1.4773777189936625,-1.0569922882558678
15,6,1,11,2,positive,-0.3534700738555534,-0.7148791781663799,-0.1682140773853273,-1.17948565339002,1.17948565339002,0.9341463455494263,-0.45403710254593954
15,6,1,12,2,positive,-0.43143294517696634,-0.8162525410397867,0.864858961671748,-2.3870587594023154,2.3870587594023154,1.7564141330054857,-1.0329655492871777
15,6,1,13,2,positive,-0.050855681241470774,-0.8741531707973467,0.026577170531710177,-1.1768107643183428,1.1768107643183428,1.258330588666874,-0.8620139154424664
15,6,1,14,2,positive,0.29096999101856313,-0.8329257549074297,0.11661096313817391,0.05437045197592213,-0.05437045197592213,0.9506625889677014,-1.0367162319857983
15,6,1,15,2,positive,0.04351454431886363,-0.13936947578031228,-0.2982668589519889,-0.6010099924653103,0.6010099924653103,0.25478870172437396,-0.011993318463749653
15,6,1,16,2,positive,-0.018155205059036172,-0.3883380102182518,-0.5658410578927646,-0.5918799247832793,0.5918799247832793,0.39096589749541133,-0.09633987874235145
15,6,1,17,2,positive,0.4667108795458611,-1.1493718477010502,1.4245352365164294,0.17163598196992344,-0.17163598196992344,1.7225752257318394,-2.0949949057321957
15,6,1,18,2,positive,0.9644453279324878,-0.39771910366083746,0.5167858928246972,0.6293305593829264,-0.6293305593829264,0.6816859907855903,-1.13833471403943
15,6,1,19,2,positive,0.23358473013367304,-0.7332721695619651,-0.06073217404361307,0.048774076393904776,-0.048774076393904776,0.7746316627940167,-0.8196984476069951
15,6,1,20,2,positive,0.45063198458553005,-0.8886252613034604,0.2997735155330741,-0.752930441777735,0.752930441777735,1.3897372419355736,-1.2638280113627625
15,6,1,21,2,positive,1.8664311288320365,-0.8427815444436966,0.682979194883498,0.3664564779510185,-0.3664564779510185,1.5704328263652019,-2.117486706301464
15,6,1,22,2,positive,1.9658132720484063,-0.8919750360161411,0.7991266979887967,0.5608052892405118,-0.5608052892405118,1.6266865962817048,-2.274445021034743
15,6,1,23,2,positive,0.15378895956511857,-0.9955227356068642,0.3005665782331713,-0.7639509519134329,0.7639509519134329,1.4016248988441051,-1.222700504506009
15,6,1,24,2,positive,0.45487035922301,-0.536134342993637,0.4392835486853246,-0.913807862687123,0.913807862687123,1.1387882665254563,-0.9832112969478044
15,6,1,25,2,positive,0.3451109236250204,0.2894145133402095,-0.26995862661427733,-0.6419364667400999,0.6419364667400999,-0.05038492542326187,0.251838364834838
15,6,1,26,2,positive,0.1839738692071004,-0.4355757614624342,0.37687080634491993,-0.05191403415842699,0.05191403415842699,0.6398286646992499,-0.7159980992384444
15,6,1,27,2,positive,0.17864005095974533,-0.48021474835406575,0.6758931546122905,-1.0016480601722808,1.0016480601722808,1.0989418369355046,-0.9074813511400837
15,6,1,28,2,positive,-0.005909076809902894,-0.6183568816349152,0.3215124971537551,-1.1494848221458065,1.1494848221458065,1.106719629131468,-0.7761585918068413
15,6,1,29,2,positive,0.0575692996703795,-0.5630686368419082,0.41406583998620144,-1.8807091478469447,1.8807091478469447,1.3471833993430833,-0.7988862066701987
15,6,1,30,2,positive,-0.4960124996234409,-1.000130436021004,0.6618272765984228,-1.7166552223675824,1.7166552223675824,1.6276204358018587,-1.0830378245084948
15,6,1,31,2,positive,-0.44911116437091503,-0.7828366663506832,0.5748925107609794,-1.455587426633798,1.455587426633798,1.3099595906919705,-0.8457273395457153
15,6,1,32,2,positive,-0.6837773114131409,-0.5021215709904222,-0.04981573794892235,-1.5996015863542894,1.5996015863542894,0.7907910833211642,-0.13532504630939057
15,6,1,33,2,positive,-0.5320952821894129,-0.6783094662048565,0.6941486427252022,-1.6892888148054002,1.6892888148054002,1.2954235246519197,-0.7593361464727512
15,6,1,34,2,positive,0.3593992449401934,5.189300731320696,-1.4963386358209199,-1.1522936005747957,1.1522936005747957,-5.184182661422673,5.757770426761059
15,6,1,35,2,positive,0.5627510339516358,4.066526811377363,-1.4826660625633947,-0.07059303680598732,0.07059303680598732,-4.349634141979287,4.526484325683243
15,6,1,36,2,positive,-0.2342799248813614,-0.5656545520428521,0.39944458064613325,-2.0117120820198533,2.0117120820198533,1.2912801313043938,-0.648236879925238
15,6,1,37,2,positive,-0.527765621124564,-0.7900895614967683,0.5222610118329196,-0.15220565743964978,0.15220565743964978,0.8389899108794368,-0.7873372568509461
15,6,1,38,2,positive,0.048402973806825095,-0.6360141929349139,1.6276550307929725,0.47258543294546973,-0.47258543294546973,1.03717171681969,-1.4740431952348128
15,6,1,39,2,positive,-0.33981771510889575,-0.3607237255740183,0.5062267420450585,-0.6421497589286125,0.6421497589286125,0.6302433208622766,-0.44392823904209966
15,6,1,40,2,positive,-0.7338105671854651,-0.7248486384475986,-0.08089051415397525,-1.5836757854649515,1.5836757854649515,0.981173539822769,-0.3174980977778784
15,6,1,41,2,positive,-0.45339770876701946,-0.6534408815647154,0.45798729940640615,-0.4441390299856638,0.4441390299856638,0.8030170884397322,-0.6557356768844087
15,6,1,42,2,positive,0.32932985909981616,-0.5757296808455802,0.7549378015457725,-1.6857558686038014,1.6857558686038014,1.4990708572620437,-1.1178635111683746
15,6,1,43,2,positive,0.07165588858346969,0.05152738988334746,0.10119410845254033,-2.215769435819988,2.215769435819988,0.7446790877353185,-0.034897608634657545
15,6,1,44,2,positive,-0.4346950275246763,-0.05062275682446887,-0.39275062666112476,-1.4001049547079403,1.4001049547079403,0.24150919033184862,0.36310007026843166
15,6,1,45,2,positive,-0.4720146143122907,-0.7081026553955247,-0.13834554618297232,-0.9951592720301865,0.9951592720301865,0.8363690259071659,-0.40292257514789326
15,6,1,46,2,positive,-0.2741783778611471,-0.5496869206444027,0.7004522605978171,-1.6067036985508636,1.6067036985508636,1.227346114406914,-0.7628238620127377
15,6,1,47,2,positive,-0.352270913275073,-0.6479636200381291,0.559123548500819,-1.2320355771885365,1.2320355771885365,1.1275930241762233,-0.7513899376510021
15,6,1,48,2,positive,0.3252159709570099,-0.9904489744419933,1.2971459871888094,-0.03904419013978768,0.03904419013978768,1.5442510238705291,-1.801629953514903
15,6,1,49,2,positive,1.311192798177332,-0.9103409360319881,0.5311697733399905,0.3103733743644029,-0.3103733743644029,1.421004001749628,-1.8315222217906493
15,6,1,50,2,positive,1.1939259627302135,-0.4145022697278288,-0.32517775769602497,0.143060685483302,-0.143060685483302,0.6563981095781243,-0.8488763722449231
15,6,1,51,2,positive,0.6020273141775545,-0.6322689169811361,-0.21958826132056677,-0.4992971615148604,0.4992971615148604,0.9261809884384188,-0.8234884434096299
15,6,1,52,2,positive,0.7809487344282526,-1.0905390740175156,0.7065042905519484,0.11570368161860108,-0.11570368161860108,1.547788855138049,-1.834265586507616
15,6,1,53,2,positive,0.7786748626479567,-1.2290321186151694,1.3564325099471937,0.5461714098643178,-0.5461714098643178,1.7586774395254468,-2.2965858049127448
15,6,1,54,2,positive,0.6501015131691905,-1.1846081508432582,0.4012581106823183,0.8881001842236736,-0.8881001842236736,1.2390279640525366,-1.7102879627690126
15,6,1,55,2,positive,0.5738012068745295,-1.1515149692966191,1.0313340588620425,0.1487794713423872,-0.1487794713423872,1.6369669007613474,-1.9540826021649051
15,6,1,56,2,positive,0.2138071925033367,4.593904588496128,-1.5069599985010071,0.617704603135067,-0.617704603135067,-5.23085705820704,5.240480991494962
15,6,1,57,2,positive,0.9323648513630978,-0.634868428233045,1.4640434419737822,0.8982366101759546,-0.8982366101759546,1.134258989286687,-1.8330725749014851
15,6,1,58,2,positive,0.2973614171977627,-0.8674781375474296,1.3944858683889316,0.5695531102099874,-0.5695531102099874,1.241576196006332,-1.7134017803407768
15,6,1,59,2,positive,0.6603212938545548,-0.9163644584657603,2.1419724319282376,1.204759020887183,-1.204759020887183,1.4488760267642968,-2.3175113213571565
15,6,1,60,2,positive,0.4092057290272977,-0.8984335871867735,1.6587131111760294,0.8662297389985749,-0.8662297389985749,1.2989966209216908,-1.932393007288437
15,6,1,61,2,positive,0.16294059230205543,-0.8332889546366009,0.29408021913533805,0.8606113287120866,-0.8606113287120866,0.6987587822117032,-1.0617993603552978
15,6,1,62,2,positive,0.3574045539186623,-0.7106168689580944,0.18300799584300453,-0.4541521010974329,0.4541521010974329,1.042138419244461,-0.9808231438389279
15,6,1,63,2,positive,0.6894126365233398,-1.0880584527111274,0.6761779677598425,1.3508420428794568,-1.3508420428794568,1.0929746398457025,-1.7708537548527186
15,6,1,64,2,positive,0.5262897627921105,-1.0399859950966042,0.64166991746234,0.47246304342859324,-0.47246304342859324,1.27181820737189,-1.6239658352238293
15,6,1,65,2,positive,0.22170298970647442,-0.8868218027442907,0.25983091533138614,1.4551196915640687,-1.4551196915640687,0.5622932072355546,-1.1275887552632209
15,6,1,66,2,positive,0.5673560211126625,-0.4672202694069931,0.774977844382714,0.5181890917045683,-0.5181890917045683,0.7419351940039292,-1.1383872021546813
15,6,1,67,2,positive,0.16499185694415971,-0.47444428842458786,0.6493666046190897,0.6310562131263141,-0.6310562131263141,0.5355450379035663,-0.8816235192062125
15,6,1,68,2,positive,3.1866664703754286,-0.8103319399010505,-0.08013888534871957,0.8462016197980198,-0.8462016197980198,1.5637739283106136,-2.363595732414405
15,6,1,69,2,positive,4.383297492631879,-1.0595905254799027,0.35352504198628776,1.2051143709320102,-1.2051143709320102,2.2368265800419547,-3.428001792788986
15,6,1,70,2,positive,6.076576829827559,4.3167712446557385,-1.1716101310906384,0.7619107776849954,-0.7619107776849954,-2.9357526043050965,1.8642878952872781
15,6,1,71,2,positive,1.743042600921786,-0.5074567794831412,1.6325127995233235,0.6479892255673853,-0.6479892255673853,1.4166455044423825,-2.1952344797056957
15,6,1,72,2,positive,0.13560894452271727,-0.760954587599199,0.8966430262018603,0.7155191238482086,-0.7155191238482086,0.8665322032246553,-1.2770805729614878
15,6,1,73,2,positive,0.03131905042127399,-0.647308706324194,0.43226266450477463,1.3921063969941214,-1.3921063969941214,0.3378004789681697,-0.8790995637872183
15,6,1,74,2,positive,0.2504808011851105,-0.9281640404229186,0.1403304283889766,1.25799704934095,-1.25799704934095,0.639102100500631,-1.123569655209962
15,6,1,75,2,positive,-0.01613597767663323,-0.9916535575234424,0.7985257033055808,0.5991278480603532,-0.5991278480603532,1.0527408500463071,-1.382848420337916
15,6,1,76,2,positive,-0.12165087746969261,-0.9046421114039631,0.40922479642785936,1.5054011988194353,-1.5054011988194353,0.49869968478354026,-1.0484290708830466
15,7,1,0,0,negative,-0.36439435179658586,-0.7652254557964322,-0.042256334601926675,0.5339664445266789,-0.5339664445266789,0.45168641215470173,-0.5619001125971759
15,7,1,1,0,negative,-0.11147066121624298,-0.4455137684000643,-0.2856088728756987,-0.0487573861274336,0.0487573861274336,0.32940638574522824,-0.24697400135409345
15,7,1,2,0,negative,-0.20065110658967242,-0.10116175330397453,-0.8339510415882216,0.7127738560025723,-0.7127738560025723,-0.4812969147561809,0.41613932078497246
15,7,1,3,0,negative,-0.13499773611372518,-0.0858109748293221,-0.7852258823485134,-0.2084413404829495,0.2084413404829495,-0.15144978449710758,0.3743008344017972
15,7,1,4,0,negative,0.6278534889192591,-0.6247926696107042,-0.39304000179412457,-0.3510171793937782,0.3510171793937782,0.8200695584503418,-0.7421994131732714
15,7,1,5,0,negative,-0.17922617725786327,-0.5550687887518159,-0.5527869065767376,-0.7079951579957039,0.7079951579957039,0.5470628134721836,-0.18906224683451545
15,7,1,6,0,negative,-0.15601180356429786,0.344500808179237,-0.9190550754390732,-1.2959088155279825,1.2959088155279825,-0.27088682933769986,0.8820342476809225
15,7,1,7,0,negative,-0.37795516544502444,0.2312919151179583,-0.9317951337753113,-1.2853259721036812,1.2853259721036812,-0.23943335749017652,0.8861670647281262
15,7,1,8,0,negative,-0.4931246389190278,-0.43074954546106614,-0.62305945153523,-0.6407393414360186,0.6407393414360186,0.2722679624549864,0.12734249976606282
15,7,1,9,0,negative,-0.36108954047409814,-0.4889308688302755,-0.446958854540608,-0.7729912642907752,0.7729912642907752,0.47724515858896516,-0.0849066713229224
15,7,1,10,0,negative,-0.35384260231135406,-0.7398976772241244,-0.15675344723882031,-0.04932931958227297,0.04932931958227297,0.5861421005681573,-0.4845996524490372
15,7,1,11,0,negative,-0.2817465048865131,-0.6768445289686831,-0.15095346286646144,0.33691887803339476,-0.33691887803339476,0.42030491370656,-0.4604945450921958
15,7,1,12,0,negative,-0.4411500642788252,-0.49747173123073984,0.22639597916226586,-0.6416653009775365,0.6416653009775365,0.6397754698510656,-0.39009468867246017
15,7,1,13,0,negative,-0.6006305637861223,-0.062294404907311654,-0.011347622264996951,-0.15878858222449685,0.15878858222449685,-0.08876879636822917,0.24369468811824802
15,7,1,14,0,negative,-0.0664358264502805,-0.38524532746252815,0.32347290835763237,0.615653995058023,-0.615653995058023,0.26570635641230445,-0.513763868416204
15,7,1,15,0,negative,0.6059723896562784,0.17051920362776057,0.17732303266774654,-0.9739035033318948,0.9739035033318948,0.4152137715908793,-0.2211285075342519
15,7,1,16,0,negative,0.34481579503333515,0.14148262929116223,-0.30849235757491034,-0.5981466276017541,0.5981466276017541,0.07000739239556406,0.12332091056194983
15,7,1,17,0,negative,-0.23271224173294336,0.09698387855775112,0.1663443741588022,-0.27950374491693836,0.27950374491693836,-0.025938586110152054,0.1301678123448217
15,7,1,18,0,negative,0.029882903928132434,-0.3943419776191366,0.6420216193555346,1.0175349322390523,-1.0175349322390523,0.2791318413006748,-0.7302942392609701
15,7,1,19,0,negative,-0.007582295323000837,-0.29012109886825865,-0.31687035186819185,1.3685605578679227,-1.3685605578679227,-0.27421663615144654,-0.1278947752726623
15,7,1,20,0,negative,0.43797828541995937,-0.21671385777859656,-0.37736162755396224,0.8727298990280766,-0.8727298990280766,-0.05399055594209659,-0.24702218671159512
15,7,1,21,0,negative,0.5552638418032724,-0.10230677416613965,-0.18264223298404056,1.7373174306865924,-1.7373174306865924,-0.35259183312298054,-0.28861757857575554
15,7,1,22,0,negative,0.11528308887716657,-0.3355549327845058,0.0670807258278312,1.9497709398464362,-1.9497709398464362,-0.25358077559597364,-0.4267368401370047
15,7,1,23,0,negative,-0.09454385254608974,-0.37562821533047125,-0.25578390718481125,1.2413076701499717,-1.2413076701499717,-0.15491692796315298,-0.20046433546502074
15,7,1,24,0,negative,-0.18377716119611318,-0.6465169774314914,-0.12344048311399775,0.5031373112919049,-0.5031373112919049,0.37639865889748614,-0.49290815527643594
15,7,1,25,0,negative,-0.261661479911214,-0.5529704335086808,-0.3214940621122185,1.3766501006131042,-1.3766501006131042,-0.10029811403683142,-0.2613926624969646
15,7,1,26,0,negative,-0.5600260323222293,-0.5806668513131885,-0.4208651410912479,0.8478162179742362,-0.8478162179742362,-0.028902279149382593,-0.09022126460644997
15,7,1,27,0,negative,-0.3359572923245522,-0.5037911869595293,-0.007033402092063704,-0.33455382726833477,0.33455382726833477,0.5009788979101022,-0.33229583975122134
15,7,1,28,0,negative,-0.6073775054418982,-0.58983990868457,0.30546803373925974,-1.3124692807907656,1.3124692807907656,0.9266931783806125,-0.4388851728332508
15,7,1,29,0,negative,-0.755412049536789,-0.3830425023047367,-0.6075525545682181,-0.8461969023326281,0.8461969023326281,0.21078660171394367,0.2984397997477669
15,7,1,30,0,negative,0.23070105180918743,0.8675983035243696,-1.130291583849593,-0.5439207224686756,0.5439207224686756,-0.9861549067149463,1.3173935695445724
15,7,1,31,0,negative,0.24727284125182278,0.9613154000796682,-0.9010281038977483,-1.3998197793011735,1.3998197793011735,-0.7126272278612522,1.2881930314026309
15,7,1,32,0,negative,-0.5428169657836484,-0.4193858466131898,-0.13915837561517047,0.005594908700057004,-0.005594908700057004,0.19019576324689788,-0.0783981759137804
15,7,1,33,0,negative,-0.6753983861640415,-0.39420302235757354,-0.5597685285879324,0.639503226234678,-0.639503226234678,-0.23068702463797708,0.22338043501841331
15,7,1,34,0,negative,-0.4309795966390878,-0.24221269042532056,-0.39643148666292616,0.9651929329614738,-0.9651929329614738,-0.3553219816625087,0.17149285122568642
15,7,1,35,0,negative,-0.6806625231821741,-0.3471616421613605,-0.3349463727508131,0.0648280013689327,-0.0648280013689327,-0.012983990272612822,0.16064280580513313
15,7,1,36,0,negative,-0.771089172148137,-0.39145395165681673,0.3702337404409273,-1.6410286978254272,1.6410286978254272,0.8048450403628893,-0.19102623580321187
15,7,1,37,0,negative,-0.11879508425407388,-0.34528115027264117,0.25566422934814054,0.43827778989174915,-0.43827778989174915,0.244811602006747,-0.4137157228196745
15,7,1,38,0,negative,0.49026464404754766,-0.4463448365290212,-0.05839803434591921,0.6479488356436293,-0.6479488356436293,0.3743174278816876,-0.6622781413798354
15,7,1,39,0,negative,0.16682353911471215,-0.020534849370602012,0.22864862903462324,-0.06570767846671481,0.06570767846671481,0.17426146490928543,-0.2182709334452697
15,7,1,40,0,negative,0.19259368875967192,0.3626650344859089,0.048825677166215053,-0.6197264025602587,0.6197264025602587,-0.07561644499052705,0.24195535152296543
15,7,1,41,0,negative,0.34428034901159305,-0.20074076074151787,-0.4611100128244947,0.003123728376563976,-0.003123728376563976,0.16075629667836266,-0.14232592883506703
15,7,1,42,0,negative,-0.0868951244473361,-0.09927823954437394,-0.6019653220941796,-0.6626341200340862,0.6626341200340862,0.09053613070856406,0.24515198372638397
15,7,1,43,0,negative,1.0873703704717566,-0.40049963151235307,-0.18481577222320913,-0.707967228805071,0.707967228805071,0.9373402405302258,-0.8517769306366267
15,7,1,44,0,negative,1.5140039459132033,-0.6634008630631378,0.9226252674712334,-0.8046960570928096,0.8046960570928096,1.7438426198888866,-1.8817154697553562
15,7,1,45,0,negative,0.2507807317098594,-0.15254976662618822,0.4530929387104631,-0.7614310812820256,0.7614310812820256,0.6409846838603043,-0.5044866018363494
15,7,1,46,0,negative,-0.3097198760383325,-0.40661246430298614,0.05825967037075544,0.9913620288336,-0.9913620288336,-0.00766161386407288,-0.2808823614691976
15,7,1,47,0,negative,-0.3508351359047721,-0.6278530656713461,0.2070491632733299,1.6916721526988647,-1.6916721526988647,0.01603369056124382,-0.555960079355625
15,7,1,48,0,negative,-0.33648337711719123,-0.2531468563650589,-0.5176133699007761,0.7610476093917645,-0.7610476093917645,-0.2852345957715184,0.17390151714392477
15,7,1,49,0,negative,-0.45274617531936434,-0.43885315023204086,-0.7368673570954927,0.33874440462127975,-0.33874440462127975,-0.07059949544667143,0.1559536159753877
15,7,1,50,0,negative,-0.6613051009656791,-0.21980292161770637,-0.6816566523485329,-1.3509013379181567,1.3509013379181567,0.2224494498190213,0.4516779550393996
15,7,1,51,0,negative,-0.23741542199403398,-0.3265022154392387,-0.5323868275619601,-0.1439896567652118,0.1439896567652118,0.11789801784231127,0.058398909338758354
15,7,1,52,0,negative,0.06782421574558711,-0.4617121821588616,0.10196485976739858,-0.05847329421639932,0.05847329421639932,0.5377996387353233,-0.5466067199153545
15,7,1,53,0,negative,-0.3141851574997648,-0.7128753665317782,-0.18532287736727007,0.48524814032970026,-0.48524814032970026,0.3846233081328665,-0.46312134909826075
15,7,1,54,0,negative,-0.3641873164423259,-0.2743424355443859,-0.31927280217615406,0.6015888625176696,-0.6015888625176696,-0.15400722483433055,0.06738762376485402
15,7,1,55,0,negative,-0.019264219035472818,0.3574193023425407,-0.23656101743794472,1.1423164912373565,-1.1423164912373565,-0.8234665449127987,0.48533192057924945
15,7,1,56,0,negative,-0.23206064782912095,0.3178551941771258,-0.13588277973380433,0.7840523139396777,-0.7840523139396777,-0.7018537746779935,0.5018269079585884
15,7,1,57,0,negative,-0.29420514577856605,-0.19017042742602142,0.2909271670676707,0.26265690090761334,-0.26265690090761334,0.10152546755318519,-0.18853143807057374
15,7,1,58,0,negative,-0.3915998722725246,-0.44409322908667165,0.2966649005123893,0.32973240410933174,-0.32973240410933174,0.30253743713018266,-0.39662574320660404
15,7,1,59,0,negative,-0.5177714689235285,-0.3360758244786724,-0.18541320872520375,0.5910786971863063,-0.5910786971863063,-0.09534530046634043,0.015516514345693733
15,7,1,60,0,negative,0.10455605625802378,-0.0665150049827096,-0.2790482057212167,1.0049316974252775,-1.0049316974252775,-0.3266262773134472,0.02073106974888686
15,7,1,61,0,negative,0.08742579172583881,-0.022657897231740567,0.3889478765075441,-0.4409909491184793,0.4409909491184793,0.3284461030156946,-0.260844731348432
15,7,1,62,0,negative,-0.31551145267895164,0.2268430811251122,0.2250572936452388,-0.19826118132725487,0.19826118132725487,-0.19090740702726486,0.27207016064196865
15,7,1,63,0,negative,-0.19429528209482821,-0.09178071532679653,-0.26753629343626567,0.35075161316294823,-0.35075161316294823,-0.1790803475712175,0.1391350724387504
15,7,1,64,0,negative,0.8401456875594205,-0.23375788156909155,0.8286845305171733,-0.2149792313218156,0.2149792313218156,0.8616943647018946,-1.0681729906073885
15,7,1,65,0,negative,1.1926149368786125,-0.006624640482269656,1.0777359164449125,0.03640153812922372,-0.03640153812922372,0.7512744122137035,-1.1418000671440323
15,7,1,66,0,negative,0.8468385861239833,-0.1890939571550799,1.6305222766001035,0.15654676197170078,-0.15654676197170078,0.9626986574058752,-1.4277743885171232
15,7,1,67,0,negative,0.5454299457497829,-0.6386929408164836,1.6718732789017297,1.2387418718481573,-1.2387418718481573,0.964880058417602,-1.74734455314224
15,7,1,68,0,negative,0.741482797756405,-0.36874073115074435,0.5085923173784609,1.0099659310421527,-1.0099659310421527,0.4487771258483154,-0.9937782887181773
15,7,1,69,0,negative,1.2007742850107779,-0.36545487084685374,0.4194965924510671,1.2050618741298302,-1.2050618741298302,0.5038578719575253,-1.1755903095777762
15,7,1,70,0,negative,0.4474547998143189,-0.7455098710042032,0.372538726362676,1.1679756298120871,-1.1679756298120871,0.6295158364591724,-1.1555066340927005
15,7,1,71,0,negative,-0.5538399630213489,-0.6559578055044222,-0.4949246448334746,-0.7027278024279355,0.7027278024279355,0.5406122036954596,-0.13157550157701048
15,7,1,72,0,negative,-0.48160969352861854,-0.2899891368249087,-0.3930414422356454,-1.037610471091483,1.037610471091483,0.34430891526731505,0.14733643105722327
15,7,1,73,0,negative,0.0837496156150309,0.19443705388499488,-0.31716156155665715,-0.999140369926971,0.999140369926971,0.06080575411012007,0.31114302685580797
15,7,1,74,0,negative,0.03417421870867071,0.1842250084006245,-0.21903931319808287,-1.1553488337769415,1.1553488337769415,0.13926957136188528,0.27665755564533057
15,7,1,75,0,negative,-0.555434829136484,-0.2684620579499269,-0.18409662818823333,-1.6746947559590382,1.6746947559590382,0.5801831574947005,0.10130367071243179
15,7,1,76,0,negative,-0.7910055087340476,-0.7260669707858902,-0.4918191782680647,-0.7721740871617203,0.7721740871617203,0.5558501041724262,-0.08465462728483408
15,7,1,77,0,negative,-0.5602302211141703,-0.7483135220488807,-0.10740991434492263,-0.26323896945227887,0.26323896945227887,0.6135131333799426,-0.4144934543193342
15,7,1,78,0,negative,-0.6862132920872533,-0.6019073368885413,-0.330408026404984,-0.748263050290463,0.748263050290463,0.5124545808212831,-0.09359667764242263
15,7,1,79,0,negative,-0.32155270684122406,-0.27461215648956633,-0.5329959160470624,-0.30624201996691136,0.30624201996691136,0.09184328884910795,0.1526621549545769
15,7,1,80,0,negative,-0.4218597887994505,-0.4432383195007664,-0.6885430880668417,-0.14737257280565152,0.14737257280565152,0.12222821814721957,0.11196311893237965
15,7,1,81,0,negative,-0.41667131502028487,0.1642879075534585,-0.7822607255234211,-2.445176100244296,2.445176100244296,0.25112677901340485,0.7637539278253114
15,7,1,82,0,negative,0.053139656145331976,-0.049509528914831194,0.19596974345769277,-1.9362639248995643,1.9362639248995643,0.7779673037490276,-0.17406422871634358
15,7,1,83,0,negative,-0.5382781542384644,-0.6987827709756063,-0.02648853410761178,-0.16965011083238593,0.16965011083238593,0.5670772451377095,-0.4163994268025682
15,7,1,84,0,negative,-0.48507965522455193,-0.572357595747663,-0.4467162823815051,0.03797631958694384,-0.03797631958694384,0.24910017668332934,-0.10645962694463446
15,7,1,85,0,negative,-0.4071878354174002,-0.3091117949103916,-0.6853317774154478,-0.4262605977430621,0.4262605977430621,0.08702545654712959,0.23714801150603243
15,7,1,86,0,negative,-0.2542994461881553,-0.4991458147207183,-0.5848608679962866,-0.2294724454652226,0.2294724454652226,0.2959165251476452,-0.07956565762849732
15,7,1,87,0,negative,-0.16202260839982696,-0.6315318050386596,-0.6644983154061521,-0.24054182699431972,0.24054182699431972,0.4362054394347731,-0.21827134313567004
15,7,1,88,0,negative,-0.10197695670086648,0.004854417865340022,-0.30405099588007384,-1.5012434232079803,1.5012434232079803,0.36021740567700666,0.20786839415581018
15,7,1,89,0,negative,-0.37581558530116493,-0.27894979240778395,-0.6388106961930818,-0.7756363918035456,0.7756363918035456,0.19928649584421687,0.22836334833933947
15,7,1,90,0,negative,0.3405564801583265,-0.618385011874209,-0.5570815779496638,0.005461805478645276,-0.005461805478645276,0.5443893774508815,-0.5101224629785404
15,7,1,91,0,negative,0.4493708286996785,-0.6144216492519101,-0.05907479537102421,-0.5017606100966767,0.5017606100966767,0.9117738637270205,-0.8095696659162372
15,7,1,92,0,negative,-0.13876374617571788,-0.1641052933958917,-0.7852063765884241,-0.9712391737761807,0.9712391737761807,0.17986164373323796,0.29787976798617927
15,8,1,0,1,neutral,1.05075188361336,-0.8771922266395691,1.1889916847700797,2.3405972927427756,-2.3405972927427756,0.8435743185197905,-1.997064010831289
15,8,1,1,1,neutral,0.7467417895881621,-0.8194851371927405,1.7480223380113058,2.729917502893622,-2.729917502893622,0.7411006787613559,-2.0668672009924745
15,8,1,2,1,neutral,0.4505934167077133,1.234949628915893,-0.11999843896282286,1.0359274953599402,-1.0359274953599402,-1.4700604681209095,1.0696521400434478
15,8,1,3,1,neutral,1.2249604072621911,6.22474930380499,-0.2371901197518167,0.047374559978420105,-0.047374559978420105,-5.911284061294339,5.730864160049803
15,8,1,4,1,neutral,1.2882897849022454,5.65632819653712,-0.19865123816880426,0.3846814128731344,-0.3846814128731344,-5.421342485250351,5.111508923170399
15,8,1,5,1,neutral,0.5711573226947191,2.8548094613825015,-0.7851607029952228,0.13561710362733237,-0.13561710362733237,-2.97134962269178,2.9618111515327534
15,8,1,6,1,neutral,0.9765276155568817,0.3681599441183899,0.5073961118657466,1.4884956045308904,-1.4884956045308904,-0.3696839031544773,-0.3738019195929242
15,8,1,7,1,neutral,0.7525452754898596,0.47613472876952156,0.9377431560657498,1.160197710520093,-1.160197710520093,-0.29943782175768274,-0.36900948700828307
15,8,1,8,1,neutral,0.5096837035353606,0.5961477514423691,0.805221694657794,0.7169302192077219,-0.7169302192077219,-0.3968226917805582,-0.06130494765420824
15,8,1,9,1,neutral,0.3207378278679314,0.40735533080153674,0.4139960366640944,-0.4969118477719024,0.4969118477719024,0.003193239966439332,0.03998839853552383
15,8,1,10,1,neutral,0.5559865895037509,0.1415957942497303,-0.40424919809698184,0.2883161753142624,-0.2883161753142624,-0.18712205555222808,0.06572709854634576
15,8,1,11,1,neutral,0.28311608791301035,-0.5680548862160643,-0.05785573474659324,1.4123580818069394,-1.4123580818069394,0.1723556433358902,-0.6806850627992729
15,8,1,12,1,neutral,-0.04971092244098421,-0.16582260692649603,-0.20082403160253504,1.4862778074570564,-1.4862778074570564,-0.4131149802403625,-0.04055512990473642
15,8,1,13,1,neutral,-0.2413442683976572,0.4413929506909506,-0.5512080976039461,-1.2437793886309674,1.2437793886309674,-0.2909839431478292,0.8376691336917522
15,8,1,14,1,neutral,-0.3952752071216824,-0.0717058007871346,0.10696145088661929,-1.1627888857137723,1.1627888857137723,0.363197510613371,0.07245107733039696
15,8,1,15,1,neutral,1.2658882316764166,0.968674494448883,-0.3664463679585792,-0.8567635039735183,0.8567635039735183,-0.38327270521843115,0.5189535625899643
15,8,1,16,1,neutral,1.889041277163777,2.4459955263255724,-0.441593857588222,0.15824537437350286,-0.15824537437350286,-2.0162615112582216,1.7222718165377948
15,8,1,17,1,neutral,0.5661196844802728,1.5112613762441138,0.05969959473272274,1.166412116419692,-1.166412116419692,-1.691458988646346,1.198351736637616
15,8,1,18,1,neutral,-0.016552754616034393,0.7361071686342763,-0.016635917882490057,0.9557543091792932,-0.9557543091792932,-1.0657548291935488,0.7527015048835385
15,8,1,19,1,neutral,-0.43301910126848553,0.02548983805724489,-0.03135441866700591,-1.3320349693656315,1.3320349693656315,0.2637306450861351,0.2576765980249906
15,8,1,20,1,neutral,-0.5418662288424688,-0.3618269735673065,-0.030850387195962177,0.8106106335909106,-0.8106106335909106,-0.09928210964247408,-0.07546866554809095
15,8,1,21,1,neutral,-0.3126320728525422,-0.4803707734423278,0.03429665194100282,0.6441241272550067,-0.6441241272550067,0.17288425738681246,-0.3412030629865581
15,8,1,22,1,neutral,0.004460848053708717,-0.2228032914460128,0.8567922393265454,0.38810744708074374,-0.38810744708074374,0.38051850487918293,-0.6534298351361398
15,8,1,23,1,neutral,-0.3067622455052461,0.29507949423243773,0.33791162361609023,-0.005759794537281741,0.005759794537281741,-0.28277643668306246,0.2795048051770157
15,8,1,24,1,neutral,-0.17458726607676445,1.021690541051779,-0.03526472291799606,-0.5443369549551235,0.5443369549551235,-0.9101955523983246,1.126616535549159
15,8,1,25,1,neutral,-0.05102154452155877,0.5225660417965228,0.7031920145507973,-1.8854777670912215,1.8854777670912215,0.3233167039102972,0.1964808067819035
15,8,1,26,1,neutral,0.025144139662917397,0.3255490539897731,1.74544060338163,-2.5623463818937506,2.5623463818937506,1.1187613209896599,-0.5597433175325007
15,8,1,27,1,neutral,-0.2557061289296064,-0.0007383151633654911,0.7937854319131231,-0.9449889808596207,0.9449889808596207,0.49509440977774455,-0.2697779666551238
15,8,1,28,1,neutral,0.42176126617541226,0.708796923806651,0.19783628165118186,-1.5558409331477108,1.5558409331477108,0.01634923651811726,0.39899814989335397
15,8,1,29,1,neutral,0.5202732241836445,1.9793466998298141,-0.3008254366190568,-1.7546329699151382,1.7546329699151382,-1.3213197806699055,1.8696228060475204
15,8,1,30,1,neutral,0.09430691748672304,4.542202658651677,-0.881509601181704,-1.9164629686162105,1.9164629686162105,-4.165782563677934,4.935804000499167
15,8,1,31,1,neutral,0.1786782979388155,4.452996184022108,-1.028013478552065,-1.258512429751046,1.258512429751046,-4.316603767642843,4.877663774328733
15,8,1,32,1,neutral,-0.13169028044179418,2.4723209096051333,-0.8344411908439396,-1.136370021537268,1.136370021537268,-2.4155747261879554,2.955386645248
15,8,1,33,1,neutral,-0.44435580894163396,0.31286545671692495,-0.32797312506811643,-0.22133170114153158,0.22133170114153158,-0.4965312010063312,0.6990299237218001
15,8,1,34,1,neutral,-0.3300629839805061,2.6988748253111163,-0.6765059705673138,-1.2008742927676659,1.2008742927676659,-2.634106379237834,3.2021593025850263
15,8,1,35,1,neutral,-0.04471430920417674,3.4209624209484395,-0.6974863138402957,-1.3072233020611603,1.3072233020611603,-3.232621527942877,3.7920627324706757
15,8,1,36,1,neutral,0.2869970651319867,2.544575013148939,-0.30448242451774515,-1.3866724368241687,1.3866724368241687,-2.088179320669469,2.553317692841818
15,8,1,37,1,neutral,0.1810852197205159,2.715633760641762,-0.5645430150024001,-1.588884134176834,1.588884134176834,-2.313824981010112,2.907362658282704
15,8,1,38,1,neutral,0.3472982900703041,4.664937106867563,-0.8904769443105843,-1.0854759405840013,1.0854759405840013,-4.48417134475299,4.936526433987703
15,8,1,39,1,neutral,0.017282613794743107,3.060111119408195,-0.7423721787119494,-1.1395407689909083,1.1395407689909083,-2.9219607180502942,3.422655901866798
15,8,1,40,1,neutral,0.7269154431743281,3.406672855525124,-1.072486676514851,-1.605059659779723,1.605059659779723,-2.9868433800453906,3.5794584721953857
15,8,1,41,1,neutral,1.3651119329231283,5.0507628047889215,-1.166253086104857,-1.7371736817895822,1.7371736817895822,-4.405418628586304,4.9513333813797855
15,8,1,42,1,neutral,0.4982094191635662,2.2559313370152267,-0.7512482111185002,-1.1938164058351484,1.1938164058351484,-1.9423387990551553,2.3824507329926936
15,8,1,43,1,neutral,-0.09178530160585573,0.38025421134976645,-0.09587136194726825,0.06518350657703594,-0.06518350657703594,-0.46453426805981973,0.47408254312632847
15,8,1,44,1,neutral,-0.5752807870660028,-0.6832074001906714,0.5084086558306091,1.3434907839827277,-1.3434907839827277,0.2130864284512976,-0.6497713345729745
15,8,1,45,1,neutral,-0.44412471866610415,-0.6997077095291665,0.02762530942199234,-0.7170892755825728,0.7170892755825728,0.7999043316419868,-0.49145800490711056
15,8,1,46,1,neutral,-0.004410628930944113,-0.5487889175806413,0.5669011735317816,-0.9239095568137295,0.9239095568137295,1.0442556180521636,-0.83003418988106
15,8,1,47,1,neutral,-0.13594881859434776,-0.2428412890316111,0.8822435220574355,-0.9265595615629677,0.9265595615629677,0.8004593773736295,-0.615988640763155
15,8,1,48,1,neutral,-0.39805309151844354,-0.007568365476482958,1.2142855801110157,-0.9742316868425442,0.9742316868425442,0.6043897572881884,-0.4156846097727691
15,8,1,49,1,neutral,-0.16705665291214036,-0.08150747855292115,1.7768393314149564,-1.6457849705286105,1.6457849705286105,1.16669669489673,-0.8863988178043292
15,8,1,50,1,neutral,-0.08916190937404203,0.4435927262483178,1.0993327521592458,-1.1651206573261765,1.1651206573261765,0.2815044404554756,-0.061492695144284015
15,8,1,51,1,neutral,0.46975544354025967,0.4501664271337002,1.7465839412669417,-1.5579496855644226,1.5579496855644226,0.807929929656841,-0.6580032652699004
15,8,1,52,1,neutral,0.2759263170775091,-0.5148563921470508,0.3682734505740993,-0.8139246847217912,0.8139246847217912,1.0008978762715175,-0.836956275972855
15,8,1,53,1,neutral,0.07416222783227346,-0.16450065152576004,-0.45234112245487007,-0.1521717542824509,0.1521717542824509,0.0891649380790448,0.02458879578553827
15,8,1,54,1,neutral,0.6760382742278946,-0.01044817505215672,1.3302781776743222,-0.7930841393597516,0.7930841393597516,0.9435817054728128,-1.0136064010032653
15,8,1,55,1,neutral,0.6198912260318443,-0.26041272206527777,1.7951869141545336,-0.23745863902435368,0.23745863902435368,1.144591648468855,-1.4679517921584666
15,8,1,56,1,neutral,0.05840612840883014,-0.28377964585507953,-0.6217642384420835,1.0019255560766414,-1.0019255560766414,-0.23798157618155202,-0.0021005908384528205
15,8,1,57,1,neutral,-0.017440132648316276,-0.33915397485695603,-0.6944239443053716,0.9472551523047276,-0.9472551523047276,-0.21388576822918243,0.016778063619887873
15,8,1,58,1,neutral,-0.1544456885876207,-0.5585543268562564,0.6565829404947928,-0.4989733302359858,0.4989733302359858,0.892257854237309,-0.8096229528098424
15,8,1,59,1,neutral,0.3626411967620957,0.5533852544453604,0.2639983078664835,-1.7102282651458236,1.7102282651458236,0.22557066881277388,0.24006550213107075
15,8,1,60,1,neutral,0.3248722734483437,0.09952284310781957,-0.15790660479810056,-0.20578289619035917,0.20578289619035917,0.024726678505714514,0.016040008782698012
15,8,1,61,1,neutral,0.16052324990080122,-0.20084490618556017,0.6975568334576836,-0.23090262671221926,0.23090262671221926,0.563839142875795,-0.6298849478648025
15,8,1,62,1,neutral,0.39527908026562597,-0.3572124643872035,0.7578805606667237,0.2510838889390845,-0.2510838889390845,0.6579043817182919,-0.9337922848533784
15,8,1,63,1,neutral,0.3446528944665617,-0.5483622967874069,0.2962408073882191,-0.5187789596848621,0.5187789596848621,0.9349198506339547,-0.8688091477147973
15,8,1,64,1,neutral,0.23777693471048947,-0.3237385083751594,0.4672366695002864,-1.7516852100666789,1.7516852100666789,1.142638113134311,-0.6762453104805473
15,8,1,65,1,neutral,0.08587941483752716,0.6218122456921706,-0.18297037406987815,0.7208717238600504,-0.7208717238600504,-0.8944664733896377,0.6703577253083461
15,8,1,66,1,neutral,0.22723053299970739,0.5735875024555809,-0.19724074823792062,-0.054112737557289035,0.054112737557289035,-0.5455533283492223,0.5585926100746875
15,8,1,67,1,neutral,0.2368198140531882,0.03494106669527327,0.7811066473330571,-1.1007909564490317,1.1007909564490317,0.6712980725831523,-0.4740221639978494
15,8,1,68,1,neutral,0.29319603795165095,-0.461719786591269,0.6488494005509859,0.9674543399894918,-0.9674543399894918,0.45325015276231734,-0.9327425058425874
15,8,1,69,1,neutral,0.3137689556937996,-0.525180393213858,0.4421615809203107,-0.9252215724920293,0.9252215724920293,1.0855644295825713,-0.9031456615209131
15,8,1,70,1,neutral,0.31397452119332414,-0.7046836101189207,0.8406403385303864,-0.9181776297095684,0.9181776297095684,1.3956144399300137,-1.281991039980776
15,8,1,71,1,neutral,0.1646393109529803,-0.6812646472732058,0.2738581678252159,0.637233002681807,-0.637233002681807,0.6150194726386689,-0.9005133866623038
15,8,1,72,1,neutral,-0.08122230015242551,-0.5297109683464402,0.7620495281446124,-0.7276021051156222,0.7276021051156222,0.9991874127157099,-0.8701245823425336
15,8,1,73,1,neutral,-0.05733070661312045,-0.2053970450688881,-0.1566515685318698,-0.4305156379454935,0.4305156379454935,0.27757483266905586,-0.09840590749639297
15,8,1,74,1,neutral,-0.03693177795875574,0.3638913826513938,-0.31899402591814824,-0.4922448181586156,0.4922448181586156,-0.3184517112241566,0.5418542845898457
15,8,1,75,1,neutral,-0.08550671563410603,1.0186091757565525,-0.08575840621538808,-0.6839312703560392,0.6839312703560392,-0.8477204595877041,1.1042417366812995
15,8,1,76,1,neutral,0.10240276383139066,0.06304858563968684,0.3500377403519798,-0.4821290688850787,0.4821290688850787,0.24847460538312954,-0.16317166645199838
15,8,1,77,1,neutral,0.27630543128853935,0.26684372666819206,0.6058291166246326,-0.9705691816530225,0.9705691816530225,0.35072418318720616,-0.1742235472883939
15,8,1,78,1,neutral,-0.5935985100396459,-0.29514484302375965,-0.19551101397030224,-0.6078697424491887,0.6078697424491887,0.23473158250350648,0.09940991898121443
15,8,1,79,1,neutral,-0.002335860266235501,0.26276795630950095,1.6113987764116044,-1.9598364082340514,1.9598364082340514,0.9268651518169726,-0.5417635017631834
15,8,1,80,1,neutral,0.03371099654655188,0.22004503985949458,0.6202003172470225,-1.5593744742339783,1.5593744742339783,0.5177168894830229,-0.1069106170372926
15,8,1,81,1,neutral,0.3928059624836221,0.9342704619869381,-0.2700246112630416,-1.6218514951511303,1.6218514951511303,-0.35272617986303456,0.8728797863766479
15,8,1,82,1,neutral,0.5292264024088724,-0.14154903932852742,-0.07101613955705503,-0.33706508832864124,0.33706508832864124,0.406640823055347,-0.3706541707544361
15,8,1,83,1,neutral,0.8687968733687198,-0.6969260340422694,2.999796160172825,-0.0304448650679701,0.0304448650679701,1.9966053335787743,-2.6312225508130416
15,8,1,84,1,neutral,0.816596697529156,-0.3877739194909487,1.340482953400124,-0.17155058506860135,0.17155058506860135,1.1639839981569091,-1.4663137449555885
15,9,1,0,2,positive,0.21685435749270204,-0.5022768948491008,0.5675195301012824,-0.3959777845678573,0.3959777845678573,0.8957274522363814,-0.894463838646093
15,9,1,1,2,positive,0.6978972523187893,-0.5077024031505022,4.6051681243590945,1.1453013560264036,-1.1453013560264036,1.8936237433676621,-3.1592350914894443
15,9,1,2,2,positive,1.0974608943954252,-0.18259961480070652,4.9184123785851455,1.3463123642569785,-1.3463123642569785,1.7391199177085706,-3.190536251290992
15,9,1,3,2,positive,0.9267773891540367,-0.5501197884776123,5.487692188695758,0.38920469734631075,-0.38920469734631075,2.5585414153121064,-3.757354577402509
15,9,1,4,2,positive,1.1734178873012389,-0.17562916666616352,6.477712400199884,0.35693842779660573,-0.35693842779660573,2.607026453234336,-4.001194310416725
15,9,1,5,2,positive,1.4239630682871034,0.08102613501500813,4.775045517708642,1.469832719221495,-1.469832719221495,1.4953658205764087,-3.0184781579828646
15,9,1,6,2,positive,1.3293515662757092,-0.266172456565689,4.997031746456349,0.1515302787090892,-0.1515302787090892,2.3244568012400117,-3.429364112931718
15,9,1,7,2,positive,1.054542569544594,-0.46228450489755774,5.480933157610108,0.8375861944328912,-0.8375861944328912,2.3615810158048283,-3.730022368474909
15,9,1,8,2,positive,0.8979760614974326,-0.3870824734278765,4.049893880036457,-0.09039010938538188,0.09039010938538188,2.0665024904009672,-2.8610174441948213
15,9,1,9,2,positive,0.46042118309719354,-0.25317680624473826,1.8975088135064007,0.125583060271786,-0.125583060271786,0.9972924516886743,-1.4321418045465353
15,9,1,10,2,positive,0.43885742821788953,-0.6773046950835446,1.6788521847664333,0.1754069211305942,-0.1754069211305942,1.3247389257014541,-1.736159501575706
15,9,1,11,2,positive,0.4306824577969311,-0.7373572112359745,0.4127806779974534,0.4400447113144787,-0.4400447113144787,0.8718300193959432,-1.1590887791331668
15,9,1,12,2,positive,0.2555065710172315,-0.7632904517708252,-0.0018931495282945472,-0.5206712324187214,0.5206712324187214,1.0213853364067114,-0.8900971625152937
15,9,1,13,2,positive,0.6569172167098895,-0.012659983394669172,2.1646330578177895,-0.3638214245818166,0.3638214245818166,1.0744505497645012,-1.4234351206585087
15,9,1,14,2,positive,1.391099423980422,0.9389790065592949,3.6442668738209427,-0.3806559632889565,0.3806559632889565,0.8663617471374787,-1.5787041423413875
15,9,1,15,2,positive,0.9650777111027401,-0.5332438903702628,5.437301501583388,-0.024544248311457444,0.024544248311457444,2.6755517107027913,-3.7344334967133266
15,9,1,16,2,positive,1.0818544622683595,-0.975635321311861,2.2565926142846044,0.6449582711250902,-0.6449582711250902,1.8734649231211522,-2.644858859588343
15,9,1,17,2,positive,1.352403492782209,-1.0807465855164389,1.2033746233574918,-0.2755423935302422,0.2755423935302422,2.024520088739753,-2.358635643586289
15,9,1,18,2,positive,0.9093978488934356,-0.8830782171669602,0.8281476787748725,0.006941749186554029,-0.006941749186554029,1.459946143327545,-1.7518509810011142
15,9,1,19,2,positive,0.4550205068297659,-0.6641201891252895,0.7661244890025228,0.2702584059633573,-0.2702584059633573,0.9810823857482667,-1.274692687041434
15,9,1,20,2,positive,0.8026540041433434,-0.5258664044638922,6.353315868590142,0.802372329834482,-0.802372329834482,2.643732252096894,-4.103851340830635
15,9,1,21,2,positive,1.1954254730349432,-0.054582780391613184,5.691981232630589,0.5480918697874769,-0.5480918697874769,2.167687725684298,-3.498286133224379
15,9,1,22,2,positive,0.5471583011564034,-0.08857070040233891,1.798423204901586,-0.3046338608416002,0.3046338608416002,0.9719758227022022,-1.2613614534313335
15,9,1,23,2,positive,-0.021643757152364662,-0.19577401811375938,0.5845936624785694,0.5128578080684613,-0.5128578080684613,0.21247138386634054,-0.47724897077686174
15,9,1,24,2,positive,-0.2206741965953103,-0.04665162154855099,-0.2647130023996915,0.16348649840880095,-0.16348649840880095,-0.16963961091938326,0.1960419779489499
15,9,1,25,2,positive,0.6338334974817138,-0.3327441574869816,-0.13024681008588795,0.13626256583798402,-0.13626256583798402,0.45518553133959555,-0.5845375011848946
15,9,1,26,2,positive,1.377593701866586,-0.4493728261910628,0.9579316677872316,0.1838409398173179,-0.1838409398173179,1.166600969469896,-1.6171355110179715
15,9,1,27,2,positive,1.3820371707100028,-0.2954035243884595,4.349125362990219,0.051984201165268994,-0.051984201165268994,2.188462968566777,-3.1609847912385707
15,9,1,28,2,positive,1.7279243391977,0.07572672472751674,7.659970044794952,-0.16376513328589412,0.16376513328589412,3.1081597810319987,-4.618220467268809
15,9,1,29,2,positive,1.4393134089671447,-0.030331932318760246,7.594568095391576,-0.32317827144641503,0.32317827144641503,3.149351857587139,-4.547272684498121
15,9,1,30,2,positive,1.463765700602103,-0.42621655339727804,4.101820369861691,-0.11993272863806564,0.11993272863806564,2.321389486431231,-3.2090095886291747
15,9,1,31,2,positive,1.602448920391884,-0.7909456483395338,0.5554318505849114,0.8767819285504999,-0.8767819285504999,1.2179785958149656,-1.8698860338279315
15,9,1,32,2,positive,1.2475962475718247,-1.0257057374924885,0.0792242850280829,0.9728143803766255,-0.9728143803766255,1.1437077882335824,-1.6891160037924422
15,9,1,33,2,positive,0.3125423769801307,-0.9402674709415065,0.4792808289541679,0.39832453805168844,-0.39832453805168844,1.0714336935690434,-1.3361790739086559
15,9,1,34,2,positive,1.3212133345636206,-0.34771199116041335,0.7088535848170382,0.36892989550160826,-0.36892989550160826,0.9014243324534301,-1.3627454508507428
15,9,1,35,2,positive,2.3793181005030544,-0.2291557486124018,2.705765920464611,1.5825237041809164,-1.5825237041809164,1.3966758542079847,-2.7716977590962344
15,9,1,36,2,positive,0.4348739256322732,-0.41157867057528974,1.4545692586815184,1.8655105105461633,-1.8655105105461633,0.4195562284978325,-1.3563002627321854
15,9,1,37,2,positive,0.9192464938185494,-0.21019858800311514,1.3905787347030492,1.049644792270506,-1.049644792270506,0.6302587334201459,-1.3651112022639145
15,9,1,38,2,positive,1.7537673937671525,0.033756932988973025,3.839116285211431,0.5187965513520972,-0.5187965513520972,1.6576054428865226,-2.762684906500319
15,9,1,39,2,positive,1.289599228551508,-0.26362315657894597,6.3183607268558815,0.16544547066904877,-0.16544547066904877,2.7444613181583932,-4.067603134282641
15,9,1,40,2,positive,1.5382896931707948,-0.022647563656890093,5.488187926660518,0.6451705463843403,-0.6451705463843403,2.1497499214725475,-3.5358863735725468
15,9,1,41,2,positive,0.8624270986615387,0.06639273325610148,2.3074676070737614,0.36779131405015425,-0.36779131405015425,0.8676417306389471,-1.5185546196115487
15,9,1,42,2,positive,0.6403443735693121,-0.48748575094980984,0.48616352981829775,-0.7160455716890839,0.7160455716890839,1.101670242642041,-1.0507397026436147
15,9,1,43,2,positive,0.44621223956469785,-0.6122852997473692,0.46170318124523557,-0.2552624367919873,0.2552624367919873,1.0000112522813427,-1.066243010152336
15,9,1,44,2,positive,0.4579576742730519,-0.91074384920157,1.9790587296339652,0.28547027529939584,-0.28547027529939584,1.627925892070777,-2.1292520511550785
15,9,1,45,2,positive,1.3765436097318593,-0.06912174882399477,5.909135281614773,0.4416354170228696,-0.4416354170228696,2.3504695735985828,-3.711961194497311
15,9,1,46,2,positive,1.619497894523835,0.3866053716157499,5.756866806527029,0.4029890733091994,-0.4029890733091994,1.937853170964805,-3.301576978909682
15,9,1,47,2,positive,1.3177289100050917,-0.10594025503880344,4.507431626095328,0.25455300815406867,-0.25455300815406867,1.9628094310209203,-3.018520523089013
15,9,1,48,2,positive,0.5465022757322814,-0.8308287169219919,2.5404753354350134,1.5869362623537524,-1.5869362623537524,1.3308424998598394,-2.374317522505639
15,9,1,49,2,positive,0.864250138442966,-0.3795520470904488,3.8972296417403705,1.1728195928627454,-1.1728195928627454,1.5757721095306458,-2.760291937182117
15,9,1,50,2,positive,0.33392464735351374,-0.6929659212376231,3.5959855816162545,1.161581350787259,-1.161581350787259,1.615742213965126,-2.657921035722507
15,9,1,51,2,positive,-0.440410962693796,-1.0915033769749978,0.6145151094648517,1.3774224628696674,-1.3774224628696674,0.6903972716087938,-1.1785554503605256
15,9,1,52,2,positive,0.37243849299088394,-1.0977126775831816,1.257609565387725,0.452094827893278,-0.452094827893278,1.4903637544116253,-1.912736706772486
15,9,1,53,2,positive,1.4385185366961142,-0.7037773912159982,0.9594507040054407,0.0932128532811383,-0.0932128532811383,1.472029520356137,-1.9027620115667756
15,9,1,54,2,positive,0.600192943592853,0.2968349363276108,-0.5030070873990056,0.4995566460059799,-0.4995566460059799,-0.430958532931655,0.2482420082306871
15,9,1,55,2,positive,0.1408757520041077,-0.13495274899539794,-0.26185066860861145,0.4864912550727587,-0.4864912550727587,-0.06753597489702287,-0.07446529069314607
15,9,1,56,2,positive,0.09747337148435115,-0.8110800609002731,0.02836442648542088,0.9140525382328154,-0.9140525382328154,0.5483418141459253,-0.8739989598851591
15,9,1,57,2,positive,0.03583109708500404,-0.7162481304382506,-0.1641936972329275,1.0421283379635635,-1.0421283379635635,0.32608448440108834,-0.6520668303642889
15,9,1,58,2,positive,0.17715522128113365,-0.42055800558709794,-0.06636970075954844,0.9136818377882457,-0.9136818377882457,0.15292589983154442,-0.47595076584789053
15,9,1,59,2,positive,0.30673209742983,-0.7176902158459285,0.538741224912332,0.47234543083410035,-0.47234543083410035,0.8420661796819491,-1.1404268770170094
15,9,1,60,2,positive,0.21952958229289024,-0.8471854016424083,0.6936429550472142,1.0762312407590324,-1.0762312407590324,0.7928325005027657,-1.3037716703124604
15,9,1,61,2,positive,-0.06317542481743454,-0.7418289008368301,0.1395036144630721,-0.5752926083022483,0.5752926083022483,0.9590358334861253,-0.7799929956596489
15,9,1,62,2,positive,-0.14970462548017469,-0.0448477244823402,-0.41285579471237766,-0.0444942081309809,0.0444942081309809,-0.12784101287151695,0.23643248561393598
15,9,1,63,2,positive,-0.40495465030773903,-0.22778671662130204,-0.039446805086608534,0.4822400435307563,-0.4822400435307563,-0.08109378302039924,-0.00558598892412826
15,9,1,64,2,positive,-0.17025085986177635,-0.5286601310566854,-0.039987280430442994,-0.5826210146100079,0.5826210146100079,0.6527877558292816,-0.42354106091057575
15,9,1,65,2,positive,0.07880849365575024,-0.8382106195144594,-0.09081138500256478,-0.15693846467239642,0.15693846467239642,0.8865224772896534,-0.8322091738410522
15,9,1,66,2,positive,0.51368725431599,6.388951073619177,-1.7433011742471831,0.763590029426625,-0.763590029426625,-7.053352390071783,7.003758033584774
15,9,1,67,2,positive,0.9263240484172883,-0.540528089493778,-0.527693627253869,0.9212891036876257,-0.9212891036876257,0.36630852865237584,-0.7398433000754876
15,9,1,68,2,positive,1.3519537929236534,-0.8177617478113747,-0.17657908887566623,1.5943005955816616,-1.5943005955816616,0.6781197839668165,-1.4054490998353684
15,9,1,69,2,positive,1.633386452061339,-0.5697501202376084,-0.08763453303754692,0.8043418618661534,-0.8043418618661534,0.8168868059568213,-1.3426260797495044
15,9,1,70,2,positive,0.7498487701173395,-0.26994387769587225,-0.3330343913626559,0.16254320950949028,-0.16254320950949028,0.35470093411093667,-0.47835106707321406
15,9,1,71,2,positive,0.7511393205307586,-0.11447421699139074,-0.7444545966272524,-0.6883328108406085,0.6883328108406085,0.3461467285727623,-0.11781657894314382
15,9,1,72,2,positive,0.573184090349286,-0.27192642167991465,-0.5522875982272802,-0.17518512829946706,0.17518512829946706,0.3372869618204056,-0.2823746677409175
15,9,1,73,2,positive,0.8790257340918193,-0.8465712240017478,0.41540633456952525,0.5160283380920159,-0.5160283380920159,1.106039134191524,-1.49378725833242
15,9,1,74,2,positive,0.7374500255948511,-0.7583047834329484,0.2567284044978598,0.14055637803965915,-0.14055637803965915,1.0428454674506322,-1.2553939984793039
15,9,1,75,2,positive,0.6633647896529332,-0.8362983062676015,0.3843823880237942,0.2360088015825351,-0.2360088015825351,1.1068777649656656,-1.3601718951059651
15,9,1,76,2,positive,0.6770811667191001,-0.09736922002851608,-0.6421235891235065,-0.4308476657434202,0.4308476657434202,0.252637634474854,-0.11484800882631288
15,9,1,77,2,positive,0.6261776169004324,-0.9155123603383346,-0.2816706503367028,0.5927795059402463,-0.5927795059402463,0.832754847212829,-1.0877658436201993
15,9,1,78,2,positive,0.4161327308089032,-0.6487351542320647,-0.20394223309766718,-0.10943875128952472,0.10943875128952472,0.7559449038989849,-0.7548304030876827
15,9,1,79,2,positive,0.6453193059489686,-0.7784929112714342,0.15494132227736362,-0.28981622914436117,0.28981622914436117,1.141851863728332,-1.1786232253846003
15,9,1,80,2,positive,0.416446394439572,-0.5564292378235541,-0.2731702640277488,-0.01290715756226186,0.01290715756226186,0.6084903338149158,-0.6280673030294657
15,9,1,81,2,positive,0.451613337175902,-0.717128846622363,-0.24186658197060906,0.4752688117300754,-0.4752688117300754,0.6286214944474355,-0.8220022242250095
15,9,1,82,2,positive,0.2982503946421908,-0.21376733071141604,-0.19731352925249235,1.1408434151867402,-1.1408434151867402,-0.13286818588759783,-0.26423576340626526
15,9,1,83,2,positive,0.3239669824612047,-0.5615366780135573,-0.009754383704660873,1.5013069002716979,-1.5013069002716979,0.165838577508506,-0.7186429773918293
15,9,1,84,2,positive,0.3275658890813162,-0.6602633485861431,-0.121742249833625,0.3660983798733815,-0.3660983798733815,0.6068384350442463,-0.7631751682099887
15,9,1,85,2,positive,0.965586551564936,-0.8546499897170925,0.1911431581351484,0.31099450240799836,-0.31099450240799836,1.136561725481121,-1.4330148445671347
15,9,1,86,2,positive,1.3178695215547305,-1.0337459779740628,0.6755825605734372,-0.044537284103443965,0.044537284103443965,1.7130757667179335,-2.0304720190381467
15,9,1,87,2,positive,0.5608982553449079,-0.5917082718087031,0.012979491090663256,-0.36228240489202745,0.36228240489202745,0.9037616555845693,-0.8786471450264887
15,9,1,88,2,positive,0.16674081411969163,-0.7766958491459999,0.2838398145011031,-0.21865041619968464,0.21865041619968464,0.9997728640861596,-1.0019861634563973
15,9,1,89,2,positive,0.6084328991941703,-1.042898845233403,0.2931555703404414,1.0699375465829106,-1.0699375465829106,0.9867824862173032,-1.4936930800007087
15,9,1,90,2,positive,0.3739173552978088,-0.5237419449065992,0.513462166154586,1.2974939830324415,-1.2974939830324415,0.387037124379917,-0.9674317056327966
15,9,1,91,2,positive,1.1610337319212847,0.18428249599442958,3.7793571075631935,0.6582884430178645,-0.6582884430178645,1.2430849694944415,-2.2859129237478095
15,9,1,92,2,positive,1.6478191140328584,-0.055537091073029066,7.328420065170476,0.8877023676398021,-0.8877023676398021,2.751716028260873,-4.5436566806746965
15,9,1,93,2,positive,0.8089727797925351,-0.13499473020568808,2.7234366099862926,-0.7034850556242144,0.7034850556242144,1.5469595453400355,-1.9011994250951019
15,9,1,94,2,positive,0.32938452247450245,-0.4074469603246126,0.4745811374451172,-0.5555419023612126,0.5555419023612126,0.8606161477515567,-0.8094297902844224
15,9,1,95,2,positive,0.34292418516819373,-0.4347951520063765,-0.2640460164425548,0.36392771363323934,-0.36392771363323934,0.3397786370371763,-0.4742342363691959
15,9,1,96,2,positive,0.49785482064757763,-0.26154368934588595,-0.19012931552475137,0.4261666545967473,-0.4261666545967473,0.22206330618791228,-0.4154064419072991
15,9,1,97,2,positive,0.29571835454009343,-0.5169526055086472,0.2933274946997198,0.008244710424133809,-0.008244710424133809,0.7105529851138737,-0.8114755301285538
15,9,1,98,2,positive,0.5297712698614843,-0.8683043085221378,0.7240111695207264,0.3643663455940362,-0.3643663455940362,1.1647763397848627,-1.4951955282132432
15,9,1,99,2,positive,0.7082980985577656,-0.6579899041235009,0.8738735480614732,0.44701985838591635,-0.44701985838591635,1.0363738335346084,-1.4490757274331203
15,9,1,100,2,positive,0.6661184654512532,-0.46837257992982173,2.4036691306279665,1.1621492964056117,-1.1621492964056117,1.1042520131543578,-2.0032663779694317
15,9,1,101,2,positive,0.18317353479369494,-0.29342822149016046,0.6376158755784622,0.8230904829958638,-0.8230904829958638,0.2926611972822582,-0.703822926676239
15,9,1,102,2,positive,0.04359817420292468,-0.4654504912936661,0.7237645933369983,0.6883951977553328,-0.6883951977553328,0.4917730145551962,-0.8491318750636276
15,9,1,103,2,positive,0.5378710305255681,0.12439568441770771,-0.05984512358432643,0.010609622742568344,-0.010609622742568344,0.03140974364851673,-0.11461726905291311
15,9,1,104,2,positive,1.2201203091688442,19.412582500356365,-1.8484272415189706,-0.24623782869454758,0.24623782869454758,-19.539938868241556,19.72673596653143
15,10,1,0,2,positive,-0.23167484661877186,-0.47954532932625815,0.9389954524912643,-0.5397224168617832,0.5397224168617832,0.89522633690435,-0.8332056322625043
15,10,1,1,2,positive,-0.04226590240792273,-0.2994301329816303,-0.14078057224536475,-0.7671623961724152,0.7671623961724152,0.49413544015467287,-0.20790689565498655
15,10,1,2,2,positive,0.21278493660246836,-0.684707001646337,0.30481424697639503,0.4985675755855334,-0.4985675755855334,0.691050870977447,-0.9435065934357687
15,10,1,3,2,positive,0.9240289235834432,15.391017331069474,-1.7830363362576616,0.26569045878725567,-0.26569045878725567,-15.76591662155663,15.820521037406582
15,10,1,4,2,positive,2.1544315392238054,4.110183874790598,-1.4164691085687127,0.42344425066350855,-0.42344425066350855,-4.00534448146007,3.741202659463052
15,10,1,5,2,positive,1.3291979754340364,5.884856838041358,-1.594463226410118,1.0479576941986943,-1.0479576941986943,-6.322597819766283,6.017489463529399
15,10,1,6,2,positive,0.9582571706600365,-0.7225355726239944,0.020723467250510864,0.4606883359155723,-0.4606883359155723,0.8952996732889861,-1.212025891579268
15,10,1,7,2,positive,0.8636914614205453,-0.821987774557555,0.4189338284446228,0.9879587233284562,-0.9879587233284562,0.9202099634031257,-1.4633004194901391
15,10,1,8,2,positive,0.8497222188673303,-0.621385231237381,-0.03623088675949513,0.8503453628547465,-0.8503453628547465,0.6091005543217439,-1.0281308972912986
15,10,1,9,2,positive,0.5183843909622767,-0.4741862794120575,-0.06424199196391976,0.3396544039355522,-0.3396544039355522,0.5123489444329924,-0.701257478911236
15,10,1,10,2,positive,0.26634514908555895,-0.7569219119913915,0.40854999499516537,0.4753801138425769,-0.4753801138425769,0.823426922070774,-1.0943694840317537
15,10,1,11,2,positive,0.3992007792990032,-0.517670789345992,0.19707251847825738,0.08065377312678466,-0.08065377312678466,0.6895439642294839,-0.8158074382346223
15,10,1,12,2,positive,0.81406780800132,-0.6919149813770292,0.38631886546730515,0.058151360999577906,-0.058151360999577906,1.0726600855333783,-1.2921083181113417
15,10,1,13,2,positive,0.6701670360701728,-0.9962865760284996,0.6982512447093578,0.17009614909684453,-0.17009614909684453,1.395727286589395,-1.6804957164182648
15,10,1,14,2,positive,1.132800503554003,-0.886472136233698,0.5453016656344838,0.05569535716636372,-0.05569535716636372,1.4272744069077392,-1.7255232208279414
15,10,1,15,2,positive,3.699287862118852,-0.19192729601832836,14.387415065274908,-0.2821113530761847,0.2821113530761847,6.31486538950831,-9.235278759715207
15,10,1,16,2,positive,5.33052017021248,0.5173525797239996,15.830974778934658,1.6679909153231627,-1.6679909153231627,5.980482098217325,-10.06339489484957
15,10,1,17,2,positive,0.9868999048460592,-0.6347881304415646,0.5251590456359791,1.7145090412737833,-1.7145090412737833,0.5673047668443162,-1.3908176056825838
15,10,1,18,2,positive,-0.3597158480371636,-0.5267414164486578,-0.22001277847593229,0.28634383693112636,-0.28634383693112636,0.2380505953005837,-0.23687710319210986
15,10,1,19,2,positive,-0.35098542330604465,-0.22467664393404146,0.18899514585622784,1.539445049703833,-1.539445049703833,-0.34246846511717516,-0.14368150520913306
15,10,1,20,2,positive,3.819229397472778,0.5445801504267593,13.775255785880134,0.6111094368340299,-0.6111094368340299,5.1165450984128675,-8.252662441249697
15,10,1,21,2,positive,11.489731598601471,1.3772656273842623,62.77727164645363,-0.16331122785092594,0.16331122785092594,23.432839196917744,-35.756235995143285
15,10,1,22,2,positive,10.030594442653856,1.4619663087224342,53.322695739530445,0.7432116281645005,-0.7432116281645005,19.408059875950833,-30.214678782369717
15,10,1,23,2,positive,0.6293556214382956,-0.8450855005318527,2.642231361880946,0.5473543361903391,-0.5473543361903391,1.75316304957482,-2.4808789921914736
15,10,1,24,2,positive,-0.14239406597541232,-0.9070466798184669,0.9304509110430753,1.4379670465920293,-1.4379670465920293,0.6904099459770114,-1.3010751023522984
15,10,1,25,2,positive,-0.036023907712754696,-0.3807059246926777,0.8930711356915307,0.30887101529444017,-0.30887101529444017,0.5634313289207897,-0.8092295386820658
15,10,1,26,2,positive,-0.14924283967284563,-0.21927947866479922,0.7311717406449765,0.380893577456102,-0.380893577456102,0.2862912531701422,-0.5102439291508647
15,10,1,27,2,positive,-0.25517445825168805,-0.7406123753821325,1.177416627869623,0.7567380478727864,-0.7567380478727864,0.7957804159638487,-1.2017334601911
15,10,1,28,2,positive,-0.16327512327700175,-0.967523768557371,0.7164077591546499,1.5936690774480748,-1.5936690774480748,0.6206782880338955,-1.244090086496195
15,10,1,29,2,positive,-0.12470146147921685,-0.8106065746511556,-0.15179924021691596,1.0520508008588827,-1.0520508008588827,0.3677560737994838,-0.6723562238030891
15,10,1,30,2,positive,-0.00045137426885377696,-0.4049214032869939,-0.11708586996713997,0.5553506160453707,-0.5553506160453707,0.1806254498598724,-0.346152781168997
15,10,1,31,2,positive,0.17713686972942003,-0.3116541807683507,-0.1334158500225951,0.784665184252756,-0.784665184252756,0.0646727925863737,-0.3335146906217632
15,10,1,32,2,positive,0.10831445231661706,-0.6066815720036844,0.02425987553360285,0.495303739163222,-0.495303739163222,0.48577176823268375,-0.6729687359287944
15,10,1,33,2,positive,0.04562191824764665,-0.038658756788217966,0.35457723399982155,-1.0073043273332178,1.0073043273332178,0.5078265833151133,-0.2387583329119521
15,10,1,34,2,positive,0.0043582940081973165,-0.07194373771840562,0.052451631277205556,-0.2584988201295222,0.2584988201295222,0.17704665285671395,-0.10034870036110706
15,10,1,35,2,positive,-0.06386248947573589,-0.18819662243169283,-0.03975845013205157,-0.08986526304025984,0.08986526304025984,0.18361139690918363,-0.1363861526277991
15,10,1,36,2,positive,-0.33954674581234623,-0.30357542313721375,0.02649158654551145,0.9450071196937068,-0.9450071196937068,-0.11577866984963342,-0.14704784350379635
15,10,1,37,2,positive,0.45452055257057483,-0.2506257867869276,-0.1833779897205002,0.7629732576796142,-0.7629732576796142,0.08668222184374774,-0.3861970682119649
15,10,1,38,2,positive,1.259964495989626,-0.6660317080866484,-0.09902790752027767,0.3175786701447458,-0.3175786701447458,0.9471510141948492,-1.2465000023213224
15,10,1,39,2,positive,0.8759219486704092,-0.5719264099909092,0.24133028032907955,-0.23026626097768724,0.23026626097768724,1.0210992399833012,-1.1305525244906536
15,10,1,40,2,positive,0.7892292964482568,-0.465910559558526,0.6442589284262787,-0.3559703980238749,0.3559703980238749,1.0623967671913295,-1.1826546719957938
15,10,1,41,2,positive,0.40928544654194066,-0.4688722666180126,0.10248609180250481,0.5459414388059782,-0.5459414388059782,0.4574822997975017,-0.7247580357902353
15,10,1,42,2,positive,0.5002657699463985,-0.4074021035355353,-0.03614011972996427,1.3130818708972225,-1.3130818708972225,0.12441669664193916,-0.6394649286437524
15,10,1,43,2,positive,0.3092801518224027,-0.47868278487665783,-0.41098919990139465,1.013739396863879,-1.013739396863879,0.1068666365623675,-0.42782826083716186
15,10,1,44,2,positive,0.42738230054416204,-0.6701255970366423,0.9644363391704893,1.3229136957385668,-1.3229136957385668,0.6930939116953372,-1.3660349168939678
15,10,1,45,2,positive,0.3743257562184289,-0.5248725216187624,1.6767737163516516,0.4075684982689767,-0.4075684982689767,1.0727161797191305,-1.5504222579038027
15,10,1,46,2,positive,0.19691202817675904,-0.6033606281180581,0.5765685909346433,0.7708516493879184,-0.7708516493879184,0.6042369513592194,-0.9901009376737593
15,10,1,47,2,positive,0.11337031244821118,-0.9178449286396436,0.3886332206374587,0.8976257164575783,-0.8976257164575783,0.7859708675156741,-1.1688466951824785
15,10,1,48,2,positive,0.16122545234088223,-0.7768031605336849,1.2659573346939224,0.41289216806235896,-0.41289216806235896,1.1149000335245,-1.4903945540510872
15,10,1,49,2,positive,0.33734758079278343,-0.651451270951568,1.3249229690786843,0.4835447417396499,-0.4835447417396499,1.044359873662174,-1.482586545887302
15,10,1,50,2,positive,0.2593778611058195,-0.37192036791691435,1.2771855878194607,-0.3248448110268665,0.3248448110268665,0.9923897879009633,-1.1402020923795544
15,10,1,51,2,positive,0.15748886335654358,-0.17566599998937038,0.9656686628605549,-0.9585388447941267,0.9585388447941267,0.8695647903264455,-0.7372447630979196
15,10,1,52,2,positive,0.3001432303928413,-0.13934131365627392,0.10194431899133612,-0.5163361001558596,0.5163361001558596,0.4454825301696196,-0.3403850883483626
15,10,1,53,2,positive,0.4059017477720549,-0.04071154034966193,0.8028269367684574,-0.2186788732959134,0.2186788732959134,0.5165140596284704,-0.6450758826199181
15,10,1,54,2,positive,0.7459303389644365,-0.5094046109955721,0.3062026791232969,0.1505876455735434,-0.1505876455735434,0.8099197351669688,-1.0354711200394389
15,10,1,55,2,positive,0.8555718974610317,-0.728146424287688,1.3878042564484605,1.166449376836516,-1.166449376836516,1.0871220166453468,-1.8498345012424342
15,10,1,56,2,positive,0.6269877039050695,-0.5392003996791085,1.6617123605930213,-0.6609620332003417,0.6609620332003417,1.5224210989119193,-1.683550431928154
15,10,1,57,2,positive,0.38598071648517823,-0.31228080804698033,0.4989817128470795,0.10081433250357186,-0.10081433250357186,0.5736635069898757,-0.7547620227131092
15,10,1,58,2,positive,0.5140055308029464,-0.025802946550673334,0.08720445931699142,-0.41296345965344905,0.41296345965344905,0.3638607631418023,-0.32640794161064224
15,10,1,59,2,positive,0.4116972924471879,-0.04248377872807414,0.41129354737482204,-0.34982008259586506,0.34982008259586506,0.4334207528673658,-0.4539791986390791
15,10,1,60,2,positive,0.0879457414618062,-0.11458663381414266,-0.06884345846295446,0.6554253424932656,-0.6554253424932656,-0.09752105268399527,-0.12413777531356854
15,10,1,61,2,positive,0.02917637943998906,-0.20932317068517764,-0.30948385217695723,0.9137397376288611,-0.9137397376288611,-0.1886925661034321,-0.06916943431669356
15,10,1,62,2,positive,-0.2801117348905564,-0.22173054697156847,-0.2250198635182754,0.9195967342313894,-0.9195967342313894,-0.25317889724183856,0.030835252232847443
15,10,1,63,2,positive,0.6632537194356712,-0.40331939027277763,0.0709331480691971,0.18839993404533287,-0.18839993404533287,0.5852483680926228,-0.7704128240252118
15,10,1,64,2,positive,1.8142464725126062,-0.5614677022488443,-0.3916113312676947,-0.10195953364350209,0.10195953364350209,1.0696659272116489,-1.2727852728713
15,10,1,65,2,positive,1.5662877674806275,-0.8212702597273343,0.6526311362919975,0.684650483251738,-0.684650483251738,1.33269306656763,-1.9307297116136468
15,10,1,66,2,positive,0.7471088426832857,-0.877033187196693,0.1696842287133593,0.7843797486928974,-0.7843797486928974,0.9211709614312755,-1.3354297228950154
15,10,1,67,2,positive,0.5059739393391723,-0.8795994011367659,1.344632437469861,-0.14223910298691375,0.14223910298691375,1.5438812277354148,-1.8049025895412827
15,10,1,68,2,positive,0.55549185948427,-0.8253230349406395,2.454553444424055,-0.42213359211876744,0.42213359211876744,1.9693826669496703,-2.330345686894802
15,10,1,69,2,positive,0.30903452448785484,-0.8356188183530182,1.5483749946432108,0.21544407075502403,-0.21544407075502403,1.3829406344783655,-1.764323577918551
15,10,1,70,2,positive,0.33973322403284056,0.20649072767956916,-0.5604211835439296,0.5493616738368549,-0.5493616738368549,-0.46317393879555047,0.31683470743511366
15,10,1,71,2,positive,0.43263891508606483,0.3079138565600991,-0.4752784884496015,-0.4009554382045559,0.4009554382045559,-0.18847523494642604,0.32923364324186744
15,10,1,72,2,positive,0.3770323733516629,-0.16154323356615297,-0.10468724817778316,-0.37603876137875075,0.37603876137875075,0.3776711957503631,-0.29771579615309285
15,10,1,73,2,positive,0.6921618827901683,-0.3113820040941365,0.5735604142789147,-0.6339290170153496,0.6339290170153496,0.9445991087889474,-0.944243152628678
15,10,1,74,2,positive,0.23684540336411472,-0.9002084927303111,1.3651978677206038,-0.3340618231137331,0.3340618231137331,1.5455768574631283,-1.7012301282726705
15,10,1,75,2,positive,-0.040434921319362355,-0.7749861677139604,0.34671349105326665,-0.5501273591245889,0.5501273591245889,1.0604548106667915,-0.9281254525809126
15,10,1,76,2,positive,0.8304975123896666,-0.6620043877165263,0.29685406056712854,-0.05516738246386824,0.05516738246386824,1.0561773728567474,-1.225680174194924
15,10,1,77,2,positive,1.28331061456766,-0.8958519513460561,-0.034718714583436845,0.7528950248603136,-0.7528950248603136,1.061084243054026,-1.5201479013381678
15,10,1,78,2,positive,0.9128093553980883,-1.2353169301477456,0.09803921941387633,0.9812186342320374,-0.9812186342320374,1.2451935770077214,-1.7407412175537278
15,10,1,79,2,positive,0.7882339517739312,-1.0064575578669848,-0.19995180036046295,-0.44376830915499754,0.44376830915499754,1.3504743780564734,-1.3005986335737187
15,10,1,80,2,positive,1.1400761468471705,-0.6710032918882441,-0.11364510410719743,0.24618633040857127,-0.24618633040857127,0.931084862665378,-1.1842188132582305
15,10,1,81,2,positive,0.6140489900712149,0.7274184019296941,-0.8526354563176427,-0.7000230076415027,0.7000230076415027,-0.5736062214646691,0.846711635052908
15,10,1,82,2,positive,0.8406060980411496,-0.5449832804975981,0.03545157523467118,0.1082832477617706,-0.1082832477617706,0.8009080890022815,-0.9830121171355085
15,10,1,83,2,positive,0.6067534947128923,-0.2738042407384096,0.5409381146268751,-0.6252516959905251,0.6252516959905251,0.8647853425151738,-0.8476500454082934
15,10,1,84,2,positive,0.5022724993739675,-0.20119795318236725,-0.3952334948732583,-0.5072862176929699,0.5072862176929699,0.4059730272469269,-0.25471745543272184
15,10,1,85,2,positive,0.6080847657827653,-0.14846427697022255,-0.595876217712507,-0.3178258735845257,0.3178258735845257,0.2584757508551505,-0.1545685510053517
15,10,1,86,2,positive,0.5034332134657482,-0.699546361165714,0.3947270867600899,0.6419194923418039,-0.6419194923418039,0.7849599637937253,-1.148626511278633
15,10,1,87,2,positive,0.6549890913031389,-0.47784868661160684,0.777493527628681,0.7385400770884695,-0.7385400770884695,0.7091628672260569,-1.1940899960775169
15,10,1,88,2,positive,0.4205867795618833,-0.5282786309059281,-0.21772562439591767,0.7450691610016481,-0.7450691610016481,0.34754262896070054,-0.6297092084889109
15,10,1,89,2,positive,-0.07755531838543772,-0.3691670739124411,-0.32704984986543156,-0.28618142255031204,0.28618142255031204,0.3296924920122553,-0.16686448978700644
15,10,1,90,2,positive,-0.17950551554053454,-0.24041099478427955,-0.05360184653156809,-0.6871055103196984,0.6871055103196984,0.3917437108668115,-0.12385731374822823
15,10,1,91,2,positive,0.34334856423230614,-0.4063364089641053,0.15234100141910784,0.3482846457513298,-0.3482846457513298,0.45547138226413336,-0.6541811917898123
15,10,1,92,2,positive,0.6478064905351162,-0.6749603826939881,0.47699125329139447,-0.035023745508527326,0.035023745508527326,1.0615675458056675,-1.2373592546072434
15,11,1,0,1,neutral,3.936737382594938,0.20132124208684568,14.54512319003188,1.7019263218547633,-1.7019263218547633,5.391990174837172,-9.039609044226564
15,11,1,1,1,neutral,0.03454036924894799,-0.3385012621272792,-0.2523349755849242,1.0420497883141626,-1.0420497883141626,-0.08144686942276702,-0.22960395895929112
15,11,1,2,1,neutral,-0.0658924657550825,-0.1543344242869717,-0.6041042781192228,-0.69615924580728,0.69615924580728,0.1630552582646299,0.18066394765018096
15,11,1,3,1,neutral,-0.00924210912742747,-0.43124848628363266,-0.3823246355270973,0.2913703880002911,-0.2913703880002911,0.20360277539869406,-0.2354651139563703
15,11,1,4,1,neutral,-0.3446081238949052,-0.30838802274895133,-1.0030888692211022,0.8397022783233216,-0.8397022783233216,-0.42074506773082493,0.3654604738090524
15,11,1,5,1,neutral,-0.6791509181775859,-0.16657044591655323,-1.004355022911312,1.5349577396439604,-1.5349577396439604,-0.9062507809943995,0.6751825246278957
15,11,1,6,1,neutral,-0.6330473305900068,-0.315681764958535,-0.5601265336371527,1.334918711428991,-1.334918711428991,-0.5270157602601817,0.2809051671550447
15,11,1,7,1,neutral,0.1755285584379024,0.712933917955451,-0.30928041027598013,-0.5032729408381295,0.5032729408381295,-0.5897602216221004,0.7798098438744899
15,11,1,8,1,neutral,0.29948361248681565,0.7467113656831781,-0.41663483213131103,-0.2542995775845285,0.2542995775845285,-0.7009952463698337,0.8052869755054257
15,11,1,9,1,neutral,-0.15632789963681437,0.0012202008638626319,-0.4412006413570094,0.5809108196152977,-0.5809108196152977,-0.39403332106690314,0.29998447136077455
15,11,1,10,1,neutral,-0.2628425543141679,0.17541204092349794,-0.49371734537674083,0.8110852275864678,-0.8110852275864678,-0.6979604166826234,0.5536919907689524
15,11,1,11,1,neutral,-0.014137910569306786,-0.08945278428532315,0.54353990310507,-0.12460958037399723,0.12460958037399723,0.30745664192190997,-0.3541537805532048
15,11,1,12,1,neutral,0.05423367193213056,0.15483729292590254,-0.3215080955345518,-0.31864375406952944,0.31864375406952944,-0.13771418277019978,0.2884745047271131
15,11,1,13,1,neutral,-0.29376791807821645,0.5252946892703322,-0.7034593799334903,-0.5680327763991593,0.5680327763991593,-0.668359529807848,1.0239083382761855
15,11,1,14,1,neutral,-0.7486746580726121,-0.09900059805491834,-0.6970937640052587,-0.571031727039213,0.571031727039213,-0.1925783002913009,0.6238836129840171
15,11,1,15,1,neutral,-0.573168733855376,-0.2880444214062855,-0.41111140810738317,-0.044122398019582176,0.044122398019582176,-0.02534149324144014,0.20409564957509407
15,11,1,16,1,neutral,-0.42415543066430195,0.17519757504491262,-0.4909450278715498,0.21061558917902912,-0.21061558917902912,-0.5504362576165396,0.6327478043128385
15,11,1,17,1,neutral,-0.32818718453770823,0.10157492537693077,-1.0136387626522,0.14615721239336651,-0.14615721239336651,-0.5975693119046891,0.772487898971885
15,11,1,18,1,neutral,0.1586204840077723,-0.5198762184246993,-0.5723798534647601,-0.43176605444864863,0.43176605444864863,0.525878446755253,-0.31299653369620545
15,11,1,19,1,neutral,0.3495926888568459,0.365780573203557,-0.558998624059774,-0.5129578846839147,0.5129578846839147,-0.2645965900432281,0.470483540805021
15,11,1,20,1,neutral,0.646358159944673,2.5761719374873495,-0.8676564983609798,-0.5688619311325002,0.5688619311325002,-2.4603174065819515,2.686821106695503
15,11,1,21,1,neutral,0.2824582601085719,2.5776848882326426,-0.9045564749773718,-0.38169157666773396,0.38169157666773396,-2.6578204342996647,2.8887339956670424
15,11,1,22,1,neutral,-0.21952819036692228,0.6530062588967667,-0.7354561062494551,-0.3979773124537637,0.3979773124537637,-0.838675253617638,1.1304984072049553
15,11,1,23,1,neutral,-0.11323062870442753,0.03812537232403078,-0.4940400319098343,0.13005453803830025,-0.13005453803830025,-0.28390043854155145,0.3417607026311617
15,11,1,24,1,neutral,-0.14963620350473533,-0.2505027647824214,-0.5302569358357005,0.9560101618648303,-0.9560101618648303,-0.2947983356193341,0.08944380488779657
15,11,1,25,1,neutral,-0.4162998134944864,0.0772430037763331,-0.7369638498358425,0.34561903293153184,-0.34561903293153184,-0.5768705691969533,0.6538748354414975
15,11,1,26,1,neutral,-0.6361289663806176,-0.2516647182425741,-0.8371510513795207,0.5086563988437471,-0.5086563988437471,-0.408980753958721,0.484975290637495
15,11,1,27,1,neutral,-0.36466139703704514,-0.3186849114064696,-0.5725911983915156,0.05802582108545593,-0.05802582108545593,-0.013074560764869292,0.1499413863078108
15,11,1,28,1,neutral,-0.12153145743899367,-0.18624126128530835,-0.3639108358159964,0.599987917417189,-0.599987917417189,-0.17556880893875135,0.0564798853421867
15,11,1,29,1,neutral,-0.05396621525878631,-0.12379267182666064,-0.35083674086132705,0.08516957606317725,-0.08516957606317725,-0.03953150556776956,0.07860880623339604
15,11,1,30,1,neutral,0.13287781577674695,-0.2675803963737402,-0.03655502449005113,0.13063617179837084,-0.13063617179837084,0.2561426028698485,-0.31574179201708813
15,11,1,31,1,neutral,0.5535503669148457,-0.586819323278829,-0.38826951528071535,1.3559687829857998,-1.3559687829857998,0.1899233461616059,-0.6694597490958942
15,11,1,32,1,neutral,0.20323193596098796,-0.21234816801112064,-0.3070803824606437,1.0870211605756386,-1.0870211605756386,-0.18460836768064412,-0.1604239447612928
15,11,1,33,1,neutral,-0.10537204668615885,-0.005684317891297752,-0.20398662594523273,0.6858749441916482,-0.6858749441916482,-0.3260602210497155,0.14899501842439805
15,11,1,34,1,neutral,0.1161235285537949,0.5051341856286706,-0.5859254265834627,-0.20318474848280252,0.20318474848280252,-0.594006568810959,0.7400351346435046
15,11,1,35,1,neutral,0.1479077501106178,0.766369518148641,-0.8584572509756513,-0.6946177148712334,0.6946177148712334,-0.7716801134799077,1.1216442685811576
15,11,1,36,1,neutral,0.37765700076816483,-0.4274125506804236,-0.4269763364468121,-0.07992869992870379,0.07992869992870379,0.4376156720971091,-0.4027528828411
15,11,1,37,1,neutral,0.3278577649078238,0.21332577126299584,-0.6340345897082924,-0.024224948539922225,0.024224948539922225,-0.3073097300165113,0.36641418366323014
15,11,1,38,1,neutral,0.2054841251031523,0.0966212206773933,-0.5824104780316827,0.14666824005676152,-0.14666824005676152,-0.2711527516724906,0.2850843971416585
15,11,1,39,1,neutral,0.29736917984510663,0.33732285451292876,-0.648665056318241,-0.6127421770722484,0.6127421770722484,-0.2501740876465574,0.512970792749496
15,11,1,40,1,neutral,0.041452767024667325,0.12921806077116912,-0.5456695670050038,-0.2112799202857071,0.2112799202857071,-0.22686368733604556,0.38132646076133736
15,11,1,41,1,neutral,-0.3732519689308141,-0.27716362327644894,-0.3867394384849111,1.406595762048731,-1.406595762048731,-0.4450320998783699,0.10283208043141367
15,11,1,42,1,neutral,-0.23680260503729722,-0.40928748857240044,-0.19090569159684662,1.0626165751647538,-1.0626165751647538,-0.08748746869389878,-0.19543334025532852
15,11,1,43,1,neutral,-0.16688226905948025,-0.6296321351729808,-0.19140903202794401,0.622108270995804,-0.622108270995804,0.3028322778119047,-0.45048648462926866
15,11,1,44,1,neutral,-0.3595329673331723,0.20422919964663092,-0.7164105002482728,0.021483191585368894,-0.021483191585368894,-0.5700380860355689,0.7422009334373535
15,11,1,45,1,neutral,-0.5746046659531092,-0.749397964504935,-0.5818383202410647,1.3932000377082803,-1.3932000377082803,-0.10048304346254977,-0.17117647140784797
15,11,1,46,1,neutral,-0.44055735319041367,-0.5946792470001746,-0.5044625250203326,1.0620228169621349,-1.0620228169621349,-0.07433498472411915,-0.12216930789480146
15,11,1,47,1,neutral,-0.0007480076001382396,-0.10715780094735144,-0.6761005495340235,-0.1675308705252494,0.1675308705252494,-0.06261476125561935,0.23126647761972946
15,11,1,48,1,neutral,1.4990494034098922,9.005738878314842,-1.6172337317349268,-0.08537087246217816,0.08537087246217816,-9.016676696935795,9.06483104247736
15,11,1,49,1,neutral,1.7224804898729698,11.753019887972071,-1.7049093304780882,-0.47082902044102887,0.47082902044102887,-11.590219828026768,11.744234308274631
15,11,1,50,1,neutral,0.7835731580830643,-0.5411100303625846,-0.1376473501707108,0.4125098243295098,-0.4125098243295098,0.6189153582235325,-0.8640729343187614
15,11,1,51,1,neutral,0.33971644657440975,-0.13321892510674732,-0.4120939451150945,0.6486258520977805,-0.6486258520977805,-0.10711552510607442,-0.09703017583640494
15,11,1,52,1,neutral,0.19659259268365453,-0.6126986084472421,0.09598498951540509,0.710652005772847,-0.710652005772847,0.47334046725597967,-0.758987399546772
15,11,1,53,1,neutral,0.29339309284164966,-0.4720865654066241,-0.7262853663436026,-0.04156023217191566,0.04156023217191566,0.34164255162994495,-0.2556404286556476
15,11,1,54,1,neutral,0.16739794218577006,-0.28287092153305826,-0.8224956956822076,0.39857053470042375,-0.39857053470042375,-0.06835184119922882,0.04467795521516049
15,11,1,55,1,neutral,-0.03443530800924732,1.3938947753582083,-1.0993700039693277,-0.4144538902820833,0.4144538902820833,-1.6336785825903721,1.9607974313474958
15,11,1,56,1,neutral,0.5531488585725104,3.034041277868893,-0.7373592488633273,-0.9261544288408249,0.9261544288408249,-2.7867265983522236,3.1261464730143014
15,11,1,57,1,neutral,0.3239248350744638,1.0022546250303188,-0.6010809156675155,-0.7655005878631901,0.7655005878631901,-0.8394731226069394,1.1408326653268448
15,11,1,58,1,neutral,-0.19170078961341422,0.20624617226336744,-0.809841034060891,0.7841512852438125,-0.7841512852438125,-0.8014772085694066,0.7070170841005201
15,11,1,59,1,neutral,-0.343181296377308,-0.09037394417624936,-0.6815087502725473,0.5899881359613804,-0.5899881359613804,-0.44785211669416247,0.42197107914867826
15,11,1,60,1,neutral,-0.09704593089059031,-0.3347905524804614,-0.33434177978973373,0.6597745731711839,-0.6597745731711839,-0.028930208803374602,-0.11909669714029938
15,11,1,61,1,neutral,-0.059372098494271996,0.2838133355694051,-0.724452661333731,0.23208132832889564,-0.23208132832889564,-0.6224486982883712,0.6757257154834067
15,11,1,62,1,neutral,-0.04674417447828346,0.3394226217342903,-0.8437486520550401,0.33489839824561224,-0.33489839824561224,-0.7478863633272689,0.7846690350009521
15,11,1,63,1,neutral,0.1311519468921778,0.9763863411471896,-0.879397306696557,0.2286717244088965,-0.2286717244088965,-1.3020253692182815,1.3505090210493793
15,11,1,64,1,neutral,0.07675221856699821,-0.0396646052575266,-0.5771473079901516,-0.11085278360031808,0.11085278360031808,-0.09018283001675181,0.21053293945405008
15,11,1,65,1,neutral,-0.23070850628823586,1.0208509046192005,-0.8295305504715534,-0.19013228610813518,0.19013228610813518,-1.3108864948364185,1.5509704329990952
15,11,1,66,1,neutral,-0.22426690093945545,0.5680741802185061,-0.6601753734913786,0.04105126868840566,-0.04105126868840566,-0.8765720279249194,1.010295317433923
15,11,1,67,1,neutral,-0.06222384161517697,0.6562192272825949,-0.6879622040624805,0.13417315916851125,-0.13417315916851125,-0.9510056288979845,1.0313122501214236
15,11,1,68,1,neutral,0.052812770960147234,-0.023819703477912346,-0.49506101718702317,0.05292600448112191,-0.05292600448112191,-0.14123838009142026,0.1973044196355256
15,11,1,69,1,neutral,0.19959013838442247,-0.11673881445501144,-0.6550238575137599,0.8725426016509834,-0.8725426016509834,-0.3259199591384288,0.11097804510965728
15,11,1,70,1,neutral,0.2413958228812879,0.22507538502440153,-0.6833352716110721,0.8238322044321634,-0.8238322044321634,-0.6469992694117174,0.44604510938929365
15,11,1,71,1,neutral,0.19847171823032744,0.2459582864741036,-0.4694280929252454,0.7409638373418908,-0.7409638373418908,-0.5832650238197065,0.38143647382156254
15,11,1,72,1,neutral,0.05641902488876381,-0.015571027447841918,-0.20780525462790359,1.6008153067395863,-1.6008153067395863,-0.5684961513784001,0.06012208742172798
15,11,1,73,1,neutral,0.23874022789435428,0.44201438061242126,-0.43981574414980745,0.16339693030991922,-0.16339693030991922,-0.563505196134212,0.5425521387401478
15,11,1,74,1,neutral,0.24800259315090933,0.13349986061476088,-0.38885028209395317,-0.04236188140968222,0.04236188140968222,-0.16632846312588143,0.2039237050862828
15,11,1,75,1,neutral,0.6997205413997558,-0.014523201883036463,-0.5537905364620166,0.260620009040385,-0.260620009040385,-0.023706799484512132,-0.08748820435190607
15,11,1,76,1,neutral,0.7945341944086473,0.015194390779896039,0.06189316741759641,0.3441158511104309,-0.3441158511104309,0.15557611279204153,-0.4130192901332258
15,11,1,77,1,neutral,0.23070966090927114,-0.055350825498240094,-0.40157970108307484,0.6756265168261012,-0.6756265168261012,-0.22681469350172817,0.030084194588661753
15,11,1,78,1,neutral,0.2504909162078625,0.34894554222761,-0.8247518173610554,0.9947242655732271,-0.9947242655732271,-0.8719405978030833,0.6360759928042065
15,11,1,79,1,neutral,0.21220632821759175,0.3273456654023284,-0.542593593298131,-0.24272490782852219,0.24272490782852219,-0.35656645115300073,0.492539297942598
15,11,1,80,1,neutral,0.5547156581218418,0.7899856231708778,-0.33127305684167474,-0.8477628080941714,0.8477628080941714,-0.4329171533794317,0.6782643225307943
15,11,1,81,1,neutral,0.7290580868548535,0.7564249209787328,0.056145798838841625,-0.30457470795302494,0.30457470795302494,-0.39316538976315946,0.36382297813188524
15,11,1,82,1,neutral,0.5060675236724368,1.972684676589161,-0.5182486967070042,-1.0580561929076704,1.0580561929076704,-1.6240596699647933,1.9787752631064448
15,11,1,83,1,neutral,-0.027763809923060614,1.4888620749614179,-0.7435786991758234,-1.0720884674396196,1.0720884674396196,-1.3886134221811726,1.87453332951086
15,11,1,84,1,neutral,-0.045987581811013985,1.2602817753893514,-0.800653674569195,-0.555759045146557,0.555759045146557,-1.3572425124672354,1.683602403579456
15,11,1,85,1,neutral,0.2689813016256186,0.5558773197786244,-0.5705351608764996,0.05219339899676071,-0.05219339899676071,-0.6737930725278383,0.7066542494040648
15,11,1,86,1,neutral,0.18154655445355095,0.1432574467314467,-0.0858796275400203,-0.16149458641077757,0.16149458641077757,-0.05753694229001062,0.09542398327468138
15,11,1,87,1,neutral,-0.21221033225348462,2.0579356056616493,-0.9876493522638956,-0.8985975633944833,0.8985975633944833,-2.158356312702615,2.657865447920339
15,11,1,88,1,neutral,-0.4360960918732806,0.560444668570425,-0.9526921677623696,0.03783879814784533,-0.03783879814784533,-1.0359870211649236,1.25483879838825
15,11,1,89,1,neutral,-0.5362824850153816,-0.08434518785482298,-0.6130897825511317,1.1334545949810761,-1.1334545949810761,-0.6765970996610402,0.49034094592843364
15,11,1,90,1,neutral,-0.04325544292974466,-0.1988333093308266,-0.20354196977780606,0.5077293073718209,-0.5077293073718209,-0.052675597362297266,-0.07543460297705123
15,11,1,91,1,neutral,0.3677883245751153,-0.27378037610607797,0.10302989527418241,-0.22606530944196135,0.22606530944196135,0.506074885869831,-0.5091894860307269
15,11,1,92,1,neutral,0.1246548883195831,-0.4003712769665196,-0.19218188915624423,-0.055237092128113396,0.055237092128113396,0.396274640730337,-0.366607776548189
15,12,1,0,0,negative,0.3321093719269975,-0.4569447288700891,0.40857300521769896,2.152532387184213,-2.152532387184213,-0.013671941143083122,-0.8272859174424373
15,12,1,1,0,negative,-0.015032868895641524,-0.41671027356220847,0.0778187478164261,2.3375930758908234,-2.3375930758908234,-0.34155879209447115,-0.44810321302260075
15,12,1,2,0,negative,-0.09063833825512424,-0.3287942712934511,0.1677175605176758,1.5641672422462696,-1.5641672422462696,-0.16690173536778818,-0.3673338824247269
15,12,1,3,0,negative,0.16533126786976837,0.014885410717321856,-0.45986001228714096,0.7897395305989905,-0.7897395305989905,-0.37630816905610953,0.16214978292600815
15,12,1,4,0,negative,-0.0456964352060792,0.10888623996883531,-0.7885868291980944,0.8749754406831816,-0.8749754406831816,-0.6786391416646204,0.5260278721709222
15,12,1,5,0,negative,-0.13027646245661628,0.19470956734215217,-0.3734133640312588,0.8912655347365956,-0.8912655347365956,-0.6596946877503091,0.4465544805860897
15,12,1,6,0,negative,-0.2298078804698171,-0.049768389632807684,-0.2289998661504163,0.012296851305043136,-0.012296851305043136,-0.10726647634228448,0.179635483677309
15,12,1,7,0,negative,0.08045643858351757,0.2630705267816205,0.7608322705816499,-0.4511968947905058,0.4511968947905058,0.16775800787027062,-0.15757382780096324
15,12,1,8,0,negative,0.4034199030964478,0.1952633556039674,0.4156405578133652,0.3043551686317422,-0.3043551686317422,-0.02369492484461047,-0.2142668748509391
15,12,1,9,0,negative,0.005758259602815785,0.15507614630284222,-0.2043412273212249,1.1343997032597468,-1.1343997032597468,-0.5994037032955609,0.2543676301620468
15,12,1,10,0,negative,-0.08527951597195026,-0.12278233926594949,-0.46834987760147145,1.2920018804647562,-1.2920018804647562,-0.4924280854134432,0.15403235752076133
15,12,1,11,0,negative,0.3222846869732354,0.12507514970723208,-0.37760420672021583,2.802795387719256,-2.802795387719256,-1.0777801188626441,0.15273490958072228
15,12,1,12,0,negative,0.14725353465147928,-0.380655463146852,0.1777765652469933,1.8862374646448217,-1.8862374646448217,-0.13974699176859767,-0.5431705130960883
15,12,1,13,0,negative,-0.0684990993469079,-0.4087786908232134,-0.29819912307856694,0.7954821795927538,-0.7954821795927538,0.02138522348380384,-0.22542957961047597
15,12,1,14,0,negative,-0.13308918607210335,-0.2943716032081329,-0.29265817982069675,1.5283913953068105,-1.5283913953068105,-0.357007983858404,-0.08149792026173283
15,12,1,15,0,negative,0.3976139032097634,-0.1705823968495795,-0.1421897630623502,1.1681149564696536,-1.1681149564696536,-0.13364787525783395,-0.2982944669232861
15,12,1,16,0,negative,0.5289454741579517,-0.2712045561116804,-0.1822891755740197,1.1635586416011596,-1.1635586416011596,-0.0010962248940621921,-0.44453270540364637
15,12,1,17,0,negative,0.2634516477513017,-0.04450585517427835,0.08606277696648594,1.1215924771534496,-1.1215924771534496,-0.2128534956376089,-0.21926306753317218
15,12,1,18,0,negative,1.0495706933289854,-0.28363309466775166,0.2403949288616078,2.0410982742205666,-2.0410982742205666,0.03325554399109393,-0.9286159057630483
15,12,1,19,0,negative,0.8391566281485175,-0.29214379514093375,-0.042209893652727586,1.267096897262517,-1.267096897262517,0.13542707421869143,-0.6906171623888288
15,12,1,20,0,negative,0.5704432997730173,-0.40230522281780723,-0.3126407861438088,0.34962196841567633,-0.34962196841567633,0.3716987378889846,-0.5312064796324115
15,12,1,21,0,negative,0.6345477788716452,-0.009552987492602166,-0.3835053301772767,-0.2780223059437578,0.2780223059437578,0.1859079057053109,-0.13507421183978638
15,12,1,22,0,negative,0.3314554915173802,-0.21376020823067238,-0.06411958572446275,-0.18761898922509493,0.18761898922509493,0.36541183990334314,-0.3474281611271311
15,12,1,23,0,negative,0.1605733992070549,-0.22419199992148842,-0.3283455272071567,0.49394569032884883,-0.49394569032884883,0.0036193938118382063,-0.14030593592143753
15,12,1,24,0,negative,0.02154835673092939,0.11507516677935374,-0.24626560863874336,0.5383756747734684,-0.5383756747734684,-0.3694394756731145,0.22743379273326073
15,12,1,25,0,negative,0.3265639358943418,-0.0501014264101116,0.19771017197399768,0.4738338821654852,-0.4738338821654852,0.0669148349777297,-0.31223848034428137
15,12,1,26,0,negative,0.5132971192044264,-0.3671109361268014,0.43287494159732864,1.1628621601605655,-1.1628621601605655,0.29488090300719794,-0.840196966527679
15,12,1,27,0,negative,0.25347441795071207,-0.5728979226695075,0.8344053560113964,1.9522745418000065,-1.9522745418000065,0.2847663333902081,-1.1168378096505616
15,12,1,28,0,negative,-0.31329397702382045,-0.20887885418590674,-0.5932615888583691,1.2864788150813253,-1.2864788150813253,-0.5221326061352649,0.24439892875518804
15,12,1,29,0,negative,0.00498772047460392,0.3798769067783312,-0.3477343864835561,-0.022039749103868116,0.022039749103868116,-0.4867792124133592,0.5512502397828073
15,12,1,30,0,negative,0.5171597430602547,0.14811706404118957,0.5986281082044187,-0.3601765953772229,0.3601765953772229,0.34387108483944256,-0.4097768615911472
15,12,1,31,0,negative,0.34740730191542823,-0.21000865795103446,0.2528561469454386,-0.7904711832399615,0.7904711832399615,0.6735868686513106,-0.5101403823814679
15,12,1,32,0,negative,0.2350177745242463,-0.5234851475882276,0.29938759189042713,-0.4150717621223579,0.4150717621223579,0.839977523767238,-0.7906878307955643
15,12,1,33,0,negative,0.24583651485446775,0.044845286969121025,0.24042908843589417,-0.1361394542000206,0.1361394542000206,0.16262306552767317,-0.19828751467605996
15,12,1,34,0,negative,0.004393252624415776,-0.14202337286757238,0.5156839093851038,0.24682073999512932,-0.24682073999512932,0.23310884687236916,-0.4020619538723322
15,12,1,35,0,negative,0.05403949861157777,-0.11265199045588109,0.6878166638935407,-0.1461506517335576,0.1461506517335576,0.40865426186877307,-0.4835800717084403
15,12,1,36,0,negative,-0.07926266474949648,-0.6301757561160083,0.16485875344357645,-0.14209715521882912,0.14209715521882912,0.706073504086978,-0.6729738004630483
15,12,1,37,0,negative,-0.3845919240641184,-0.8084977872850984,-0.13102372555188904,0.20366883416149825,-0.20366883416149825,0.5687362926925964,-0.5506899624770947
15,12,1,38,0,negative,-0.14131139654579986,-0.4940670409638247,0.2070187982665249,-0.4586602155157719,0.4586602155157719,0.6688562467093236,-0.5269207418241872
15,12,1,39,0,negative,0.026673396739087862,-0.21175094157917912,-0.11743742281470812,0.15875989524123782,-0.15875989524123782,0.12857630114022645,-0.16636892854136898
15,12,1,40,0,negative,10.44653584124818,0.3608286574530671,25.948360126721855,1.0907056453690642,-1.0907056453690642,11.407234783413923,-17.836619326531952
15,12,1,41,0,negative,10.269672228264708,0.44256511512761587,22.612235744526544,0.2979872382225392,-0.2979872382225392,10.418741796395288,-15.998388871268011
15,12,1,42,0,negative,0.8337416640265627,0.43568562712063946,-0.05959873892180801,-0.5231838343933436,0.5231838343933436,-0.003243373954606721,0.04861416456826212
15,12,1,43,0,negative,0.6779300756471133,-0.1767997221029567,1.255836591019988,-0.16201541060505167,0.16201541060505167,0.875393747860341,-1.1436830554365074
15,12,1,44,0,negative,-0.04749784595926143,0.05828222364566768,0.40916998064330795,-0.46569853078877443,0.46569853078877443,0.21750799817860597,-0.12255384369635558
15,12,1,45,0,negative,0.09556427783443644,-0.24984381725383792,-0.29796813916685,1.8873203435633703,-1.8873203435633703,-0.4467309177114233,-0.14864188658763114
15,12,1,46,0,negative,-0.02041262631210254,-0.10317684613755118,-0.3814322699406979,0.650751199816788,-0.650751199816788,-0.24768851921897828,0.09774560198884905
15,12,1,47,0,negative,0.3601171395344517,-0.4759729757151353,-0.22334597473047896,1.1948506962798682,-1.1948506962798682,0.12327979855650345,-0.5443585581171216
15,12,1,48,0,negative,0.7101397010606788,-0.28037747710896926,0.4075275167489635,0.029799730309222488,-0.029799730309222488,0.6429999729424425,-0.8392110860137905
15,12,1,49,0,negative,0.18978958184859276,-0.1703782972229037,0.5106341080556527,0.8894928926314928,-0.8894928926314928,0.10735522964715459,-0.5205901421750264
15,12,1,50,0,negative,0.04826050577629576,-0.21275594434448014,-0.8435267650389952,0.3893651413844031,-0.3893651413844031,-0.182121189204554,0.18487718528686953
15,12,1,51,0,negative,0.48673378847546667,0.40887039519481383,-0.9003690719286938,-0.33253264404038646,0.33253264404038646,-0.4359046083324274,0.6156880369214274
15,12,1,52,0,negative,0.7529711953710101,0.07762339193480666,-0.4798558508772494,-0.34998692776136725,0.34998692776136725,0.13007736548356932,-0.05893428031207368
15,12,1,53,0,negative,0.703053152144355,0.18304071911218223,-0.6949251176272058,0.11890896023402957,-0.11890896023402957,-0.21996769435114233,0.1789767018536076
15,12,1,54,0,negative,0.09648113474775116,-0.47579136675329226,-0.5037405007569951,0.266597495555988,-0.266597495555988,0.251172412898215,-0.27216168374867034
15,12,1,55,0,negative,-0.22141632913374182,0.28370796597646775,-0.6553547108234932,0.41146471709276927,-0.41146471709276927,-0.7131198849931358,0.7220934859550853
15,12,1,56,0,negative,0.10795314200907116,-0.6738308853588948,-0.857667055794633,1.2248274565347124,-1.2248274565347124,0.015650428585470055,-0.29897392846611387
15,12,1,57,0,negative,0.5295611115304707,-0.681962242474288,0.188146819412511,0.24158913701036547,-0.24158913701036547,0.8406685071184935,-1.0408162079457788
15,12,1,58,0,negative,-0.39908354391441175,-0.9988819685993293,-0.10154636119753506,1.3913797519937947,-1.3913797519937947,0.36821208289741547,-0.748567016043356
15,12,1,59,0,negative,-0.30963956068842824,-0.4761806929364797,-0.4180580323915124,-0.20082162534244966,0.20082162534244966,0.30055537035731605,-0.11233189639650937
15,12,1,60,0,negative,-0.41940054507250024,-0.3548195602231266,-0.5000512483519791,-0.2863746225221733,0.2863746225221733,0.14379383658902462,0.10490633648911307
15,12,1,61,0,negative,-0.1777249543028791,0.05651158851613715,-0.2502111349806187,-1.0179489369032915,1.0179489369032915,0.14015936069046075,0.27047963315788603
15,12,1,62,0,negative,0.1272698092750189,-0.13599302616852652,-0.49874019069368253,-0.4433218736959747,0.4433218736959747,0.15994352359429687,0.049742164540805295
15,12,1,63,0,negative,1.2299136673845943,-0.17020010604579183,0.43606615063267445,-0.5926644597354914,0.5926644597354914,0.9230815319633786,-1.0031900150544262
15,12,1,64,0,negative,0.8667382149224717,-0.47553090263432735,0.7152750789715745,-0.5372265883462543,0.5372265883462543,1.1819441967144275,-1.2665375495813505
15,12,1,65,0,negative,-0.5315223641146343,-0.8254870508608592,-0.8942238640259691,1.8575423029920453,-1.8575423029920453,-0.2689424595166905,-0.11261393679055742
15,12,1,66,0,negative,-0.4321254932010964,-0.6166457828389512,-0.5463328499597304,1.266067451618252,-1.266067451618252,-0.13152948208740844,-0.12741661125853782
15,12,1,67,0,negative,-0.4965941979575994,-0.5020048846770164,-0.5380917902051754,-0.07150371553269741,0.07150371553269741,0.18094412713365732,0.01533810940437097
15,12,1,68,0,negative,-0.48096607838942784,-0.44000821746643626,-0.38894491847356905,0.5783609402115292,-0.5783609402115292,-0.042749094891739114,-0.005052719034937814
15,12,1,69,0,negative,-0.5193095321025573,-0.5925584947460893,-0.7459910380680607,0.9894089719663471,-0.9894089719663471,-0.159011352632899,0.04009179033921961
15,12,1,70,0,negative,-0.5555000600551343,-0.4905935445294408,-0.3075323320786183,-1.200670165861354,1.200670165861354,0.603139469105308,-0.059077348462564516
15,12,1,71,0,negative,-0.7751387610520952,-0.735748466084724,-0.5796904570337047,-0.5357224756301656,0.5357224756301656,0.4627128852661792,-0.05833385704182403
15,12,1,72,0,negative,-0.8566642375860198,-0.8339983963921682,-0.5899554680565666,-0.15686269610530204,0.15686269610530204,0.40407939321307346,-0.11068854357087499
15,12,1,73,0,negative,-0.24922967209281371,-0.0775422000407894,-0.042831795802990735,-0.4728407328988349,0.4728407328988349,0.13780195504179954,0.06848853390711282
15,12,1,74,0,negative,-0.46259633291644303,-0.46623996325923894,-0.6921215082302009,-0.6935291553997578,0.6935291553997578,0.31251040134361024,0.111118957314083
15,12,1,75,0,negative,-0.5698468956107429,-0.9700577404659938,-0.764403378992871,0.5715096970219246,-0.5715096970219246,0.3348044165908143,-0.3029326031641868
15,12,1,76,0,negative,-0.25371242339951183,-0.7563725002228523,-0.8256379732713639,0.17266470129985245,-0.17266470129985245,0.3390341342326096,-0.21669730188741443
15,12,1,77,0,negative,-0.1607103335971679,-1.1007071549606473,-0.7756395652374868,0.34688396613700917,-0.34688396613700917,0.6729625333034259,-0.63253220554332
15,12,1,78,0,negative,0.07153517987934119,-0.4123459968582648,-1.002614696002685,-0.4981855345289073,0.4981855345289073,0.26804800299345266,0.053193761203407075
15,12,1,79,0,negative,0.2783340641260144,-0.040331520386802704,-0.7000666938124666,-0.7753242643265078,0.7753242643265078,0.15819539860015458,0.17053479445642336
15,12,1,80,0,negative,0.03035486450848221,0.06985188585509541,-0.4418815109662787,-0.7867196346025235,0.7867196346025235,0.05521244352648025,0.2756152090839936
15,12,1,81,0,negative,-0.20111138725840821,0.0670267366379978,-0.43741776995600806,-0.44947592225358585,0.44947592225358585,-0.13004448162494125,0.38629131524520594
15,12,1,82,0,negative,-0.3101969385005082,0.26531392681667665,-0.2655392632677339,-0.6088474192290054,0.6088474192290054,-0.25427685432975555,0.5531820277007977
15,12,1,83,0,negative,-0.20023921633061517,-0.07359116050704934,0.1716318412581279,-0.5032348184937344,0.5032348184937344,0.2318003083141317,-0.059287472970805694
15,12,1,84,0,negative,-0.013972046726371798,-0.34304779796050144,-0.13163176951203848,-0.34308111756750437,0.34308111756750437,0.40887356507019945,-0.27024588984129627
15,12,1,85,0,negative,0.3208234210356979,-0.20137654178350523,-0.08493269953861358,-0.09868102234169,0.09868102234169,0.31290045639643,-0.3193219025320474
15,12,1,86,0,negative,0.0797752495679655,-0.5515578672615471,-0.3367384784107536,0.47877621772143497,-0.47877621772143497,0.3063113850734728,-0.42307625284015304
15,12,1,87,0,negative,-0.4493614741026195,-0.2697643534160106,-0.48323328793461057,0.11734700086359195,-0.11734700086359195,-0.08021623421759672,0.19653302760260444
15,12,1,88,0,negative,-0.4681574716463204,0.11683469330520127,-0.2943257277855735,-0.22671552484274246,0.22671552484274246,-0.29542391816825175,0.4980762930211482
15,12,1,89,0,negative,-0.9145943590679696,-0.26189319759907215,-0.6515326061869509,0.0734174660267543,-0.0734174660267543,-0.2846216128281528,0.5211702850283881
15,12,1,90,0,negative,-0.9228904568152376,-0.2716764341019398,-0.718292224804899,-0.82904170583347,0.82904170583347,0.0009627755063843502,0.5489149067081285
15,12,1,91,0,negative,-0.8777171923036546,-0.8649911060687996,-0.46278947404327736,0.07001491163238811,-0.07001491163238811,0.3948172467423596,-0.19473777289533356
15,13,1,0,1,neutral,1.5461637544002687,-0.6219929326476439,-0.4971957533725653,0.36468556650381556,-0.36468556650381556,0.8500870774889399,-1.1464769331614955
15,13,1,1,1,neutral,0.21655884433730338,-0.7520741203194304,-0.956157680622769,0.41143555491709477,-0.41143555491709477,0.368395989918577,-0.3822747021766977
15,13,1,2,1,neutral,-0.3018406549400921,-0.6060268343818216,-0.7878623288804117,-0.08106792973996506,0.08106792973996506,0.2698151496883086,-0.06117534247156964
15,13,1,3,1,neutral,-0.23204824237270671,-0.8760361161534527,-0.2543444969229251,0.2546483813550042,-0.2546483813550042,0.6290224092699074,-0.6328397465056368
15,13,1,4,1,neutral,-0.06862573815289917,-0.40417417622043095,-0.6908078628688634,0.7956661665637893,-0.7956661665637893,-0.11419241297475302,-0.024457375709549645
15,13,1,5,1,neutral,-0.18923338164486028,-0.12346987653607498,-0.44305087190374487,1.2302861183410057,-1.2302861183410057,-0.4973869140937953,0.1926722502382276
15,13,1,6,1,neutral,-0.1510150095039389,-0.5023604336489332,-0.4313753760470188,1.1076558094572537,-1.1076558094572537,-0.060988298020470566,-0.2111652408734544
15,13,1,7,1,neutral,-0.17543302979622838,-0.4820689693727306,-0.361506262899516,0.6321079062069801,-0.6321079062069801,0.09238656973848908,-0.2135993230248584
15,13,1,8,1,neutral,0.2809369071655957,0.0772458613285134,0.7876411608515278,0.6582361735695322,-0.6582361735695322,0.05953477015401702,-0.45704317268004835
15,13,1,9,1,neutral,0.42402101526992597,0.8590325396830057,-0.2600794276687285,1.2808638666661862,-1.2808638666661862,-1.231339966038002,0.777061745882407
15,13,1,10,1,neutral,0.13519573347931618,0.46126270349937376,-0.5018483878729831,1.5410775951865263,-1.5410775951865263,-1.0971727866927716,0.6445890306962072
15,13,1,11,1,neutral,0.06355778717363084,-1.129196532585257,1.0497917098126615,1.3047249558819611,-1.3047249558819611,1.0654047129533675,-1.6858712810784033
15,13,1,12,1,neutral,0.310914398964415,-0.18006388243293575,-0.09952037014966308,1.3859346704718571,-1.3859346704718571,-0.21144966478609928,-0.2857608968403117
15,13,1,13,1,neutral,0.3517926291395025,0.899883668556535,-0.026514541955767714,0.9342418831688418,-0.9342418831688418,-1.1028716005515706,0.7372446249646676
15,13,1,14,1,neutral,-0.024402487045754054,-0.1714135433531761,-0.10308971146234285,1.0803675898632452,-1.0803675898632452,-0.2312063861039379,-0.10766744409912765
15,13,1,15,1,neutral,0.3094784210907086,0.20780360319936714,0.023297107706668884,0.5838016806953613,-0.5838016806953613,-0.29147898716536175,0.041415838800678395
15,13,1,16,1,neutral,-0.017532473009550964,0.08893673518257142,0.1946845116220581,0.956612729654542,-0.956612729654542,-0.3487569655299164,0.0003607158763178492
15,13,1,17,1,neutral,0.9626666169215495,1.3557614057285219,0.43890794777977193,-1.044709705541786,1.044709705541786,-0.5403333156474861,0.6549741233778612
15,13,1,18,1,neutral,1.6060528370213132,1.3559681724019252,1.4827030422456984,-0.9380002071006169,0.9380002071006169,-0.013716143612715781,-0.18840976723158054
15,13,1,19,1,neutral,0.9492083047984798,1.0383667443618672,1.9453867396213849,-0.6413493812491334,0.6413493812491334,0.140281397527799,-0.4089307778480653
15,13,1,20,1,neutral,0.5908973190469212,1.2978187811844708,-0.27923027702804265,-0.38645563215634776,0.38645563215634776,-1.065111223126062,1.1419852601750315
15,13,1,21,1,neutral,1.6342868205778525,0.7908008171449981,0.4952671984800348,-1.0740153879812346,1.0740153879812346,0.2770556518680427,-0.27397619238394566
15,13,1,22,1,neutral,1.8765119617038757,0.8466008782388366,1.6550576634784755,-0.7568915340421474,0.7568915340421474,0.5828861748359961,-0.9191839343523391
15,13,1,23,1,neutral,0.9864327141900119,1.9654211147677678,-0.4677070138627377,-0.15053406024311364,0.15053406024311364,-1.7423345279109719,1.7060582646041307
15,13,1,24,1,neutral,0.12177936633013309,-0.45424698800784835,0.24783219400881612,1.1971550962822224,-1.1971550962822224,0.17839914269342394,-0.6390527681773229
15,13,1,25,1,neutral,-0.1375627828110735,-0.14119730941959255,-0.46253437515076706,0.31209266306232825,-0.31209266306232825,-0.16286596425513036,0.15885126956132775
15,13,1,26,1,neutral,0.25699733236407996,-0.007898141482679717,-0.13710875753278892,-0.12847947099490273,0.12847947099490273,0.09068749009141097,-0.06784242889832523
15,13,1,27,1,neutral,0.7172664475854766,0.4983308449386764,1.0977711467899174,-0.336958358542682,0.336958358542682,0.21900113936734888,-0.4091879522490206
15,13,1,28,1,neutral,0.7440633749898403,0.6196444398888481,2.177477868395132,-0.995339749652666,0.995339749652666,0.6859825577903647,-0.841126181803638
15,13,1,29,1,neutral,0.34181834747880746,0.8873496998857306,0.4252906307074349,-0.8209378975739092,0.8209378975739092,-0.3580007412990135,0.5037952107926095
15,13,1,30,1,neutral,0.6277643855861519,0.8650488063073966,0.041133076859211436,-0.5695987981552612,0.5695987981552612,-0.4522167194405217,0.5306000750847149
15,13,1,31,1,neutral,0.34553681451862994,0.9402920406010193,-0.6254080163065402,0.03200573797441827,-0.03200573797441827,-1.0442510205217954,1.0802276414949745
15,13,1,32,1,neutral,0.07393717925369862,1.1538488642084985,-0.1050446757068546,0.21812391816164314,-0.21812391816164314,-1.2369260024134316,1.1694026124350765
15,13,1,33,1,neutral,-0.03827580776688164,0.37786207728108845,0.20816067179205427,0.01830219135635393,-0.01830219135635393,-0.32733451972481553,0.2929196452685021
15,13,1,34,1,neutral,-0.02043151664911111,0.39341342740858115,-0.8149347980552377,-0.5296309058247856,0.5296309058247856,-0.49532523036843557,0.8110965847607556
15,13,1,35,1,neutral,0.6923248144488537,1.0496207807156164,0.24635140176538164,0.0242981839229629,-0.0242981839229629,-0.7448281032851922,0.5802826726084986
15,13,1,36,1,neutral,0.5543871854912528,0.6080960886162037,-0.04739932249995724,0.9319517361141152,-0.9319517361141152,-0.7497507129904769,0.3546021571205559
15,13,1,37,1,neutral,-0.2164735162052373,-0.02691068328735835,-0.8974890950745777,1.6501756184916385,-1.6501756184916385,-0.8944687266364595,0.5300706223525492
15,13,1,38,1,neutral,-0.31818373065556016,-0.38715607656377576,-0.7386134483727316,2.108552807233993,-2.108552807233993,-0.6679605855236523,0.1412425129503701
15,13,1,39,1,neutral,-0.024709073771933467,-0.6536388268249689,-0.44524234468208995,1.7932780745674128,-1.7932780745674128,-0.10077100418217644,-0.41866311759795716
15,13,1,40,1,neutral,-0.0772337159072073,-0.4519886740413266,-0.2556897351864881,-0.03210855143255564,0.03210855143255564,0.3517170408209467,-0.2855269484944789
15,13,1,41,1,neutral,-0.20549128129603972,-0.028209939859539818,-0.3659924189551888,-0.9608134640140621,0.9608134640140621,0.15798652778048433,0.25753191026607447
15,13,1,42,1,neutral,-0.1910601663410237,-0.09535674627782961,-0.4228274868515279,-0.09668042241006043,0.09668042241006043,-0.07704566398300075,0.21158708031844617
15,13,1,43,1,neutral,-0.3205179561004302,-0.5505021223208454,-0.24599190768018933,0.7255213235257796,-0.7255213235257796,0.11982505988537906,-0.26724719043053563
15,13,1,44,1,neutral,-0.21619470943804117,0.08658818413596561,0.8452476951370768,-0.4255666090132791,0.4255666090132791,0.26495168076813924,-0.22793830871355217
15,13,1,45,1,neutral,0.313096789898572,1.3540626385307055,1.053467518891127,-0.7862713952023396,0.7862713952023396,-0.636450737200026,0.670780484135856
15,13,1,46,1,neutral,0.7779659664781715,1.715220237094064,1.5512676652757518,-1.0847062633739888,1.0847062633739888,-0.5772402720514265,0.5506034212171023
15,13,1,47,1,neutral,0.2251682939989059,0.9550227875158125,0.6264442559578735,-1.4114712733253911,1.4114712733253911,-0.2006615130884224,0.5292165125374229
15,13,1,48,1,neutral,0.28385298193644715,0.48458157657453865,1.1657714782568855,-0.9257024094644365,0.9257024094644365,0.3071940466447178,-0.24023065352212775
15,13,1,49,1,neutral,0.03725878227808724,0.14826034908920924,0.32572933651001007,-0.8081884762173165,0.8081884762173165,0.2421318492459287,-0.03323371030483943
15,13,1,50,1,neutral,0.18872736732107157,0.5241228627115221,0.032460631046865814,0.43601376626075505,-0.43601376626075505,-0.595731452009128,0.4135288635275534
15,13,1,51,1,neutral,0.010168516657836274,1.0087537960711985,-0.47585745147904107,0.36692382995588985,-0.36692382995588985,-1.2862913843302302,1.241598263481801
15,13,1,52,1,neutral,0.11636450325935076,0.4078910792901487,0.08500478181699248,-0.9273818218506201,0.9273818218506201,-0.031640710314494225,0.30720643675197706
15,13,1,53,1,neutral,0.2153468945933114,0.06574389502115499,1.102248225978672,-0.4344909591277539,0.4344909591277539,0.5182847982120908,-0.5930536652648367
15,13,1,54,1,neutral,0.2954015557871722,0.21678803307040906,0.5922286677626835,-0.0032326515866238914,0.0032326515866238914,0.08016625864175081,-0.22702707870451877
15,13,1,55,1,neutral,-0.15478174543804968,-0.19054379661600618,-0.103066840748105,0.7757519755230495,-0.7757519755230495,-0.15398972395372862,-0.06161950352292883
15,13,1,56,1,neutral,-0.30306740748098515,-0.27082227083040616,-0.5696053382969066,1.4979322811896643,-1.4979322811896643,-0.5193794048254459,0.16551410205853972
15,13,1,57,1,neutral,0.226635695789354,-0.05515058458474659,0.43216234045725516,-0.3922390546213279,0.3922390546213279,0.40549628154072564,-0.38454960270805116
15,13,1,58,1,neutral,0.44561347461966977,0.7361748616890491,1.767153136914401,-0.9556847049050997,0.9556847049050997,0.3199755771240078,-0.37020844407798625
15,13,1,59,1,neutral,0.6938529421538473,0.9292869604897368,1.717054950085383,-0.6649998107227161,0.6649998107227161,0.09601560716424518,-0.2761669856298782
15,13,1,60,1,neutral,0.9860961254932038,0.3499382147488568,1.5447230715845788,-0.7144218055954482,0.7144218055954482,0.7318087861422202,-0.9154713837900346
15,13,1,61,1,neutral,0.6252178967175952,-0.09908566687967788,0.651369988655926,-0.7358469581093109,0.7358469581093109,0.7698972813739553,-0.7373796095664386
15,13,1,62,1,neutral,-0.19466891524039076,-0.2900916317346466,0.22313494495027,-0.08512928648736891,0.08512928648736891,0.3279567371337293,-0.3043246465895862
15,13,1,63,1,neutral,-0.47243628346874306,-0.043077800691253165,-0.5033433742734228,-0.4269975811223337,0.4269975811223337,-0.13984955818202421,0.44481202817982973
15,13,1,64,1,neutral,-0.427851701708536,-0.08605991478316408,-0.21566763524139318,-1.16046337214523,1.16046337214523,0.2583745931815977,0.2356997536918005
15,13,1,65,1,neutral,-0.015128152127753806,0.2326458997072337,-0.220655323119804,0.12421219579980865,-0.12421219579980865,-0.3526444567230225,0.3505376373310126
15,13,1,66,1,neutral,0.345166433179392,0.11270735121955977,-0.40123056832396176,0.8432185743934092,-0.8432185743934092,-0.41246825439888607,0.14073941879184465
15,13,1,67,1,neutral,0.3733852310533538,-0.5012877819092356,0.07006375577288632,0.044558505926595236,-0.044558505926595236,0.6342512755424505,-0.7230122753223557
15,13,1,68,1,neutral,-0.28442621038675375,-0.6688435586790871,-0.5352504467436962,1.1648827922063025,-1.1648827922063025,0.007323742233502961,-0.2590052301138621
15,13,1,69,1,neutral,-0.5270169891441177,-0.4881069248237639,-0.5292246337473733,1.6330975793730627,-1.6330975793730627,-0.40833947593108727,0.04001388662198152
15,13,1,70,1,neutral,-0.38259002429609656,-0.7700148692539219,-0.36201047482596416,-0.23254486592865317,0.23254486592865317,0.5993296581894527,-0.39771461969289157
15,13,1,71,1,neutral,-0.2301093768494702,-0.6505262119832658,0.035406204327981534,-0.7198357039413459,0.7198357039413459,0.8255703891232181,-0.5531746257225214
15,13,1,72,1,neutral,-0.36804623984913254,-0.5938709811044288,0.42732917266151627,-1.9139400346986777,1.9139400346986777,1.2516119702747825,-0.6235124475106206
15,13,1,73,1,neutral,-0.29249153336174905,-0.5511299032138707,-0.5515349443200792,-0.6692182383487438,0.6692182383487438,0.49286049010284255,-0.12911666437295655
15,13,1,74,1,neutral,0.036065439347945955,0.002197687730578074,-0.7618503939962745,-0.3543936263436176,0.3543936263436176,-0.12599479716548173,0.36509016505474234
15,13,1,75,1,neutral,0.42578972524599745,-0.15549855016501943,-0.48633649099137766,1.2150184561904274,-1.2150184561904274,-0.2696898571469164,-0.12522516729232933
15,13,1,76,1,neutral,0.5337038767521605,-0.3459500688060673,-0.4456500319538094,0.5072734588508873,-0.5072734588508873,0.20621019745522193,-0.3899769912052429
15,13,1,77,1,neutral,0.4707203663746481,-0.6606500842332295,-0.5473875328389639,-0.2946196438564436,0.2946196438564436,0.7333009100306054,-0.6223165010010716
15,13,1,78,1,neutral,0.5803949594903267,-0.4295266053956995,-0.7492385270292483,2.0741636550986327,-2.0741636550986327,-0.31814246881681857,-0.3451048216262387
15,13,1,79,1,neutral,0.1979605515305457,-0.5629361365746699,-0.5634645651972923,2.9043531855212925,-2.9043531855212925,-0.5270162631546764,-0.3801841297412966
15,13,1,80,1,neutral,0.3670467793760004,0.5537571992533706,-0.2385378816688915,-0.21121983540289335,0.21121983540289335,-0.44051428821670324,0.48950275039981617
15,13,1,81,1,neutral,0.4171668936706681,0.7221052982573938,0.01926634473124925,-0.4767474463938066,0.4767474463938066,-0.4177117366588191,0.5038886790564351
15,13,1,82,1,neutral,0.3680501984020099,-0.1644158312230427,0.5307459140123999,-0.4143767455585738,0.4143767455585738,0.6021401172140373,-0.6138138874302477
15,13,1,83,1,neutral,0.19994902851430674,-0.012937274754949664,-0.6255892863143342,-0.679250590314941,0.679250590314941,0.09747405225992084,0.19988285414506407
15,13,1,84,1,neutral,0.9439667824688175,0.5424342263611769,0.7717621366714204,-2.0096292936896734,2.0096292936896734,0.6993518445821268,-0.31543023320894203
15,13,1,85,1,neutral,1.5066911306224067,1.2894851882669376,1.5684133823674986,-1.5799465137127544,1.5799465137127544,0.2621984873006158,-0.24806706822801505
15,13,1,86,1,neutral,1.331001902264818,1.6550650391375248,0.5351912005398103,-0.1385240946497417,0.1385240946497417,-0.9868259733194015,0.7219684877352106
15,13,1,87,1,neutral,1.5685634262227457,0.6230564499086777,0.26642675196337845,0.7919254186707123,-0.7919254186707123,-0.27536819673687374,-0.2944386391843844
15,13,1,88,1,neutral,0.980318882408548,1.1910996191059269,-1.023808671892911,1.3805607350263094,-1.3805607350263094,-1.665783127276151,1.2128445138481083
15,13,1,89,1,neutral,0.48208275575062454,0.645624168946784,-1.0557378819559324,0.8697067681401413,-0.8697067681401413,-1.126744800395267,0.9324517320494379
15,13,1,90,1,neutral,0.308001787703902,0.03184104643121145,-0.21634915979358504,1.5584666915892156,-1.5584666915892156,-0.520779067657511,-0.013985267523947034
15,13,1,91,1,neutral,0.5458742022485661,0.15993206534510637,-0.29767830485160407,0.6817960937019448,-0.6817960937019448,-0.304465464113434,0.035834116646625364
15,13,1,92,1,neutral,0.06394615631098158,-0.32372302651422413,-0.6530887726089561,0.3674300290425952,-0.3674300290425952,0.004865478067367535,-0.029151718365236834
15,14,1,0,2,positive,1.2321094221549516,-0.5482747153967036,-0.2844171077639904,1.3204960277593927,-1.3204960277593927,0.42400681094055975,-1.0221208725921842
15,14,1,1,2,positive,1.67921075134693,-0.7324940215859392,0.5259749970044013,0.44676980396014176,-0.44676980396014176,1.3186326697163357,-1.8350868957616049
15,14,1,2,2,positive,2.252960866728329,-0.7045590544940494,1.6037001809419684,0.5077178145718257,-0.5077178145718257,1.8208734655268732,-2.6328895783291983
15,14,1,3,2,positive,1.9359455688281424,-0.6250608982156034,1.4856665897347539,0.02436615911475089,-0.02436615911475089,1.7574762313649852,-2.3358669774970515
15,14,1,4,2,positive,1.7694635264080933,-0.645865543870209,1.629326097366989,0.6528363687059812,-0.6528363687059812,1.5611832955599092,-2.34526035575775
15,14,1,5,2,positive,1.6708931736917085,-0.7564689496908024,1.4102550498099848,0.38440317600018004,-0.38440317600018004,1.6553839655246403,-2.297043061441649
15,14,1,6,2,positive,1.1431948989546277,-0.7128622576125412,0.10117720276912084,0.7300012612317551,-0.7300012612317551,0.8843192044432057,-1.3350483084744154
15,14,1,7,2,positive,0.9164683728783406,-0.6924043023596005,0.6909952848750688,0.15817978689021647,-0.15817978689021647,1.1754989259806647,-1.4961361312363053
15,14,1,8,2,positive,0.5344955510380102,-0.35909095486913645,-0.4911583454494919,0.8345457244726453,-0.8345457244726453,0.09535478190776076,-0.3807595576633956
15,14,1,9,2,positive,0.9335780631371776,-0.6884113160810528,0.09721081310006878,2.125766572929065,-2.125766572929065,0.32341875051711316,-1.203805754199676
15,14,1,10,2,positive,0.9899711341806704,-0.8160504906382349,-0.11294645976938274,1.8320618457939448,-1.8320618457939448,0.4977047668440158,-1.2545628278438787
15,14,1,11,2,positive,0.45670157988837135,-0.3732728860134679,-0.22223976300215476,0.408782378708183,-0.408782378708183,0.31516603207281246,-0.4905037944565762
15,14,1,12,2,positive,0.1819801039416022,-0.30185300311358354,-0.3621587053362595,0.5646270051323333,-0.5646270051323333,0.05358446760458668,-0.2117637024162549
15,14,1,13,2,positive,0.22101349548571506,-0.6122186342220122,-0.7295310319375495,-0.17803305687045698,0.17803305687045698,0.5020571410282196,-0.3579598659960949
15,14,1,14,2,positive,0.342757934562133,-0.4862503741135308,-0.700501471944756,0.5022393826930888,-0.5022393826930888,0.19958940075496018,-0.3073786054222193
15,14,1,15,2,positive,0.31454870419202213,-0.4383689640642595,-0.5599735774909108,0.24587035787345526,-0.24587035787345526,0.2746038870068115,-0.3156565274148152
15,14,1,16,2,positive,0.26304862009243724,-0.43503470467108246,-0.0557979163699379,-0.008958918632914129,0.008958918632914129,0.5071045787895536,-0.5386600565323321
15,14,1,17,2,positive,-0.18564828976310588,0.030725275574777874,-0.6504915238618986,-0.30914625144311797,0.30914625144311797,-0.20638979630207333,0.4487951823872801
15,14,1,18,2,positive,-0.4391581650265192,-0.32950633291358233,-0.3669654649383104,-0.03422582645256481,0.03422582645256481,0.07220706507616076,0.07355548206883245
15,14,1,19,2,positive,-0.24307476288818541,-0.45809855211657496,-0.00660811501438091,0.12538635697705836,-0.12538635697705836,0.3330754738233668,-0.33325711316529183
15,14,1,20,2,positive,-0.26048058076077685,-0.26426259543653957,0.44815729541436133,-0.8048110601520766,0.8048110601520766,0.5950918537050933,-0.3581009527633318
15,14,1,21,2,positive,-0.6042059861477308,0.1628631237459671,-0.2583324266294111,-0.7191587629455468,0.7191587629455468,-0.21065634035649877,0.594132330134538
15,14,1,22,2,positive,-0.4332395115291586,1.2119531685859795,-0.782120856475063,-0.39691780687591316,0.39691780687591316,-1.484767355628749,1.8196333525880903
15,14,1,23,2,positive,-0.017521038235433897,0.2132664153402557,-0.6615627173975354,-0.6799998475133154,0.6799998475133154,-0.21296105138014032,0.5528082931567404
15,14,1,24,2,positive,-0.16606611939587662,-0.45927613815835566,-0.2927702834520335,-1.8302901518095425,1.8302901518095425,0.9164273878122331,-0.2298579367344006
15,14,1,25,2,positive,0.23886862005575893,-0.1804195491786914,-0.5380058016344345,-1.1048402361860845,1.1048402361860845,0.44898723404782775,-0.030850958389353644
15,14,1,26,2,positive,0.35500819350516566,0.07741108429846183,-0.5045924417830306,-0.23433989014817938,0.23433989014817938,-0.0491592036750237,0.15220320843739432
15,14,1,27,2,positive,-0.18596626883941333,-0.6399579299534424,0.19974196737823763,-1.8557807818796501,1.8557807818796501,1.2631434234262673,-0.6468457792228545
15,14,1,28,2,positive,0.05614142977292369,-0.16382062977989464,0.3913401868568518,-0.6397263749956733,0.6397263749956733,0.5262232936550442,-0.3875614380947824
15,14,1,29,2,positive,0.18727263790262727,0.22671059743996716,0.7925387088771499,-0.6099698985804652,0.6099698985804652,0.3032164843467804,-0.2631950759499214
15,14,1,30,2,positive,0.05701047897385583,-0.07374218172902763,1.7134056967070057,-0.6515168228506013,0.6515168228506013,0.8810531812395153,-0.9589502695694585
15,14,1,31,2,positive,-0.14890991587337365,-0.5091386039662371,1.5718537900193594,-0.32206774250858294,0.32206774250858294,1.0908091428510933,-1.22061054103923
15,14,1,32,2,positive,0.5285447914230691,-0.22453057539304355,1.7826978616491835,-0.2681293871493156,0.2681293871493156,1.0843212554668997,-1.38015190192917
15,14,1,33,2,positive,0.6839379920697276,0.1669758520810422,1.2169666432334714,-0.3333824874632884,0.3333824874632884,0.5777865221744536,-0.7834764655705573
15,14,1,34,2,positive,0.2433626169796442,-0.22186087900944193,0.9517671307839797,-0.621894229996463,0.621894229996463,0.8275355382628042,-0.8194257528912539
15,14,1,35,2,positive,0.49690424772639114,0.7192851078732444,1.6779016601399623,-0.9244508244110771,0.9244508244110771,0.3138004695525657,-0.36811784605993225
15,14,1,36,2,positive,0.4640955092641883,0.724672792409212,0.8414420866335288,-1.0522233198333764,1.0522233198333764,0.06124751283448582,0.07190399446035345
15,14,1,37,2,positive,-0.2054105082619355,-0.6317950546368598,0.13358597145689893,0.12643612253941094,-0.12643612253941094,0.5657081681887106,-0.5958827862343415
15,14,1,38,2,positive,-0.22923677191651945,-0.7579145396965239,0.4479217866505437,-0.0063738886372050425,0.0063738886372050425,0.8329341741536003,-0.867257047063536
15,14,1,39,2,positive,-0.7069274892350992,-0.6778710706235995,0.10255354032317211,-0.08469088527988793,0.08469088527988793,0.5046433827462531,-0.375684096167636
15,14,1,40,2,positive,-0.40644859620552,-0.1553183729826772,0.09673310434894357,-0.3882135513061391,0.3882135513061391,0.1814843927991981,-0.00046062705438898455
15,14,1,41,2,positive,0.2594924289621172,-0.6342993509414045,0.5887207297292775,0.9142167083340135,-0.9142167083340135,0.6122981677271983,-1.0584059302871018
15,14,1,42,2,positive,0.4480788827006252,-0.24129180867275327,0.8537649928966986,0.6058828551223986,-0.6058828551223986,0.4732788154977283,-0.8922137464714152
15,14,1,43,2,positive,0.4037690450653917,0.046818828828829095,0.462702915949513,0.4877706853897276,-0.4877706853897276,0.07941492971289663,-0.3864171516786233
15,14,1,44,2,positive,0.4190504440693483,-0.06306774569211622,0.5161479185717812,0.7149336159312126,-0.7149336159312126,0.13648932792875518,-0.530666927012681
15,14,1,45,2,positive,0.24565272201261992,-0.3192002390070021,0.19926923026599286,0.3906352792676607,-0.3906352792676607,0.33729579667731946,-0.5416612151463085
15,14,1,46,2,positive,0.18215672716328934,-0.270252446082197,0.13087774696506058,0.9067922311308344,-0.9067922311308344,0.07233319374803551,-0.426769683146372
15,14,1,47,2,positive,0.45850188513822654,-0.28935543138600905,0.5203109485033421,1.6729426736504776,-1.6729426736504776,0.05797881804970609,-0.7787618482067934
15,14,1,48,2,positive,0.459283498148757,-0.04566549619071966,0.6980696207358534,0.6626856176252919,-0.6626856176252919,0.2105546632771592,-0.6243420556330249
15,14,1,49,2,positive,0.43279038645677986,-0.2997609412236024,-0.09824708929307935,1.2751804397646835,-1.2751804397646835,-0.013784772976725257,-0.4670325898054527
15,14,1,50,2,positive,1.7055172931670675,-0.5611107589788736,-0.007906258482749595,0.7113453570278376,-0.7113453570278376,0.8898659848643671,-1.4099162763210327
15,14,1,51,2,positive,2.07075599786692,-0.4510067581390992,0.19790238846249927,-0.652341472233233,0.652341472233233,1.4246733776599831,-1.5853359513038088
15,14,1,52,2,positive,0.23027030541368487,0.023685705281855665,-0.508915277233946,-0.8893122732053982,0.8893122732053982,0.17987006184652332,0.16300819119198623
15,14,1,53,2,positive,0.7226382864399175,-0.3214908085903061,-0.37422572471572046,-0.5537692862584199,0.5537692862584199,0.6222180912511783,-0.4956970894524046
15,14,1,54,2,positive,-0.302058463025371,-0.7022534436575599,0.06609141946137685,-0.8708488027844083,0.8708488027844083,0.9138806967310313,-0.5842699218755629
15,14,1,55,2,positive,-0.20368844775837783,-0.16117770411743867,-0.17858330334250558,-0.5441885717140971,0.5441885717140971,0.21514997765517657,0.029958171433003028
15,14,1,56,2,positive,-0.19809210885629713,-0.13235425414181784,-0.293192922003698,-0.2207661407142801,0.2207661407142801,0.04218129075991282,0.11328826128817973
15,14,1,57,2,positive,-0.16605323298056818,-0.7228013299202621,-0.1528580800067372,0.497509166700609,-0.497509166700609,0.4506611700242907,-0.5633456734266095
15,14,1,58,2,positive,0.12807434363590908,-0.10745856663785713,-0.15753740786977116,0.31212146769752996,-0.31212146769752996,-0.006402944005940214,-0.0927270345209261
15,14,1,59,2,positive,0.47483338820756804,0.5572477826104664,-0.360463977825179,-0.32206851576777956,0.32206851576777956,-0.4117684738937435,0.5000630774192718
15,14,1,60,2,positive,0.4969453366413682,-0.22492716601706786,-0.41373654120379405,0.4057870617237052,-0.4057870617237052,0.11740107725502417,-0.26653156373585496
15,14,1,61,2,positive,-0.10724334848870491,-0.7306910834363991,-0.07610656408730604,-0.00866064189503668,0.00866064189503668,0.672461326542741,-0.6390161271483936
15,14,1,62,2,positive,-0.1632437678660314,-0.6058299111581642,0.1462492990515774,-0.7647058086880566,0.7647058086880566,0.8550670244493651,-0.5973326767509373
15,14,1,63,2,positive,0.41626036984042253,-0.34461761723376383,0.37907635745523055,-0.8556383998499073,0.8556383998499073,0.8949426596156173,-0.7422859808815904
15,14,1,64,2,positive,0.19767198119421175,0.17464579882644377,-0.3301287475212973,-0.5124365881667338,0.5124365881667338,-0.04798585821322768,0.24087418198998653
15,14,1,65,2,positive,0.2686579354915154,-0.14240664006300197,-0.022249104728302636,-0.32761950833969755,0.32761950833969755,0.3337494197639721,-0.26561105544460833
15,14,1,66,2,positive,0.45975094171809183,-0.4908281326962165,0.7848585229743305,-0.23392522915601233,0.23392522915601233,0.9836730306456947,-1.1131328650424277
15,14,1,67,2,positive,0.2379198443801258,-0.6389299788318863,0.9459372073278284,0.0070942841094669236,-0.0070942841094669236,1.0311842346980487,-1.2308585046858633
15,14,1,68,2,positive,0.49218548512117644,0.07498789709962018,-0.1517198437753164,-0.20768485054742772,0.20768485054742772,0.10772893353147574,-0.09524492357330984
15,14,1,69,2,positive,0.017083247767034626,0.21101356968220442,-0.4592210948196999,0.21439000770810637,-0.21439000770810637,-0.42985618793579494,0.4320824932085371
15,14,1,70,2,positive,0.15259211055538718,-0.14721599483576062,0.27333533542405836,-0.6563528194479656,0.6563528194479656,0.5079760833115643,-0.3601797178254834
15,14,1,71,2,positive,0.7047638277840649,-0.6671384439335241,0.33474651213333473,0.26420436026632704,-0.26420436026632704,0.9255737704838816,-1.1868936138922237
15,14,1,72,2,positive,0.9721894042954586,-0.7713385363140477,0.27319119509756623,1.3127328881354332,-1.3127328881354332,0.7488877733999116,-1.3940288360105602
15,14,1,73,2,positive,0.8606063698253748,-0.24637768317079076,0.6151270370406952,-1.0947484150742992,1.0947484150742992,1.1032049571509137,-0.9842443866038257
15,14,1,74,2,positive,0.26694725875454645,-0.3905545061337111,0.3192130322083172,-1.1820153389944446,1.1820153389944446,0.9799463827861472,-0.6836346516151429
15,14,1,75,2,positive,0.07985507011716889,-0.2982231015998433,-0.11844054110908346,-0.6913547020394168,0.6913547020394168,0.5158128452823441,-0.278930366103886
15,14,1,76,2,positive,0.11637696862672257,0.12008816710485595,0.055863693018763004,-1.1758263269582516,1.1758263269582516,0.3292674957630565,0.03396783628211317
15,14,1,77,2,positive,0.10197269216824204,-0.718111333075107,0.923652564482412,-0.4458839421931223,0.4458839421931223,1.2086143993563658,-1.2309239614004341
15,14,1,78,2,positive,-0.22061014680737778,-0.5783925333545397,-0.3511810944050827,-0.37144282557117475,0.37144282557117475,0.5116097281407778,-0.2924969127483094
15,14,1,79,2,positive,0.1846093596663648,-0.36588167662580756,-0.2229131901542752,-0.4853917502038844,0.4853917502038844,0.5149109831977989,-0.34672976138185235
15,14,1,80,2,positive,0.37119778739453,0.204676809024197,0.2292448541850163,-0.8115025934019081,0.8115025934019081,0.26597160263628783,-0.09554451176557616
15,14,1,81,2,positive,0.1343850638528437,0.5522629481634288,-0.5930847531309482,-0.6996875456302204,0.6996875456302204,-0.4719336627127235,0.7816127928024811
15,14,1,82,2,positive,1.034283598914272,-0.6917352694545431,-0.41870801252844764,-0.1338899486421169,0.1338899486421169,0.9415571144638568,-0.9995230626474553
15,14,1,83,2,positive,1.5425424816251294,-0.7651546420929415,-0.3051652978880465,-0.3013596277829091,0.3013596277829091,1.2780669125996056,-1.3838432339614828
15,14,1,84,2,positive,1.779495647329479,-0.6599386834442518,-0.6056321180219226,-0.8418854208122118,0.8418854208122118,1.3318550001508411,-1.24687044809803
15,14,1,85,2,positive,1.8787211621346336,-0.5226281359449566,-0.2716595410895644,-1.534201635979499,1.534201635979499,1.5697158882864795,-1.3261589464674912
15,14,1,86,2,positive,0.7901749950408163,-0.7139753486746099,-0.13385555697114346,-1.20312380682763,1.20312380682763,1.3337897636403775,-1.0421350677094463
15,14,1,87,2,positive,1.4824151270257884,-0.589400165537185,0.053798796218620534,-0.4643786527196799,0.4643786527196799,1.2562643575252146,-1.3575071271593895
15,14,1,88,2,positive,2.0398293456105234,-0.5282504002138728,0.43159710447909927,-0.6855004153026627,0.6855004153026627,1.5805593553446347,-1.763963625258684
15,14,1,89,2,positive,1.3361864098460023,-0.32964692070165535,0.06555114993674264,-1.684026823982047,1.684026823982047,1.3582350486232526,-1.0305157005930279
15,14,1,90,2,positive,0.8266495848107845,-0.054926712187943066,0.5904773769416988,-1.6814597923018795,1.6814597923018795,1.0877889635393974,-0.7634901930641848
15,14,1,91,2,positive,0.9528825973963757,0.6105242310751955,0.373186537748354,-1.1659722093990286,1.1659722093990286,0.22015621710605726,-0.052510336497169297
15,14,1,92,2,positive,0.961543632815266,-0.037918188715910656,0.388003669772946,-0.4317394516707611,0.4317394516707611,0.6316804401355685,-0.7126918400100167
15,14,1,93,2,positive,0.23931089647066567,-0.5696567266299366,-0.14428470763956663,-0.3478742653960165,0.3478742653960165,0.7172902113723084,-0.6171698210454861
15,15,1,0,0,negative,0.1309781869808876,-0.6982841502017172,0.7174523309720231,1.007730634398368,-1.007730634398368,0.6451841113865647,-1.1224994091781726
15,15,1,1,0,negative,-0.14698822697546277,-0.40682373534774363,0.13992953598936678,0.7236912704245549,-0.7236912704245549,0.16324041487752664,-0.4032943898546956
15,15,1,2,0,negative,-0.040560803394141316,-0.3277835020849288,0.021102569397643316,-0.3269247627407355,0.3269247627407355,0.43027234499967465,-0.31805438508667977
15,15,1,3,0,negative,0.31692525832650176,-0.14947029196135084,-0.032275562288131596,0.32045518692009783,-0.32045518692009783,0.13753512833410828,-0.2917951399805359
15,15,1,4,0,negative,-0.22993557576660062,-0.36751299824589906,-0.20890569118999158,0.8858876033510538,-0.8858876033510538,-0.07406329185664956,-0.14809236476760296
15,15,1,5,0,negative,-0.2804839275646528,-0.2943255165735172,-0.07844704686602108,0.40357941918900103,-0.40357941918900103,0.040155385366958896,-0.11486002935818024
15,15,1,6,0,negative,-0.3248510555033873,-0.2906324432471501,0.5161791193097935,-0.009339252393030536,0.009339252393030536,0.3575215486469624,-0.38629647515035326
15,15,1,7,0,negative,-0.17122069700342252,-0.5008199014396084,0.16680904716464653,-0.26773657869880124,0.26773657869880124,0.5885948777262835,-0.49861407652022044
15,15,1,8,0,negative,0.2820150385499641,-0.45382184313563934,0.0033740298919325722,0.4314931420895549,-0.4314931420895549,0.4051204852530866,-0.5965163773565877
15,15,1,9,0,negative,0.32319430712712033,-0.7491070755234972,0.8288736814812947,0.21025312790819495,-0.21025312790819495,1.0630453624235705,-1.3251410698277049
15,15,1,10,0,negative,0.6652816950869379,-0.35039098753715403,-0.21119497493597983,0.032216939388375256,-0.032216939388375256,0.4910142477913483,-0.5774343476126331
15,15,1,11,0,negative,0.11737831115744628,-0.1608031794894303,-0.4188980779048231,0.30687963778169,-0.30687963778169,-0.04199662202025864,-0.010043296115741895
15,15,1,12,0,negative,0.26452110452618127,-0.6056995964187983,0.2141207938716249,0.3666193502215747,-0.3666193502215747,0.6430404458108755,-0.8450205456177013
15,15,1,13,0,negative,-0.22349436481870139,-0.22726106391414078,0.1837510213512122,-0.7469741993955461,0.7469741993955461,0.4630046825568264,-0.2073893921803962
15,15,1,14,0,negative,-0.26997057748638786,-0.531579925195422,0.3614408467143403,-0.3327222320837315,0.3327222320837315,0.67297742563265,-0.5773150598093981
15,15,1,15,0,negative,-0.2258689787867092,-0.4620984552317577,0.42068534588317247,0.19875245210256484,-0.19875245210256484,0.4607864268963905,-0.5595066387799893
15,15,1,16,0,negative,-0.13606937218721,-0.40147678927389097,-0.03311183661362238,0.04497516797346695,-0.04497516797346695,0.3300913303491245,-0.31688618487347475
15,15,1,17,0,negative,-0.15650763580126204,-0.20303865637500906,-0.42648473546269955,0.4949108127505453,-0.4949108127505453,-0.15626240496315985,0.0884575292569717
15,15,1,18,0,negative,0.232830441157646,0.15822257717220276,-0.04144694206174982,-0.07037647696548628,0.07037647696548628,-0.0709692518184086,0.06253082762425466
15,15,1,19,0,negative,0.5938247697085223,-0.4050614495272379,0.7490997325803719,0.2849091580973518,-0.2849091580973518,0.7577332309244187,-1.076523700671685
15,15,1,20,0,negative,0.26182739062024474,-0.3962152935693038,-0.26738426782061536,0.30088419852724807,-0.30088419852724807,0.29406826832676425,-0.3934368549691185
15,15,1,21,0,negative,0.051410267968227896,-0.6178751420792103,-0.16994687321983828,-0.11160090596224868,0.11160090596224868,0.6155632423160898,-0.5586068394534052
15,15,1,22,0,negative,0.10654734585780806,-0.9259165045608313,0.0,-0.08406306445320268,0.08406306445320268,0.9894533079978349,-0.9791901774897354
15,15,1,23,0,negative,0.10095089368301,-0.5026951273167827,0.8930021696730873,-0.4981074902929606,0.4981074902929606,1.000048645199802,-0.9996716589948313
15,15,1,24,0,negative,0.008125038407204313,-0.5863029377472992,0.4050090781719535,0.27063216497513326,-0.27063216497513326,0.6338035882819741,-0.7928699960368781
15,15,1,25,0,negative,-0.22579188404119677,-0.10630629190663278,0.05311693198471553,-0.07638797254482095,0.07638797254482095,0.0742106320694127,-0.019968815878392165
15,15,1,26,0,negative,-0.15312626505948063,-0.31247093782909247,0.6216383523920125,0.7492856488848542,-0.7492856488848542,0.21887975064498505,-0.5467269814953584
15,15,1,27,0,negative,-0.32910111263643527,-0.47074682175673555,0.6086847075145285,0.83984298227324,-0.83984298227324,0.28399369262501994,-0.6105386191957822
15,15,1,28,0,negative,-0.38478627436254087,-0.5281861207902381,0.6348558507785043,0.30813699625940444,-0.30813699625940444,0.5088303141757577,-0.6532209089982197
15,15,1,29,0,negative,-0.035641935991692075,-0.4241608487183351,0.1889151002556621,-0.35321786994754345,0.35321786994754345,0.5929911934555062,-0.5007974308503201
15,15,1,30,0,negative,-0.1321619720492136,-0.22695938236988966,0.16744440722822518,-0.060277920218213175,0.060277920218213175,0.2588128341689646,-0.24460059995939545
15,15,1,31,0,negative,-0.03733620096092913,-0.4930934126700234,0.6872768743966533,0.06362071095817501,-0.06362071095817501,0.6885334001625397,-0.8180637493878855
15,15,1,32,0,negative,0.13663356076915453,-0.5131338758829117,0.4937147155786265,0.3033400588735072,-0.3033400588735072,0.622136615041003,-0.8283080140568022
15,15,1,33,0,negative,-0.25716305423885133,-0.22369547359531985,0.11389048268356135,0.2750880043151765,-0.2750880043151765,0.08424194830516435,-0.15205918781767486
15,15,1,34,0,negative,-0.5643139458363745,-0.47857368952925516,-0.04478488049939204,-0.08833550475556749,0.08833550475556749,0.30498591566918887,-0.1740242763613719
15,15,1,35,0,negative,-0.6259407954542208,-0.3116158370717978,0.07925289050781208,0.46354927245600913,-0.46354927245600913,-0.025129888729008176,-0.03827188459859343
15,15,1,36,0,negative,-0.5989683549006946,-0.4660833250506614,0.20607392774213612,1.1364811878471084,-1.1364811878471084,-0.04370854661789414,-0.2696361114713822
15,15,1,37,0,negative,-0.13839908757511132,0.1842915033185536,-0.46375461994414874,0.40563202706836315,-0.40563202706836315,-0.520220081514428,0.4853683570781836
15,15,1,38,0,negative,0.41487909797310807,0.3047725985818702,0.72403115040211,-0.6051027259836789,0.6051027259836789,0.276565059537762,-0.2646825256057388
15,15,1,39,0,negative,-0.10492123824268515,0.19392194603752572,-0.24539683065195078,-0.14982229205011963,0.14982229205011963,-0.26075387165236447,0.36908098048484367
15,15,1,40,0,negative,-0.28611531012172586,-0.24828979658209485,0.021481777378047497,-0.02115950916493266,0.02115950916493266,0.16713178872251294,-0.11597303021025568
15,15,1,41,0,negative,-0.17966924837088877,0.07161683055278079,-0.26530163292227604,-0.409200370977012,0.409200370977012,-0.08354033399149839,0.29410227119936316
15,15,1,42,0,negative,-0.07771911913814998,0.032162255542542734,-0.4581932573023527,0.0763434352230384,-0.0763434352230384,-0.23624752609705646,0.30011844376279406
15,15,1,43,0,negative,0.9066488518011017,0.2929411257241731,-0.7849733185940088,0.47870679977056224,-0.47870679977056224,-0.4119515479119962,0.23210335912062663
15,15,1,44,0,negative,1.1462031579660252,-0.04411959919519043,-0.35107562757460453,-0.2212886371477436,0.2212886371477436,0.38292498837491185,-0.4416833643909008
15,15,1,45,0,negative,0.4331662951678199,-0.600626956423098,0.5354679816354516,0.07797598696366588,-0.07797598696366588,0.8975130530362999,-1.0849440948247338
15,15,1,46,0,negative,0.8164695902301944,0.7960453161092332,-0.5240065057331976,0.1734725125282862,-0.1734725125282862,-0.756381792119663,0.6498137738607348
15,15,1,47,0,negative,0.8219889264606626,0.7049253879711717,-0.6744907594765952,-0.3267119891731867,0.3267119891731867,-0.5468553359187536,0.631176304479138
15,15,1,48,0,negative,0.19815547820278145,-0.007630953898147663,0.08401717668521487,-0.04405574269477216,0.04405574269477216,0.11637375309240382,-0.14871728134214582
15,15,1,49,0,negative,0.22576518220011405,-0.19362969960081478,-0.14320327387216278,0.2562331169441853,-0.2562331169441853,0.13573929672873675,-0.23491065376479042
15,15,1,50,0,negative,0.15312887121772112,-0.3218642900127906,0.3394631827167678,-0.4643959501389108,0.4643959501389108,0.6408602913705905,-0.5681603169800351
15,15,1,51,0,negative,0.16085350774456883,-0.47376795387505444,0.13351445976299942,0.08847285095593183,-0.08847285095593183,0.5423996593922665,-0.6209519376288386
15,15,1,52,0,negative,0.07274533930202684,0.17787434532345164,-0.389402118101759,0.08769394390969969,-0.08769394390969969,-0.31265791955992894,0.33620273472331774
15,15,1,53,0,negative,-0.14679163468702325,0.9312565595979231,-0.6648907891032548,-0.627279946063681,0.627279946063681,-0.9927240521734555,1.337097771493062
15,15,1,54,0,negative,0.39315783373973046,-0.13730781488915317,-0.01422735041287861,-0.6897912193401546,0.6897912193401546,0.49354838244482196,-0.3267730565525791
15,15,1,55,0,negative,0.3998469145619889,-0.7364374782431197,0.2903518134936639,-0.5253963242131343,0.5253963242131343,1.141635828999382,-1.0815368422709462
15,15,1,56,0,negative,-0.3553361183056356,-0.41002749735523514,-0.47941204697535533,-0.2117816516077138,0.2117816516077138,0.20237199279747609,0.007346585285260332
15,15,1,57,0,negative,0.1471037912929581,-0.5701618145916376,-0.4382023475098592,0.7427428886017933,-0.7427428886017933,0.22554799965207284,-0.4246125364831871
15,15,1,58,0,negative,0.33630778524674454,-0.26226301758906867,0.2972569710043474,0.35805851713651843,-0.35805851713651843,0.3540984306272599,-0.5790453957146147
15,15,1,59,0,negative,0.608140537266775,-0.13894030003602942,0.22641717799165334,-0.2993020959591723,0.2993020959591723,0.5168935704418962,-0.5562191576652435
15,15,1,60,0,negative,0.3158692885984511,-0.15255745885262936,-0.13406488567884947,-0.9368875054930413,0.9368875054930413,0.5254547616568437,-0.24345966031243016
15,15,1,61,0,negative,-0.3067368808047326,0.31088878570254996,-0.18422432475859765,-1.6994188198913294,1.6994188198913294,0.09193041907344979,0.5563693884842151
15,15,1,62,0,negative,-0.239703595762773,-0.25028268109583274,0.38336070388255816,-0.9456135382658241,0.9456135382658241,0.6133728965577026,-0.3221112351557253
15,15,1,63,0,negative,-0.0005624095362609105,-0.37335536031734873,0.6072603882114842,-0.1294365905784102,0.1294365905784102,0.6187335500685599,-0.6767043496549604
15,15,1,64,0,negative,0.04496917991779621,-0.4326086435356727,1.0415879244188597,-0.26262448784794623,0.26262448784794623,0.8823358409305401,-0.9758871957040007
15,15,1,65,0,negative,0.3195475471556715,-0.16065760254224787,0.12905223526052564,-0.45374998125367827,0.45374998125367827,0.461440857098873,-0.38495749375034644
15,15,1,66,0,negative,0.2402630857562305,0.08774987570693073,-0.21369816903411964,0.9142275430694706,-0.9142275430694706,-0.38363741782271726,0.0744674173458753
15,15,1,67,0,negative,0.472537555152039,0.202721134770509,0.2092402209243568,0.32426288947389187,-0.32426288947389187,-0.08354950590300768,-0.1381677532676889
15,15,1,68,0,negative,0.5410904035622076,0.7032282985054727,-0.06210853886149083,-0.18486262653000343,0.18486262653000343,-0.48194680142856605,0.46373736615511435
15,15,1,69,0,negative,0.39698597760879933,-0.08472547787649122,0.52133841974274,0.3003962224107474,-0.3003962224107474,0.29070153619008854,-0.5438876765522609
15,15,1,70,0,negative,0.3431724062089878,-0.12612196871137987,0.8436955040198317,-0.12626219830624885,0.12626219830624885,0.5638320048897361,-0.7195559238257896
15,15,1,71,0,negative,0.20079793070286556,0.03287000422823412,0.06554087255114023,0.5085345093583089,-0.5085345093583089,-0.11360190626300183,-0.10029939739876877
15,15,1,72,0,negative,0.2573989733048162,0.16611361264407043,-0.292546904426812,-0.32019231308734625,0.32019231308734625,-0.07109881865562029,0.18368757820506834
15,15,1,73,0,negative,0.48746338916268095,-0.2612555668815041,-0.2861790144227001,-1.0722914756462094,1.0722914756462094,0.6857808503435675,-0.3618977542514945
15,15,1,74,0,negative,0.9354276894865592,-0.6527926953575403,-0.14514588423186478,0.10698671434155949,-0.10698671434155949,0.8805577256619186,-1.0479335979848874
15,15,1,75,0,negative,1.6203274925115452,-0.3146797591854251,0.15170509681022584,-0.5158350397288306,0.5158350397288306,1.0773023022022925,-1.2006960538463107
15,15,1,76,0,negative,0.552200494866645,-0.4369318325617644,0.43184420982008437,-0.15487036554612632,0.15487036554612632,0.8165701893060495,-0.928954184905129
15,15,1,77,0,negative,1.1791469106481391,2.7022735021224324,-1.3970726942515816,1.2008561738423034,-1.2008561738423034,-3.1752008212710146,2.811236393924154
15,15,1,78,0,negative,1.1844550805732257,2.4570289616252103,-1.3054508850154376,0.5202129216071713,-0.5202129216071713,-2.6707652036416714,2.5175268638463164
15,15,1,79,0,negative,0.13659865430571427,-0.6177772859049653,-0.2985113526339022,0.07795242019038477,-0.07795242019038477,0.5378222463987744,-0.5368209367408713
15,15,1,80,0,negative,0.06569811220786737,-0.6140064784936127,0.07553122173863706,-0.33855447824692986,0.33855447824692986,0.7739344158914241,-0.6846211454668649
15,1,2,0,2,positive,0.16761660415681479,-0.2914109794135818,0.4555778275547891,0.20075346928054041,-0.20075346928054041,0.4322246335572696,-0.6030081952693838
15,1,2,1,2,positive,0.32874298066633234,-0.21480803123253636,0.8212645900450574,-0.14496313738242636,0.14496313738242636,0.646464933930475,-0.7898118165882312
15,1,2,2,2,positive,-0.1014033473330195,0.7731360164263968,-0.74075399367792,0.061599821927741126,-0.061599821927741126,-1.0743884040726237,1.1942146869318666
15,1,2,3,2,positive,-0.34179548149002936,0.5030740672614539,-0.7396455932704856,-0.2332401342457476,0.2332401342457476,-0.7858077140997097,1.0437946046417115
15,1,2,4,2,positive,-0.35331482877363635,-0.38127618472892766,-0.37491817846692593,0.6718978043316758,-0.6718978043316758,-0.08543408579515172,-0.01715968110864652
15,1,2,5,2,positive,-0.21497752526036568,0.22617500699455356,0.018301582577849734,0.22957265687194095,-0.22957265687194095,-0.3682578735127059,0.32451297833581155
15,1,2,6,2,positive,-0.012406354343602738,0.7564928405220122,-0.5654219353256297,-0.10356904214703493,0.10356904214703493,-0.9145792563627446,1.0454069853566283
15,1,2,7,2,positive,0.13016040424390002,0.29905384992957784,-0.6382425788530006,0.22161629826758156,-0.22161629826758156,-0.5422866742218052,0.5530949372341282
15,1,2,8,2,positive,0.03938311524420532,0.3122631121273453,-0.13314632659732273,0.4120512872986513,-0.4120512872986513,-0.4808679450112682,0.359144717803904
15,1,2,9,2,positive,0.09976289671903059,0.12943828915859087,-0.14464144064497061,0.003919194072688703,-0.003919194072688703,-0.14570420182480046,0.1518775611215609
15,1,2,10,2,positive,0.65520884364345,-0.2711226866434748,-0.2780365230552107,0.02249185356141555,-0.02249185356141555,0.3893495089857494,-0.4597088469375944
15,1,2,11,2,positive,1.5742092623783928,-0.04580135554984533,1.1625956847639742,-0.021656951573938137,0.021656951573938137,0.965288655121947,-1.4142038291210288
15,1,2,12,2,positive,0.5345109507557605,0.028031459218347127,-0.5963473080126908,0.04093215334407583,-0.04093215334407583,-0.06228762941868249,0.05894963784681226
15,1,2,13,2,positive,-0.016676064833201804,0.31795357397461943,-0.045015766244917446,-0.09094912658861702,0.09094912658861702,-0.3082011421377868,0.34879948951367906
15,1,2,14,2,positive,0.7708479343494723,-0.3347671218811778,-0.023213431270725806,-0.1345019913706355,0.1345019913706355,0.6288126200309718,-0.708584373420551
15,1,2,15,2,positive,0.9162212472152691,-0.1417762557591758,0.304834166902033,-0.5699366572485125,0.5699366572485125,0.738773612881114,-0.7523039628178267
15,1,2,16,2,positive,1.302772442419473,0.6968105517463448,2.4419300943796993,-0.5134783908657611,0.5134783908657611,0.722583090808633,-1.1755407166532414
15,1,2,17,2,positive,1.4086521978838453,0.7873138578507257,3.1692844780315315,-0.8643262290435683,0.8643262290435683,1.0267737771355891,-1.5016544801069625
15,1,2,18,2,positive,0.3033060931860313,0.06139607278829995,1.6884419466339173,-0.8007473108182984,0.8007473108182984,0.8694357107577824,-0.9344779471216743
15,1,2,19,2,positive,0.6399798863419695,0.17079308556799733,1.2091426104354621,-0.3041678066508841,0.3041678066508841,0.5469703489081078,-0.7537681628207185
15,1,2,20,2,positive,1.4108662872923314,0.20634881793361054,0.5410034174504944,-0.12144933200246218,0.12144933200246218,0.4847575276481521,-0.7695860344378023
15,1,2,21,2,positive,0.8664789186843173,0.05745820164842097,0.005458319395428271,0.004040458578139765,-0.004040458578139765,0.23184072485211432,-0.3785104173914518
15,1,2,22,2,positive,-0.02571002080515783,0.5656436873961749,-0.17788930605965167,-0.3149233622416195,0.3149233622416195,-0.5285356756039049,0.6674433508285796
15,1,2,23,2,positive,0.4087758943707155,0.45180011778171314,0.38138947635708126,-0.20714636646081655,0.20714636646081655,-0.11936287205217538,0.056717432417814795
15,1,2,24,2,positive,0.4931652945002282,1.1103633228250915,0.3104017792381759,-0.10281139647495463,0.10281139647495463,-0.8082371660873053,0.7085797859558894
15,1,2,25,2,positive,0.7549291330337022,1.2744639915113083,-0.22870702262293813,0.13116074270013392,-0.13116074270013392,-1.1427768689410982,1.0113529363059262
15,1,2,26,2,positive,0.022419492349573453,0.09339529280906333,-0.5007425518306996,0.851069135130921,-0.851069135130921,-0.5365260243464123,0.3325568225496264
15,1,2,27,2,positive,0.2244261831874667,1.181984032747957,-0.9282076847605957,-0.14214729702805634,0.14214729702805634,-1.369195434262981,1.5338747835345214
15,1,2,28,2,positive,0.8381464612944198,0.6604754426072688,-0.9927387265043458,-0.052562222265841264,0.052562222265841264,-0.6944854569219636,0.7377715752122318
15,1,2,29,2,positive,1.8577422029215178,-0.24328884640872092,-0.2157569525582936,0.12897300586651558,-0.12897300586651558,0.7476262612409572,-1.064281471590333
15,1,2,30,2,positive,1.5884088157320213,-0.01720868687745275,0.367714130167946,-0.10297313911560213,0.10297313911560213,0.7035740485493092,-0.9952701598274365
15,1,2,31,2,positive,0.274527223617161,-0.45204789290580183,0.2474109953118527,0.2588542373746681,-0.2588542373746681,0.5397425534239171,-0.7130170023703086
15,1,2,32,2,positive,0.05565193832378652,-0.171253811879845,0.47888422543344483,0.042044082710686236,-0.042044082710686236,0.33541783889536003,-0.4385218937584607
15,1,2,33,2,positive,0.07381203618840268,-0.47972516886892147,0.15333251537698858,-0.07532632360335882,0.07532632360335882,0.5805487939251714,-0.593297444651617
15,1,2,34,2,positive,-0.16521193247072996,0.0534404771677649,-0.288669126215667,-0.4354131252847843,0.4354131252847843,-0.05959645496830244,0.28038100651096337
15,1,2,35,2,positive,-0.043667657907641676,0.0777032352822621,0.6915391472538659,-0.44822490313057295,0.44822490313057295,0.28766222887667026,-0.24623250939085
15,1,2,36,2,positive,0.4120380215734286,-0.19597870954505953,0.6485402255535042,-0.24621707135629256,0.24621707135629256,0.6315771490394679,-0.7262678331085259
15,1,2,37,2,positive,0.6253218327214543,-0.43962787268350983,-0.3978689904753806,0.4509878359542383,-0.4509878359542383,0.3651162081141216,-0.5533542938065467
15,1,2,38,2,positive,0.8824659382169077,-0.1611561852760567,0.1779144371113957,0.00018085964436516158,-0.00018085964436516158,0.5145560238373695,-0.6913463729402084
15,1,2,39,2,positive,0.8782987224865393,0.343839971642796,0.19775680089538036,0.4490920336985497,-0.4490920336985497,-0.1348521417483394,-0.19418779004816378
15,1,2,40,2,positive,0.5936898009355996,0.4272764070746301,-0.256205455502057,-0.5174638790140905,0.5174638790140905,-0.14229366559208573,0.25853423435785877
15,1,2,41,2,positive,0.5434271846129995,0.07979070955662289,0.7797945108406151,-0.608804048295709,0.608804048295709,0.5642178716931516,-0.5818201381701844
15,1,2,42,2,positive,0.1691161741980158,0.44510754789697193,0.1028990476215232,-0.7098136358464623,0.7098136358464623,-0.11783126200830485,0.3090999369872024
15,1,2,43,2,positive,0.12962441315888823,0.0624841715577199,-0.57612138814608,-0.09501263244148705,0.09501263244148705,-0.17964561907295484,0.28573265905131584
15,1,2,44,2,positive,0.9707842952744725,-0.39925645811715704,-0.7791827460473946,-0.33072228665545095,0.33072228665545095,0.5733644034113333,-0.495057232730696
15,1,2,45,2,positive,0.43520197756852186,0.07105397129641061,-0.5870085217477136,-0.17800061531248532,0.17800061531248532,-0.06232261425197941,0.14695724338600646
15,1,2,46,2,positive,0.33420845643525965,-0.5197886355636477,-0.40910654930282236,-0.1602455160287436,0.1602455160287436,0.5482377766173747,-0.4823395891298664
15,1,2,47,2,positive,0.07656584866463573,-0.19493687027299209,-0.7550198503442226,0.01640568585093467,-0.01640568585093467,-0.03668302557051509,0.14429013056680132
15,1,2,48,2,positive,0.09098842110942525,-0.21367917061138383,-0.10334720651739593,-0.2849174317525983,0.2849174317525983,0.3045320527262597,-0.20749977790739849
15,1,2,49,2,positive,0.18511575951768128,1.732985030625136,-0.7191938942736799,0.1807001606770956,-0.1807001606770956,-1.9712444624361674,2.000024098003135
15,1,2,50,2,positive,0.29756260215785474,-0.3183928694746944,-0.6376157159449055,0.6327124132123846,-0.6327124132123846,-0.005862306191784017,-0.14836631258116903
15,1,2,51,2,positive,0.36410300102344817,0.10684807999326687,-0.2147955709793848,0.239882091777419,-0.239882091777419,-0.13703963390438542,0.03219436497123518
15,1,2,52,2,positive,0.20254743749844828,0.28261725252155123,0.035391605040187527,-0.039169952909092996,0.039169952909092996,-0.1902475873723083,0.16364773125223334
15,1,2,53,2,positive,-0.1504979653056879,0.06672560351752041,-0.5335843725577765,0.025242872842259456,-0.025242872842259456,-0.3031673404194284,0.40876677244925264
15,1,2,54,2,positive,0.08845042027433393,1.0011205665479634,-0.24643828104164955,-0.09512584966801733,0.09512584966801733,-1.0220745702477296,1.0801144969316212
15,1,2,55,2,positive,-0.028805589428800016,0.597299526261766,-0.15658350549780203,-0.1963993844270507,0.1963993844270507,-0.5936294297616164,0.6899940737250669
15,1,2,56,2,positive,-0.07195012395130994,0.03132436141282935,0.5214091673769777,-0.19111623610162942,0.19111623610162942,0.18220073176293639,-0.19340516030000454
15,1,2,57,2,positive,0.13896058746004972,0.3063367832276636,0.3697288856621396,-0.9114250531341389,0.9114250531341389,0.16703472552444576,0.05199204666656898
15,1,2,58,2,positive,0.19765146983887977,0.5584644985007383,1.2047752398182938,-0.6324992667880135,0.6324992667880135,0.1198441603143241,-0.1427488563278485
15,1,2,59,2,positive,-0.04349889352336915,0.5653722085046661,0.100963150439829,-0.4879592503274823,0.4879592503274823,-0.3835643727566853,0.5366400800464362
15,1,2,60,2,positive,0.11129110945513099,0.11214214085766566,-0.24278674862651733,-0.4711197065183641,0.4711197065183641,0.0010658815913269226,0.17788996044335884
15,1,2,61,2,positive,0.3434939280671318,-0.41990994070317,-0.2223944903547946,0.2975327650089696,-0.2975327650089696,0.36109883160429257,-0.4804596595593386
15,1,2,62,2,positive,-0.12048170156326898,-0.2467742767903952,-0.31819684424959016,0.259273352569981,-0.259273352569981,0.014123643996115182,-0.027435003883965636
15,1,2,63,2,positive,0.04616030721797718,-0.07433766091193358,0.07728902501052777,-0.17355302110647494,0.17355302110647494,0.17333844535692688,-0.13606232702618606
15,1,2,64,2,positive,0.0038127035362295336,-0.10548201135245047,0.09626568530961793,0.8389565592585325,-0.8389565592585325,-0.14081071211844454,-0.1555212057753742
15,1,2,65,2,positive,0.17213943524460198,0.20473095025423643,-0.4231175536684375,0.6411557037644237,-0.6411557037644237,-0.5021088909836562,0.3302200094661542
15,1,2,66,2,positive,0.5502925947414469,-0.7176563826880376,-0.7801762883065475,0.2768835483930723,-0.2768835483930723,0.5487339687019799,-0.6027145359054873
15,1,2,67,2,positive,0.44463227251894566,-0.8587570441206982,-0.6025689287991948,-0.21062874522499372,0.21062874522499372,0.8763210737689464,-0.7797887159805736
15,1,2,68,2,positive,0.41579641772923637,-0.01033044982964268,0.025476766763661618,-0.011980592486485678,0.011980592486485678,0.16141504215610392,-0.23096704207609167
15,1,2,69,2,positive,0.7672041490926937,-0.005440100045999263,-0.5959647528326879,0.04343991143901118,-0.04343991143901118,0.048039928319664145,-0.09105979817600218
15,1,2,70,2,positive,0.5868568975698207,-0.1122898747685232,-0.4855377114552007,-0.8951242150103874,0.8951242150103874,0.44443767514352567,-0.16294946782583322
15,1,2,71,2,positive,0.49837757206498035,0.42738625831290367,-0.35668546154360975,-0.6187507066158778,0.6187507066158778,-0.1739053192671542,0.35654020305221834
15,1,2,72,2,positive,0.09641546946534912,-0.08566190976194571,-0.44988435705704305,-0.19669429767486024,0.19669429767486024,0.033403713123001146,0.09107253403390125
15,1,2,73,2,positive,0.3377819986158145,0.1087254582953601,-0.19445584768626384,0.12148032135154611,-0.12148032135154611,-0.10144351510269192,0.03706238283058477
15,1,2,74,2,positive,0.5608865130552545,0.1854023046863178,0.026899657277633913,-0.1243078009305897,0.1243078009305897,0.05196235240150823,-0.10849078048012639
15,1,2,75,2,positive,0.4586677002232123,0.011987149819413158,-0.18610380401473947,-0.12715567704459022,0.12715567704459022,0.12125270793160786,-0.12429479828482326
15,1,2,76,2,positive,0.6822378198555457,0.1993945682631287,0.24911239948628902,-0.5205481741259916,0.5205481741259916,0.2845715628928134,-0.2662805414077887
15,1,2,77,2,positive,0.8369067955396707,-0.20791727469343982,-0.17465450568296123,-0.6663410908737561,0.6663410908737561,0.6507817349369284,-0.5390434196217946
15,1,2,78,2,positive,0.8608374267706588,-0.5720664318910408,-0.14667629160819887,0.1778162597003665,-0.1778162597003665,0.750848057045072,-0.9291469994722708
15,1,2,79,2,positive,0.843892589709238,-0.6162654256402121,-0.42733441176871295,0.9127315743585861,-0.9127315743585861,0.45087429350085845,-0.8245445146104746
15,1,2,80,2,positive,0.9291674814573211,-0.5234868929149485,-0.7563166863633919,0.4779691451657711,-0.4779691451657711,0.4217807762243346,-0.6099122904619132
15,1,2,81,2,positive,0.6887543514235471,-0.4404735944464226,0.6242570297987837,-0.2340138018991366,0.2340138018991366,0.9561486554869119,-1.0969792850575881
15,1,2,82,2,positive,0.2628055887692379,-0.2579363421340483,0.49015876478154413,0.03772411972353625,-0.03772411972353625,0.49634975340979687,-0.6344185189094393
15,1,2,83,2,positive,0.6329615616221671,-0.5677182287122777,-0.30202733882241334,0.9712755875306476,-0.9712755875306476,0.3542711071353132,-0.7331853401121546
15,1,2,84,2,positive,1.6277096188479487,-0.5277260357406888,0.6227183073324325,0.892435925429762,-0.892435925429762,0.9803900359908952,-1.6529399988308795
15,1,2,85,2,positive,1.7873366012981293,0.2911814784207867,-0.09329349905797679,-0.20826538640235914,0.20826538640235914,0.3429213511267172,-0.5558400726992896
15,1,2,86,2,positive,2.9064298574502354,0.05619957556054833,-0.7077952730036751,-0.3078328078391091,0.3078328078391091,0.7792895552013415,-1.043117716662732
15,1,2,87,2,positive,2.9833413035978644,-0.1886356605641224,-0.867862598096202,-0.3639758028468923,0.3639758028468923,1.0151204966803073,-1.2463750133149536
15,1,2,88,2,positive,1.2818185755065672,-0.7077158014451573,-0.1048272820308448,-0.11694681213575865,0.11694681213575865,1.139028503315651,-1.2962114481830185
15,1,2,89,2,positive,0.9779699079956861,-0.3737031928740947,-0.14959323274772823,0.2534713678447399,-0.2534713678447399,0.565338295341834,-0.7878915304980736
15,1,2,90,2,positive,0.816244440978066,-0.5235766038673828,-0.5867933453422878,0.38704118785889036,-0.38704118785889036,0.47104657312634546,-0.6383021516852719
15,1,2,91,2,positive,1.7104737941847308,0.45508113814030465,0.9016426205500887,-0.08221004787099817,0.08221004787099817,0.4430276827283011,-0.850977069227105
15,1,2,92,2,positive,1.7226890785216784,-0.7611833484927321,-0.3759965465461728,0.18719496591807563,-0.18719496591807563,1.1476825371785422,-1.4345296144804849
15,2,2,0,1,neutral,-0.06371088016778645,0.16042903118728258,-0.4314833302260369,0.30905188339479467,-0.30905188339479467,-0.42851106245015524,0.40802613638419427
15,2,2,1,1,neutral,0.24252882637731638,0.09182109014946908,-0.14269786571932344,0.3699900366825384,-0.3699900366825384,-0.18187411549098426,0.04190560982047262
15,2,2,2,1,neutral,0.6784658831415624,0.3228151590619698,0.6091702409788701,0.20267600235109515,-0.20267600235109515,0.038838214861142695,-0.3210029029982465
15,2,2,3,1,neutral,0.5381352757681621,0.19259249231813658,0.5171652284486646,0.4331371863468811,-0.4331371863468811,0.014795280305178654,-0.33505775979027685
15,2,2,4,1,neutral,0.6900844647534207,-0.03838413280224619,-0.2820997791609136,0.6213943935774005,-0.6213943935774005,-0.032752436526051615,-0.24237647559849973
15,2,2,5,1,neutral,0.7096209143411806,-0.14149982356714452,-0.4564894619052439,0.2460944624770646,-0.2460944624770646,0.14384548688676854,-0.2680655497851129
15,2,2,6,1,neutral,0.2861805741013018,0.5546395840481987,-0.33529794214927294,0.10593688398012342,-0.10593688398012342,-0.6063243347242302,0.5791982680721842
15,2,2,7,1,neutral,0.5428875168530136,2.1818522281579127,0.18395395829728917,-0.3553252528679946,0.3553252528679946,-1.8211299854851468,1.8184314905827614
15,2,2,8,1,neutral,0.5291588785875867,1.1615337131715107,1.4435182946059302,-0.08198496809925522,0.08198496809925522,-0.47664633274058665,0.17519512657475222
15,2,2,9,1,neutral,0.734573911009548,1.6452605478511004,1.666066633472037,-0.6329809565090749,0.6329809565090749,-0.6340533808542137,0.4449402756103078
15,2,2,10,1,neutral,1.2317274188337801,2.1870957538841878,1.927840537245933,-0.7746943186949197,0.7746943186949197,-0.8756749956259768,0.6073117758443312
15,2,2,11,1,neutral,0.3191896719666529,0.36433743519681266,0.8636973536753567,0.2354195186981192,-0.2354195186981192,-0.048514932882182504,-0.22710607762419216
15,2,2,12,1,neutral,0.3136658700176025,0.7097216359511198,0.19143312882686067,0.1405046582259633,-0.1405046582259633,-0.5881901890782866,0.4571721365288882
15,2,2,13,1,neutral,0.2698298630487224,0.5937239699845814,0.22783346949716093,0.16809979152845866,-0.16809979152845866,-0.48386945631210654,0.34489230371163976
15,2,2,14,1,neutral,-0.3000780160742611,0.5278835647079594,-0.7712227598675908,0.33565703013056614,-0.33565703013056614,-0.9968695000654322,1.0635339526788854
15,2,2,15,1,neutral,-0.10577214972892005,1.156589792030771,-0.6769508448572058,0.14005654918426155,-0.14005654918426155,-1.4641829732875669,1.547951289323834
15,2,2,16,1,neutral,0.1759172429533789,0.9415301143153231,-0.12418060368402856,-0.43718147447877387,0.43718147447877387,-0.778557409732615,0.9156617946806479
15,2,2,17,1,neutral,0.9307615459802214,1.0815741589286167,2.8323177447727357,-0.658886174631066,0.658886174631066,0.39241432953272426,-0.7999654864478618
15,2,2,18,1,neutral,1.6998634819363756,1.7006514986048562,3.0970736452791323,-0.46221672997176705,0.46221672997176705,0.05239978712423565,-0.6978170650028979
15,2,2,19,1,neutral,0.8736436322046934,1.4617848822383044,0.27062141839069526,-0.32849520376506375,0.32849520376506375,-0.970864797451487,0.8896523569406101
15,2,2,20,1,neutral,0.5275485950691846,0.7377744103378567,1.406844987874938,-0.4330105650488611,0.4330105650488611,0.05136030565980454,-0.22942238113420466
15,2,2,21,1,neutral,1.5044770113394619,1.9780980519516822,2.1105984771896242,-0.5695084900413935,0.5695084900413935,-0.5832367257615223,0.17056030768713915
15,2,2,22,1,neutral,0.8208874889291946,2.1009500239398164,-0.0043009760914744346,-0.5177237250009284,0.5177237250009284,-1.656179944660267,1.6926567675209563
15,2,2,23,1,neutral,0.5273788558252925,0.9589885830047739,0.8963164349489899,-0.9674936589010352,0.9674936589010352,-0.16192559977966803,0.24714093761763267
15,2,2,24,1,neutral,0.16607667108524166,0.973844921324954,0.6174972007020232,-0.4598462416515076,0.4598462416515076,-0.5593715501786964,0.5820579854313216
15,2,2,25,1,neutral,0.44999834789132315,0.7162257823564083,1.0186026170961182,0.1717634915825705,-0.1717634915825705,-0.2839466245547847,-0.018074700137312383
15,2,2,26,1,neutral,0.6749528545919835,1.8437292985652787,0.35907760115628473,-0.5614912380685148,0.5614912380685148,-1.3118887339596843,1.3267140706911444
15,2,2,27,1,neutral,0.45503184647364886,1.9374836718737223,-0.40271393242004916,-0.7993655405593296,0.7993655405593296,-1.653589187002746,1.9113247148469223
15,2,2,28,1,neutral,0.51518937915387,2.3493764385073193,-0.7533985749787833,-0.06840425762367662,0.06840425762367662,-2.4059780845743983,2.468481036419776
15,2,2,29,1,neutral,0.07953104020535942,1.3382276256252585,-0.4095750807286093,0.26126379458247134,-0.26126379458247134,-1.5353302373271656,1.5032496458868834
15,2,2,30,1,neutral,-0.28998737990790796,-0.010958144132303543,-0.3078828865902271,-0.26921641867285323,0.26921641867285323,-0.09859313847612372,0.28797698911676395
15,2,2,31,1,neutral,-0.10274605839024804,-0.28785697838044294,-0.6683011876737821,0.4040859796892069,-0.4040859796892069,-0.10385409687063613,0.09766664465157215
15,2,2,32,1,neutral,1.3557922196904622,3.3741375234611204,0.19451964177014214,-0.2955147904481173,0.2955147904481173,-2.7588619728248798,2.5989815927308184
15,2,2,33,1,neutral,1.7674540529257023,3.9700107911490474,0.08683884715867052,-0.31865876874242144,0.31865876874242144,-3.2456935682067827,3.0428643411068608
15,2,2,34,1,neutral,0.9344557199792249,1.8027503692643303,0.44772848504967805,-0.04141350075658847,0.04141350075658847,-1.3282178006691665,1.1116582667498789
15,2,2,35,1,neutral,1.6958330994163349,2.4600835867537922,2.556563339296613,-1.1464359218725135,1.1464359218725135,-0.6604727998919717,0.33388536739731833
15,2,2,36,1,neutral,1.5566769983869784,3.130996420221316,1.1797093530472398,-0.6543269090780404,0.6543269090780404,-2.00075866671723,1.762803244504207
15,2,2,37,1,neutral,1.4546471118832958,2.821775245978687,1.4803053865165372,-0.8083275823022426,0.8083275823022426,-1.574015219077995,1.3542989967787704
15,2,2,38,1,neutral,2.237746960203828,3.4596444885578803,2.5739123780946866,-0.9718198180865728,0.9718198180865728,-1.5318181030961844,1.0538148194086228
15,2,2,39,1,neutral,1.8828491383153665,2.100155641940906,2.9227925101003636,-0.7588320523628506,0.7588320523628506,-0.24533107501471263,-0.3026651822669586
15,2,2,40,1,neutral,0.5059845330327601,0.8016851023024667,1.4116852518824057,-0.1893502043608346,0.1893502043608346,-0.09934510587713319,-0.1571497901551162
15,2,2,41,1,neutral,1.4489155140971408,3.013649432690026,1.7584596756012065,-0.39017447385496395,0.39017447385496395,-1.8144662115055887,1.4099618378408523
15,2,2,42,1,neutral,0.8142964043093256,1.589922830908363,1.6242881532465465,-0.5778646892979643,0.5778646892979643,-0.5844397486237509,0.37063055213042695
15,2,2,43,1,neutral,2.5946319762205157,2.565960186338371,3.313508767628132,-0.8039980030626567,0.8039980030626567,-0.3285806040346029,-0.388110185585953
15,2,2,44,1,neutral,1.5991155256063905,1.5909757956888573,1.353612267909676,-0.510197889268185,0.510197889268185,-0.4366672347607734,0.11461189893082402
15,2,2,45,1,neutral,0.8313464375743732,0.889059712274332,0.8069911907350586,-0.3249028604692978,0.3249028604692978,-0.23464621601475544,0.06989089811961602
15,2,2,46,1,neutral,1.7182459526127278,1.978160254274405,2.0820032735338203,-0.7893843263507629,0.7893843263507629,-0.4482824034419679,0.07803564120113093
15,2,2,47,1,neutral,0.6605248360332033,1.4383416441310843,1.0447371566715002,-0.4623271514368829,0.4623271514368829,-0.7158119294172223,0.5857106477787326
15,2,2,48,1,neutral,0.7549211718710641,1.418191933250362,1.0745886885419715,-0.4519939386496496,0.4519939386496496,-0.6576906668961336,0.5034370030438442
15,2,2,49,1,neutral,1.5656470922191428,2.807800119324707,0.8844811315768222,-0.24314573483347732,0.24314573483347732,-1.9100421331148927,1.5827360074267243
15,2,2,50,1,neutral,1.2838199326710806,3.5545222751171783,-0.39287655060334414,-0.24736751691227857,0.24736751691227857,-3.1750853087905067,3.10905058408331
15,2,2,51,1,neutral,1.2385905727996045,1.8229103590843714,1.11197444658476,-0.2366497560740072,0.2366497560740072,-0.9605054339315807,0.647627849392189
15,2,2,52,1,neutral,0.5159411761087821,1.2651933528904784,0.6769236054258844,-0.39262032155539767,0.39262032155539767,-0.7366983185271238,0.6687609621231452
15,2,2,53,1,neutral,0.28576731592789667,0.6966224524786818,-0.15685697855948838,-0.13021591035859018,0.13021591035859018,-0.6102470365696824,0.6321672837944776
15,2,2,54,1,neutral,1.0825571431105767,2.1305129868604946,1.6541196712978254,-1.247942103228884,1.247942103228884,-0.8023066809813992,0.7621745796562935
15,2,2,55,1,neutral,2.15698028275566,3.6086692085656358,2.3013687690729934,-0.9333640374752371,0.9333640374752371,-1.8114315121310056,1.379494682651309
15,2,2,56,1,neutral,0.8106661142501058,1.6159372848187101,2.3442735803578487,-0.24681144577552602,0.24681144577552602,-0.4820202380242167,0.038467437514732916
15,2,2,57,1,neutral,1.4644716232051325,2.519082687120216,2.0624971946614776,-0.4123312521013888,0.4123312521013888,-1.2059826637975497,0.7555982781869108
15,2,2,58,1,neutral,2.061518339172059,3.2269556425119514,1.759950137621381,-0.469368254218766,0.469368254218766,-1.7966767321745494,1.3162214041152316
15,2,2,59,1,neutral,0.7517654713773281,3.2418383745955577,0.25573282881452497,-0.15378783613204072,0.15378783613204072,-2.8547429958209265,2.738089224499631
15,2,2,60,1,neutral,0.17676805692690584,2.4678292217603377,-0.12241613925902166,-0.4586016307328025,0.4586016307328025,-2.2968447056267753,2.4406532629263955
15,2,2,61,1,neutral,1.5624058432148917,2.9973389182433205,1.4699168255037562,-0.5760036892841828,0.5760036892841828,-1.7945634655757103,1.4811775838839965
15,2,2,62,1,neutral,1.6630415344425598,1.9482560625854743,2.3440643612556946,-0.5650221986947672,0.5650221986947672,-0.4242133644544672,-0.05529688526365284
15,2,2,63,1,neutral,1.5246235235265062,1.8037756099087272,1.6981270696949629,-0.8783560949661963,0.8783560949661963,-0.43674004717950554,0.1924003132979928
15,2,2,64,1,neutral,1.4940308374753033,1.8868659269357628,2.4444316474334435,-0.9946756518635782,0.9946756518635782,-0.2424865480116547,-0.0823653155186106
15,2,2,65,1,neutral,0.40719259972245947,0.7384321573918876,1.7799761921433042,-0.6010856271694238,0.6010856271694238,0.19098598228650832,-0.3551522385409943
15,2,2,66,1,neutral,0.9489813206078407,1.9818052263605765,1.8123512418150853,-0.09672928580770333,0.09672928580770333,-1.0291179436170337,0.6011389451491136
15,2,2,67,1,neutral,0.7480876202065032,1.6121714047818503,1.8619787544143862,-0.19704872696880113,0.19704872696880113,-0.6764663709186199,0.30713821747140546
15,2,2,68,1,neutral,0.7229429987551224,1.9420994790479313,1.4795282103572511,-0.7694294885085141,0.7694294885085141,-0.9514659131743021,0.8408638744917445
15,2,2,69,1,neutral,1.2933250904347675,3.9709444293257996,0.8288293951452047,-1.011316085309074,1.011316085309074,-2.926454239029451,2.9098671865358137
15,2,2,70,1,neutral,0.36418752610657046,2.6213456210960144,-0.012969503264927016,-0.19448433659740072,0.19448433659740072,-2.439444834616333,2.4457366096751927
15,2,2,71,1,neutral,0.26811891161089657,1.4102274023329056,0.9133934683535184,0.02546832007433522,-0.02546832007433522,-1.0248793823695457,0.8194712123506981
15,2,2,72,1,neutral,0.1305427121949112,0.5525933187029866,0.1525194735812923,-0.3780071244031997,0.3780071244031997,-0.3322368819765188,0.41106222581488483
15,2,2,73,1,neutral,0.5823986061883547,0.29802544050850843,0.16814047844235006,0.4020066722875211,-0.4020066722875211,-0.1818479697274472,-0.07724410180684393
15,2,2,74,1,neutral,1.027473934223641,0.6393537078905247,0.7828255971146729,-0.47634598306035025,0.47634598306035025,0.12286146357569672,-0.26579605777863224
15,2,2,75,1,neutral,1.7039943102201285,1.594245583653494,2.73991993757755,-0.34570076096853763,0.34570076096853763,0.0022927526019116407,-0.6277115402453455
15,2,2,76,1,neutral,0.7219906501484646,1.3666529093125974,1.1604171188476702,0.07739555442498802,-0.07739555442498802,-0.7649821711222151,0.42544902481452995
15,2,2,77,1,neutral,0.3176948598266392,1.5418739697079116,0.3876649713165236,-0.22741191428795024,0.22741191428795024,-1.2309500545642071,1.1891940541363302
15,2,2,78,1,neutral,1.3806704634259934,2.593779483836096,1.3917698479065965,-0.599151946038501,0.599151946038501,-1.4699153980457325,1.2075593281698012
15,2,2,79,1,neutral,1.560695203269526,2.150848909098867,2.1897188677717963,-0.6802472418236934,0.6802472418236934,-0.6739618048105287,0.275641873578206
15,2,2,80,1,neutral,1.2306833712332796,1.5907435063997215,2.9112952875578806,-0.5759517148965295,0.5759517148965295,-0.01810004850382496,-0.4802458229958586
15,2,2,81,1,neutral,1.371300135608686,1.5974905242321282,3.66203316138796,-0.32578636813512757,0.32578636813512757,0.18888269747846298,-0.9191761242661947
15,2,2,82,1,neutral,1.6242035306279972,2.5701286509937233,2.696767594827514,-0.799884485345031,0.799884485345031,-0.863176780726876,0.40964308826596785
15,2,2,83,1,neutral,1.1931804744646157,1.7689927203942317,1.6410730228165493,-0.6716116329863264,0.6716116329863264,-0.6003710103050679,0.3518659717536492
15,2,2,84,1,neutral,0.8173637030938792,1.3996683397660352,0.7724301902158447,-0.3019973971163959,0.3019973971163959,-0.7690712429573286,0.6047713931111733
15,2,2,85,1,neutral,0.04352043367434425,1.0387820238076175,-0.5364804183456398,0.24463368031851676,-0.24463368031851676,-1.2846465788042216,1.2852620161432653
15,2,2,86,1,neutral,0.8338120120956544,1.3329077782579928,0.5655808298845907,-0.5580555965984523,0.5580555965984523,-0.680424965398427,0.6332113572678703
15,2,2,87,1,neutral,0.7985992340915135,2.0713626029417576,-0.13012038106806018,-0.11127623527560487,0.11127623527560487,-1.8114442401754047,1.737123176430031
15,2,2,88,1,neutral,1.0120110220732204,2.690542086272784,0.30281845230605364,-0.4841334221284568,0.4841334221284568,-2.0908877874368734,2.0331273490831467
15,2,2,89,1,neutral,2.0763399381735814,3.3732410380609466,1.2513807289111973,-0.9836598312296075,0.9836598312296075,-1.9361142052894846,1.7093807045185572
15,2,2,90,1,neutral,1.486905766669612,2.076617795449785,1.691075606969748,-0.6549833190620928,0.6549833190620928,-0.798962897882634,0.48762710863010494
15,2,2,91,1,neutral,0.35367228014235874,2.3962643719682446,-0.44695779092212623,-0.36209617429746704,0.36209617429746704,-2.306660817462345,2.4429071273581284
15,3,2,0,0,negative,-0.139032687893374,0.09223520174539437,1.6618219486455312,2.062916700070017,-2.062916700070017,-0.27227768151801435,-0.6691594286306842
15,3,2,1,0,negative,0.31244351153848937,0.21177964987456843,1.583288742861951,2.0668420748339145,-2.0668420748339145,-0.26881625668572645,-0.7360864773256518
15,3,2,2,0,negative,0.22040967770621583,-0.08340027523623356,0.9459708966389081,2.284371167278052,-2.284371167278052,-0.28926325574140915,-0.6665905624087956
15,3,2,3,0,negative,-0.00211060313919037,0.005164933360454205,1.1248575789205082,1.7646684669865171,-1.7646684669865171,-0.21913876376218733,-0.5562085545302047
15,3,2,4,0,negative,-0.7770001851778299,-0.5656595641860186,-0.35403971088839103,3.286592280128538,-3.286592280128538,-0.9068844945455675,-0.00013961615290813967
15,3,2,5,0,negative,-0.7004692621634213,-0.4180025073444348,-0.5728059749952387,3.4918681254689012,-3.4918681254689012,-1.170378613531419,0.2186351112348952
15,3,2,6,0,negative,-0.7458398283957729,0.3501069482269321,-0.23126190548492165,2.509135210388143,-2.509135210388143,-1.512185929649878,0.8386578151672794
15,3,2,7,0,negative,-0.7089700411296624,0.3151400657254171,-0.1544795313839127,2.4769827449643036,-2.4769827449643036,-1.4286175048847098,0.7468648519822046
15,3,2,8,0,negative,-0.4707733668500358,0.19706104943439362,-0.35149868942776225,2.329465535156976,-2.329465535156976,-1.2476402465793182,0.6081970775732927
15,3,2,9,0,negative,-0.5862611286553858,0.21055254095685005,-0.5610939547402428,3.15166890196821,-3.15166890196821,-1.6435605360781296,0.7842300826546644
15,3,2,10,0,negative,-0.30028944342786745,0.12089800366786548,0.2507145660376257,2.5579033418431476,-2.5579033418431476,-0.9900574100789953,0.14568544236298636
15,3,2,11,0,negative,-0.17652504484424364,-0.0021086339947189586,0.22867378892764625,2.268704466598012,-2.268704466598012,-0.7367432735101508,-0.028183006036420266
15,3,2,12,0,negative,-0.21087288662032438,0.3804728176226786,-0.2643815584259754,2.1702914153612967,-2.1702914153612967,-1.262321437758544,0.6181000401458285
15,3,2,13,0,negative,-0.11936576673562518,0.6478079858801521,-0.3500011981819014,2.398459752840118,-2.398459752840118,-1.6037502251327003,0.8824914683389153
15,3,2,14,0,negative,-0.11174498673696594,0.37056566893802384,0.7600245790950576,2.256499128775905,-2.256499128775905,-0.9066388477439615,0.046425872758978026
15,3,2,15,0,negative,-0.20212696159546745,1.040873552981619,1.1674001373873588,2.5888027126911295,-2.5888027126911295,-1.5820500652813652,0.5582369650856734
15,3,2,16,0,negative,-0.0006700061598935436,1.2329296741993712,1.1369196098166636,1.7803341470298804,-1.7803341470298804,-1.4476245219904078,0.6648048723709861
15,3,2,17,0,negative,-0.5779095211102441,0.3864894042562483,0.015481502576514745,1.925688850409572,-1.925688850409572,-1.2158616939040152,0.667703413523113
15,3,2,18,0,negative,-0.6869902708885983,0.02347771179237987,-0.2356634861874623,1.3326273433094424,-1.3326273433094424,-0.7752380785875476,0.48480459033041023
15,3,2,19,0,negative,-0.38206240620078513,0.015765883111568776,-0.4208305666250688,1.6585568712008383,-1.6585568712008383,-0.8362491644537995,0.41721236952449575
15,3,2,20,0,negative,-0.6779687459198336,-0.18257110781994446,-0.4646317283766949,2.2244062083408935,-2.2244062083408935,-0.9397644530591963,0.3887291293283198
15,3,2,21,0,negative,-0.9082690172458757,-0.17793832304172713,0.21350753566850394,2.0066415050007644,-2.0066415050007644,-0.722529339150985,0.16944241774695873
15,3,2,22,0,negative,-0.6855493645719651,-0.02233189657535073,0.06517422000160636,2.660072262224856,-2.660072262224856,-1.0711505723563877,0.2878556757098287
15,3,2,23,0,negative,-0.6566617394510642,-0.013154248911460387,-0.3766127190589689,3.630039031784335,-3.630039031784335,-1.5412835811866623,0.5034829803435561
15,3,2,24,0,negative,-0.6273779503703324,-0.4342232383716077,-0.5789759472418284,3.2805695921578235,-3.2805695921578235,-1.061417924885054,0.16895371043447271
15,3,2,25,0,negative,-0.47006321577182975,0.5864544774387187,0.1540076689102784,2.377985803229777,-2.377985803229777,-1.4844682608024948,0.7444822508694944
15,3,2,26,0,negative,0.012836955615136425,1.1669200454732553,0.4591901034410871,2.7797966691279536,-2.7797966691279536,-1.936176582163832,0.9309065159451435
15,3,2,27,0,negative,-0.20654301085351187,0.313410229114125,1.1818114735802787,2.2861688817030648,-2.2861688817030648,-0.7503770354395576,-0.17422400224925838
15,3,2,28,0,negative,-0.3211066209724356,-0.2195854223737186,-0.28100505741496007,2.455181437781025,-2.455181437781025,-0.7995122830157548,0.08147041681997924
15,3,2,29,0,negative,-0.7196987537184275,-0.19014515419458128,-0.4427032067991266,2.746113770632945,-2.746113770632945,-1.112693422855585,0.3910558260641958
15,3,2,30,0,negative,0.23036856934308667,0.6815544382498934,2.214817183869211,2.0718682161897264,-2.0718682161897264,-0.5571152592423696,-0.5410384383562555
15,3,2,31,0,negative,0.5570174182649281,0.8374282948753196,2.175185489488787,1.4253704550311401,-1.4253704550311401,-0.4018174773011278,-0.5286731590015381
15,3,2,32,0,negative,0.17744652425665264,0.8445200925425254,0.3415098493341828,1.6641790097917581,-1.6641790097917581,-1.2262609712761663,0.5850419057471077
15,3,2,33,0,negative,-0.2819670541065936,0.14788574420564085,-0.10996940232402673,2.4039911135045924,-2.4039911135045924,-1.0798616008507118,0.34385397242095106
15,3,2,34,0,negative,-0.44525790151375,0.03237205778006921,0.21814253683580076,1.8975969369270471,-1.8975969369270471,-0.7406094916484013,0.14592974011904383
15,3,2,35,0,negative,0.18765162775266886,0.1017363242433906,1.5649279241739644,2.1429516603807914,-2.1429516603807914,-0.2318603603947767,-0.774553451719926
15,3,2,36,0,negative,0.46153183931593394,0.5982049738014076,1.369251025361793,2.2505468843110514,-2.2505468843110514,-0.7381263136791824,-0.317186458537456
15,3,2,37,0,negative,-0.06677840523113107,0.323405185507393,0.3598597959361117,2.057788649732789,-2.057788649732789,-0.9116409385166624,0.1768644901549027
15,3,2,38,0,negative,0.0910073867855011,0.10167195532264231,0.017216504496586786,2.0106177380112844,-2.0106177380112844,-0.7358032375657078,0.04756000968159836
15,3,2,39,0,negative,1.0871481338516964,1.8228737144620513,1.2871523377623524,1.6356809570915198,-1.6356809570915198,-1.5766672096212082,0.6357234786550268
15,3,2,40,0,negative,0.9840836620428728,2.1352204583073826,1.1497594090282635,1.4153259776003928,-1.4153259776003928,-1.8957147604838014,1.0682989227718145
15,3,2,41,0,negative,0.038300846773939384,1.5595349228161655,0.4672405866954833,1.6068550567414004,-1.6068550567414004,-1.9266394639068247,1.3067642060814542
15,3,2,42,0,negative,-0.6624991058535967,0.5198962207347168,-0.1252430543361508,1.962225073576234,-1.962225073576234,-1.4365519653233774,0.9137673008295906
15,3,2,43,0,negative,-0.4424115630433704,0.30793296071967474,-0.3760751115092933,2.1452625630013826,-2.1452625630013826,-1.2958493732376903,0.7171762979960066
15,3,2,44,0,negative,-0.09488854547513739,0.4901878895684503,0.6750609966502544,1.9535264820274814,-1.9535264820274814,-0.9479725665192383,0.20010166398089174
15,3,2,45,0,negative,-0.21500645126639692,0.3354387803058892,1.0518782750489084,2.2935445741781932,-2.2935445741781932,-0.8209963637711164,-0.08299713158536653
15,3,2,46,0,negative,-0.0783924821390268,0.19402824966608895,0.20633049829880873,2.813118345997737,-2.813118345997737,-1.089088359612074,0.13005924158619797
15,3,2,47,0,negative,0.6158557792288114,2.128662778942892,-0.3343770685106327,2.194721589052928,-2.194721589052928,-2.766410405054475,1.9879234235838024
15,3,2,48,0,negative,0.9995305399399557,2.1181846261953714,0.7088166506881158,1.8498310797083828,-1.8498310797083828,-2.165345922555475,1.2640110308813357
15,3,2,49,0,negative,0.6044548265305915,1.3020615110838945,2.2841794013999417,1.7712346901240108,-1.7712346901240108,-0.9295949984817202,-0.14225560288137218
15,3,2,50,0,negative,0.2463026850392401,0.615654393479441,1.5007755905483369,1.763808985997666,-1.763808985997666,-0.6212312969494707,-0.2578847443143475
15,3,2,51,0,negative,0.7362072572997738,0.49448750058866,1.9872161162404884,1.7613152414317985,-1.7613152414317985,-0.17378478988583873,-0.8672241861814711
15,3,2,52,0,negative,0.8499138407685288,0.43311267941533366,0.5874585743420283,2.8790516827035444,-2.8790516827035444,-0.9136724352796628,-0.2855735281399449
15,3,2,53,0,negative,0.5967879077416143,0.7571641225306567,0.5992801097795172,2.7220804020198184,-2.7220804020198184,-1.2658349173635521,0.1591301137700909
15,3,2,54,0,negative,1.05718313861243,1.5435522227440082,2.0316224723268093,1.4890634132865408,-1.4890634132865408,-1.0103048235264418,-0.0008505827256115595
15,3,2,55,0,negative,1.4274378766130367,1.442391922587081,4.209326685722346,1.4447836576791087,-1.4447836576791087,-0.04506495436832281,-1.3759903585806106
15,3,2,56,0,negative,1.4930003798212272,1.5310880725696645,4.025112345347878,1.650686732052564,-1.650686732052564,-0.24194607486415065,-1.2279682900148883
15,3,2,57,0,negative,2.688131964293771,2.6955679526493714,3.470973136145271,1.2432537818401814,-1.2432537818401814,-1.056950846449751,-0.3839845975701497
15,3,2,58,0,negative,1.3958296621853252,1.62924006504263,1.4267831232861052,1.087803460889978,-1.087803460889978,-1.0509702901821458,0.21793367230691474
15,3,2,59,0,negative,0.12391282769256484,-0.056234649686886386,0.6130174543467305,1.8409274808424392,-1.8409274808424392,-0.3117644165808282,-0.4246997907065341
15,3,2,60,0,negative,1.3435106033036777,0.1596971661913235,0.39128080120196423,1.4234672002122275,-1.4234672002122275,-0.055922431426852034,-0.7076985360614975
15,3,2,61,0,negative,3.3362141091332993,0.9701923995026692,2.7080501299550175,1.7953577298559888,-1.7953577298559888,0.44610977024144016,-2.0519397200414895
15,3,2,62,0,negative,3.6154122134742663,1.9317905682936352,2.5872905779099815,1.6406909129799683,-1.6406909129799683,-0.4111199421588754,-1.1695608273984885
15,3,2,63,0,negative,1.8292859667861927,1.3734339256932153,1.8825875309476334,2.214947798543259,-2.214947798543259,-0.8744586926296929,-0.48250282317369786
15,3,2,64,0,negative,0.8902839673213573,1.4867229174261536,2.3191028552377984,2.035418196395846,-2.035418196395846,-1.0954000420383838,-0.11797049385342429
15,3,2,65,0,negative,0.18504241513728723,0.32774113466168625,1.3529739441743853,2.4479506226046834,-2.4479506226046834,-0.6310525557593566,-0.44126704499415
15,3,2,66,0,negative,0.06305408985845462,0.4957780513695465,0.6678943638246143,2.0267453971840577,-2.0267453971840577,-0.927710365869876,0.13030382452801204
15,3,2,67,0,negative,0.3361550234680907,0.5576033137387573,1.8088075064155966,1.812278640926407,-1.812278640926407,-0.4467086840863305,-0.5148779512030863
15,3,2,68,0,negative,0.5323745198301371,0.5761926758986555,2.298076051994465,1.9004664260737698,-1.9004664260737698,-0.26619796064837803,-0.8390326100136456
15,3,2,69,0,negative,0.2504891483662241,0.6870514648504952,-0.8391884562708961,1.9483793083124683,-1.9483793083124683,-1.5327443369228755,0.9814011188028312
15,3,2,70,0,negative,0.31799608508220234,0.8290537926952791,-0.5684222394880468,2.8579949344221274,-2.8579949344221274,-1.8651941556379366,0.9542668698982013
15,3,2,71,0,negative,0.3291562707511226,0.5064125390326759,0.29716150929204754,3.151748276686373,-3.151748276686373,-1.3482227045804103,0.19325364901109088
15,3,2,72,0,negative,0.5037468155223723,0.9650523884327834,0.5612115541915194,2.395063724888559,-2.395063724888559,-1.4084208401576723,0.4325732035758375
15,3,2,73,0,negative,-0.004690703717898204,0.1734012230487704,0.24897475217973802,2.567905742241231,-2.567905742241231,-0.9479417876419007,0.05125919881785049
15,3,2,74,0,negative,0.4601013725294383,2.0245938146901468,-1.080195429114318,1.7297978455285994,-1.7297978455285994,-2.8078911153946398,2.3346408429825867
15,3,2,75,0,negative,0.7330630334332369,2.2017892159780663,-0.7300871851915901,2.1226688268047362,-2.1226688268047362,-2.908353542165763,2.200301291857243
15,3,2,76,0,negative,1.4508183878851864,2.0832851690804093,3.2897078513384064,1.543531417838075,-1.543531417838075,-1.01762022861857,-0.2869779505313872
15,3,2,77,0,negative,0.9483322082909795,1.293609896524279,2.941440560671458,1.8082188090027227,-1.8082188090027227,-0.5997585765377075,-0.6512764879569397
15,3,2,78,0,negative,1.6593319198888334,1.651986297283929,3.354052519737457,1.2466358673882703,-1.2466358673882703,-0.3964034398712555,-0.8547059225292162
15,3,2,79,0,negative,0.9483638436561768,1.4958671176995275,1.2424157033389378,2.0154975985195636,-2.0154975985195636,-1.4374398015410106,0.40047734420197023
15,3,2,80,0,negative,0.7956964362341635,3.8548081065818054,-0.7985366864992308,1.6106911031754967,-1.6106911031754967,-4.392651891061993,3.856228231714339
15,4,2,0,0,negative,-0.740948313504341,-0.8361938405701388,0.06390969495331376,0.19885699488015818,-0.19885699488015818,0.544228636093077,-0.4976745312946252
15,4,2,1,0,negative,-0.5868136245456459,-0.4521214983141357,0.31177068055259355,0.249039022436596,-0.249039022436596,0.2774275095042529,-0.3146000263176095
15,4,2,2,0,negative,-0.16582277244901006,-0.5444610918345926,2.121885154551162,-0.007742495418267193,0.007742495418267193,1.1990627176747322,-1.5224922828856684
15,4,2,3,0,negative,-0.2639769582486673,-0.6421272310851017,2.4407878424058063,0.4615649673079571,-0.4615649673079571,1.213875870034829,-1.7305326731636712
15,4,2,4,0,negative,-0.45477991046089394,-0.9172891514350198,2.5367522994742884,0.27738939354525755,-0.27738939354525755,1.5188168165910654,-1.958275345941717
15,4,2,5,0,negative,0.33121202241924663,-0.23107012638694774,2.626464503149512,-0.9600037553114072,0.9600037553114072,1.536963553347003,-1.7099083891713271
15,4,2,6,0,negative,0.2131688649694149,0.158066538897818,3.1652467974714815,-0.771401426540982,0.771401426540982,1.2252058240961414,-1.5311412923226302
15,4,2,7,0,negative,-0.4282675574630487,-0.5296537841427871,2.736141698660283,-0.20168172957262023,0.20168172957262023,1.3661724077327386,-1.6835908547414042
15,4,2,8,0,negative,0.014956351162133952,-0.34232927401034513,3.729976267318306,0.09767657863245445,-0.09767657863245445,1.558081287293007,-2.214795583250565
15,4,2,9,0,negative,-0.06988135094693265,-0.4166360402001188,4.1977191745366245,-0.019614757906002405,0.019614757906002405,1.799120234032017,-2.480554951994965
15,4,2,10,0,negative,-0.14822414372889406,-0.5318469747903006,3.7382373792189694,-0.11583970649410048,0.11583970649410048,1.7671312887850257,-2.3268535925353384
15,4,2,11,0,negative,-0.4094932680647019,-0.7388465948682568,0.4242752051291817,0.5873837297448691,-0.5873837297448691,0.5479793306414603,-0.7462375634004967
15,4,2,12,0,negative,0.23634774784390378,0.13248302868425688,2.8112983683808874,-0.06417507015049743,0.06417507015049743,0.904790700107506,-1.3913400294281386
15,4,2,13,0,negative,-0.10891727105806151,-0.9525862826795946,2.3936329437419044,0.42542257120105886,-0.42542257120105886,1.5723506498405224,-2.094944119021516
15,4,2,14,0,negative,0.03681078618859382,-0.5827252783162152,4.604473135762839,-0.6079194531393103,0.6079194531393103,2.3324597366797963,-2.903367239291932
15,4,2,15,0,negative,0.29957080467179364,0.3769190307583968,5.122417353634992,-0.9497045665230107,0.9497045665230107,1.7469785441848686,-2.334075048394996
15,4,2,16,0,negative,-0.012122212633541143,-0.29781561874878726,2.4550425042377726,-0.21947429756843126,0.21947429756843126,1.1852804818063416,-1.519275764550903
15,4,2,17,0,negative,-0.3968492109274181,-1.0387867317645336,1.6389420082499542,1.10020356608804,-1.10020356608804,1.0860831421760322,-1.6598331304258016
15,4,2,18,0,negative,1.1470617629470399,0.6316347765690746,7.525429419220616,-0.9829889055234758,0.9829889055234758,2.5868585859946363,-3.704610814514753
15,4,2,19,0,negative,0.742187824491644,0.2330648088378306,6.34830242892451,-0.5101790286310001,0.5101790286310001,2.3004916185112205,-3.3121803178702462
15,4,2,20,0,negative,0.0553903005952667,-0.5630570385813697,3.752066608702077,-0.24877005650010933,0.24877005650010933,1.915132693847187,-2.4667854932300415
15,4,2,21,0,negative,-0.1879212102722625,-0.6145280262318534,1.4244684159612293,0.3678129380080167,-0.3678129380080167,0.9041061154588368,-1.2328016290763368
15,4,2,22,0,negative,-0.568319765372912,-1.3466452328087455,0.4253183807876654,0.10149327367412224,-0.10149327367412224,1.265147013388956,-1.2751445405161221
15,4,2,23,0,negative,-0.48244741992949985,-1.4057822336329617,1.870019532231606,0.4140019756829887,-0.4140019756829887,1.7303056125060008,-2.0995682897840147
15,4,2,24,0,negative,-0.6197035794195507,-1.2938540011571877,0.7521832489345963,-0.029919883551999298,0.029919883551999298,1.3479871855128693,-1.3600938359147106
15,4,2,25,0,negative,-0.4886110601152576,-1.2314092205424614,0.5224644041424669,0.5070394226000182,-0.5070394226000182,1.0736805276848584,-1.248335892556066
15,4,2,26,0,negative,-0.6280250433546948,-1.10074577305725,0.4653828773903302,1.001430609568793,-1.001430609568793,0.7127215145461976,-1.0194246900750679
15,4,2,27,0,negative,-0.4637525547901736,-1.2542071740594798,0.17567661991569247,0.17768146162103302,-0.17768146162103302,1.098954708560975,-1.1101692066222393
15,4,2,28,0,negative,-0.35839205206755254,-0.8173631516656066,0.5128009043530016,-0.2826776747673318,0.2826776747673318,0.9630586606832002,-0.8945675778083311
15,4,2,29,0,negative,-0.267789202468654,-1.0367088495164047,1.0016342730056444,0.7545415325982727,-0.7545415325982727,1.0298100288293106,-1.4036313847849
15,4,2,30,0,negative,0.039116277903738006,-0.5149592463290921,1.4374993309461497,-0.6592015868781409,0.6592015868781409,1.2268983115717682,-1.2532670507540358
15,4,2,31,0,negative,0.29777802568231426,-0.17585339283364276,1.290682516438275,-0.031944975430543664,0.031944975430543664,0.7159885653506871,-0.9700836638939374
15,4,2,32,0,negative,0.14442063698641866,-0.4342018490786903,1.1966379345184728,0.23033984127645643,-0.23033984127645643,0.804441425821502,-1.1047311348311362
15,4,2,33,0,negative,0.33296133013533286,-0.6307028146552645,-0.11949715984660125,-0.07084404131054611,0.07084404131054611,0.7254722185216904,-0.7374348997996303
15,4,2,34,0,negative,0.5643690440423961,-0.175670829382109,0.26723361910047705,-0.6268502830472528,0.6268502830472528,0.6618218114454844,-0.5914721609535456
15,4,2,35,0,negative,0.9350979725981465,0.07228819617357318,4.856027615421156,-1.3955999075467014,1.3955999075467014,2.323286969015095,-2.823274597836078
15,4,2,36,0,negative,1.3556895668536995,0.6325267701920738,6.587424296932684,-1.593664489740681,1.593664489740681,2.546399347650281,-3.3390301617011175
15,4,2,37,0,negative,-0.01274526519950369,-0.026695651016745425,2.254260467415671,-1.1716789766404028,1.1716789766404028,1.1644270439689355,-1.147453252124829
15,4,2,38,0,negative,-0.09176465708380041,-0.39278039061272185,0.9455891552035548,0.6357457771636866,-0.6357457771636866,0.46547329759807776,-0.819692639672599
15,4,2,39,0,negative,-0.23920196844378902,-0.7151540831617658,0.9899459680439431,0.33255650177257007,-0.33255650177257007,0.8545499157709604,-1.0905260829618428
15,4,2,40,0,negative,-0.3919263286724731,-0.797048810972339,0.8278192965790127,0.04397298406287786,-0.04397298406287786,0.9276888055868929,-1.0149952949256087
15,4,2,41,0,negative,-0.3267364724564486,-1.1269640218387869,0.8401837219577254,0.4358754322263709,-0.4358754322263709,1.1528212942637555,-1.3836876465894252
15,4,2,42,0,negative,-0.42652226323059456,-1.2673093357229823,1.058490517079335,-0.4524008902859736,0.4524008902859736,1.6287657171012204,-1.5832934626473527
15,4,2,43,0,negative,-0.10385405112255733,-1.2129049050554959,1.6279227869422261,-0.17193335632555393,0.17193335632555393,1.77823893577057,-1.9749392729653303
15,4,2,44,0,negative,-0.1179281381095025,-0.4299477565880778,-0.11525413913521136,-0.024563416546100503,0.024563416546100503,0.3604081363552067,-0.3133566179657209
15,4,2,45,0,negative,-0.24350551539389695,0.5482577185671571,-0.39226526638992504,-0.3260555717790988,0.3260555717790988,-0.6514961219020649,0.8661431094590681
15,4,2,46,0,negative,-0.2904502505404834,-0.35250750575779366,-0.2209208185336334,0.24595818566862052,-0.24595818566862052,0.10006442084354789,-0.09682197122073527
15,4,2,47,0,negative,-0.48728740608223453,-0.7322439875031168,-0.5294408821747527,0.3874307333157931,-0.3874307333157931,0.26419098031219,-0.2238798433746232
15,4,2,48,0,negative,-0.32371715284005026,-0.038847643475368905,-0.2579500116354135,0.18130349892403175,-0.18130349892403175,-0.21547591099112962,0.25198593876236297
15,4,2,49,0,negative,0.16841950451880233,-0.025132584578356293,0.17096494087090017,0.2648850725566851,-0.2648850725566851,0.04996570885602876,-0.19482480727320753
15,4,2,50,0,negative,0.1717061276234056,-0.4972279597829419,0.6392401740929178,-0.22061320761693626,0.22061320761693626,0.841081129560695,-0.9027011106411036
15,4,2,51,0,negative,-0.036562913150402276,-0.6526083417548066,0.33283363160249746,0.24734896801481665,-0.24734896801481665,0.6689155919005662,-0.8007437009808542
15,4,2,52,0,negative,0.1699938143022657,-0.9605489038199211,0.3481736094730749,0.22125572245317915,-0.22125572245317915,1.0595194709273081,-1.2196326157075914
15,4,2,53,0,negative,0.7247509619655702,0.8941507282105421,0.8065429227999507,0.29035431241499116,-0.29035431241499116,-0.4805042040936989,0.12850378582778166
15,4,2,54,0,negative,0.16543028443340618,-0.4102493728829482,0.9097244411684975,0.5387856335200517,-0.5387856335200517,0.5890390702435655,-0.9478267356839001
15,4,2,55,0,negative,-0.08613758986439637,-1.0242704276134307,2.167794128959693,0.10970541465507051,-0.10970541465507051,1.6815874690935062,-2.065098697161079
15,4,2,56,0,negative,-0.4666946626501778,-0.3886058103049497,0.14009346372296405,0.3306618230446777,-0.3306618230446777,0.1695181363143192,-0.2253052108413428
15,4,2,57,0,negative,-0.5341934492552074,-0.28045433476136883,0.163686684649783,0.21033605217567777,-0.21033605217567777,0.08684006250100143,-0.09520095245865662
15,4,2,58,0,negative,0.027408894426805455,0.21429305058089293,2.9847504843571295,-0.2221813904575566,0.2221813904575566,0.863820539166271,-1.2917866388110746
15,4,2,59,0,negative,-0.5587200268213672,-0.7405208019706142,0.05860362835483162,-0.0493789662831973,0.0493789662831973,0.5902749912428348,-0.4904626027373464
15,4,2,60,0,negative,-0.5644414797993652,-0.35164424009134965,0.8913183504909218,0.04464601220783002,-0.04464601220783002,0.4457211929192585,-0.5150826754371279
15,4,2,61,0,negative,1.3828759805912723,5.120940832814066,-0.5159861939799243,-1.289257389309377,1.289257389309377,-4.4022251075071575,4.687495939508392
15,4,2,62,0,negative,0.9914017699439394,4.200643975702448,-1.001799056281821,-0.5859585408980301,0.5859585408980301,-4.008790224182398,4.205842618871389
15,4,2,63,0,negative,-0.18259295444497972,-0.6315856872504397,1.0441379636900603,0.5317683905725042,-0.5317683905725042,0.7415112268079652,-1.06235819187298
15,4,2,64,0,negative,-0.3579998156552309,-0.9148482752133777,0.23900262821905904,0.20918420453026923,-0.20918420453026923,0.8054544778912307,-0.8553496814952918
15,4,2,65,0,negative,0.008812390490672117,0.23599212383017548,3.285086208094918,-0.9847412492979478,0.9847412492979478,1.1902211587976705,-1.4109571754626196
15,4,2,66,0,negative,1.1067795274279668,1.1810046445748386,4.841767524263941,-1.0429349724610775,1.0429349724610775,1.1494893634761563,-1.793268881271115
15,4,2,67,0,negative,0.7767256475411333,0.4367688359240123,3.348504143422932,-0.5805988035210675,0.5805988035210675,1.1318406955710318,-1.6258460595580202
15,4,2,68,0,negative,-0.12634791562666192,-0.18330899629060649,1.9654463712677186,0.12118998408459647,-0.12118998408459647,0.7559451534760933,-1.1028582241111349
15,4,2,69,0,negative,-0.08773058389781546,-0.8378130338569589,2.318643692625019,0.18682682764784317,-0.18682682764784317,1.519175127550079,-1.9532695882205606
15,4,2,70,0,negative,-0.12026545184171833,-0.6418394935291416,1.2384165224714747,1.2626438063834993,-1.2626438063834993,0.593675248277894,-1.2009150288440198
15,4,2,71,0,negative,-0.21857543605566443,-1.013248339808372,0.5690336218327088,0.7240201054132086,-0.7240201054132086,0.8887276999296506,-1.188477432696894
15,4,2,72,0,negative,-0.45402677558002813,-1.199212543099621,0.29569427363792467,0.09739755950568633,-0.09739755950568633,1.1139691892836912,-1.1200462921285692
15,4,2,73,0,negative,-0.026567247408092853,-0.6482788664781393,2.074715207864031,0.00010097124400111161,-0.00010097124400111161,1.3309611962154517,-1.6723528467061084
15,4,2,74,0,negative,0.044631501777387464,-0.6165974550580225,1.660913852648287,0.6432851664538102,-0.6432851664538102,0.9706841843819773,-1.4693701322708597
15,4,2,75,0,negative,0.20319760089164626,-0.5031690800263704,3.1521135123410513,0.1592739668870182,-0.1592739668870182,1.5685147954749301,-2.1808246366427193
15,4,2,76,0,negative,0.18145454288423649,-0.2957681806203164,0.9195822313124568,0.21384679722687724,-0.21384679722687724,0.5914981729435884,-0.8462865677186631
15,4,2,77,0,negative,-0.370482175147181,-0.7106255263292405,0.33737272980129407,1.0447537681512507,-1.0447537681512507,0.3513377884968613,-0.694070803656297
15,4,2,78,0,negative,-0.44723183416780177,-0.2849452701352516,0.6635491713572389,-0.09726260978722497,0.09726260978722497,0.3894719191274723,-0.3931039387299702
15,4,2,79,0,negative,-0.33304966583717366,-0.5309396126129172,0.42040240357459496,0.7896073731338454,-0.7896073731338454,0.29685473414744257,-0.5746159814816278
15,4,2,80,0,negative,0.2668656780379051,-0.3458078059124343,2.2541428965198076,0.2074334556805358,-0.2074334556805358,1.1169995122048264,-1.6063120931912906
15,4,2,81,0,negative,0.35968770759995605,-0.5200218861957544,1.6545686327785842,0.49601246023524975,-0.49601246023524975,1.0261031795768512,-1.5271500563850244
15,4,2,82,0,negative,0.790018275402417,-0.1860905675418117,-0.14950478249116114,1.0909104771988287,-1.0909104771988287,0.035958239445954054,-0.5063473139974396
15,4,2,83,0,negative,0.8953806006263035,0.000765861538672058,0.6524344820022023,0.39687255544795597,-0.39687255544795597,0.3828816475215112,-0.7731416797755808
15,4,2,84,0,negative,0.0590454092209822,-0.5981516175414388,0.16860942864229625,0.6532187179722423,-0.6532187179722423,0.45629699083845077,-0.711979036473078
15,4,2,85,0,negative,-0.33296375133056116,-0.7011292203070314,0.7468875973541717,0.431298386920893,-0.431298386920893,0.6953377066746039,-0.9080911433188367
15,4,2,86,0,negative,-0.25371611178351444,-0.5317069773463613,2.849890365070878,-0.35372461856092946,0.35372461856092946,1.5150066012957923,-1.829794103990043
15,4,2,87,0,negative,-0.21050365064191545,-0.9289016539470204,0.30999996835879523,0.23835884127050164,-0.23835884127050164,0.8826141460958131,-0.9786498128054603
15,4,2,88,0,negative,-0.1619808075664375,-0.6919241682863395,0.8340211573895078,-0.29513874059008977,0.29513874059008977,1.0143171984240595,-1.0279443431978748
15,4,2,89,0,negative,-0.16252335922231947,-0.5698552354239081,0.27893120305969327,-0.5665721901964677,0.5665721901964677,0.7975152467685219,-0.6280591573425951
15,4,2,90,0,negative,0.3989598567218196,1.059941452049685,-0.33481403315183017,0.07050333568730956,-0.07050333568730956,-1.0620606227554583,1.0278685402646903
15,4,2,91,0,negative,18.1762615355081,11.739448483724667,-1.1122305171950035,-1.238071447132711,1.238071447132711,-5.638747661909398,3.2074329745681194
15,4,2,92,0,negative,19.138314901236242,11.609505119156834,-1.1258885770220426,-1.6513665234647357,1.6513665234647357,-5.054907503263856,2.603291957049734
15,4,2,93,0,negative,-0.25915060726864736,-0.5811926295485508,2.246931414736239,-0.27714477642227436,0.27714477642227436,1.336167824178506,-1.5750830332823467
15,5,2,0,1,neutral,1.6388264045983938,-0.4252774071495248,0.6336999254605875,1.2905068056672389,-1.2905068056672389,0.7526172486134388,-1.5615405721790152
15,5,2,1,1,neutral,-0.008669024802954811,0.009917742791029721,0.5840537864463782,1.1743889581344131,-1.1743889581344131,-0.2095858082880263,-0.2777746380306819
15,5,2,2,1,neutral,-0.023977975402038082,-0.14457450375776648,2.1096447338997426,1.1131041983902314,-1.1131041983902314,0.46876202379359083,-1.1874078830066188
15,5,2,3,1,neutral,0.4668337864377559,1.5972253644106589,1.0177437240456082,0.7583153623871631,-0.7583153623871631,-1.3551379817119251,0.8549366091689768
15,5,2,4,1,neutral,0.23047976314367058,1.3594296302440079,0.4328581309344047,0.43766016863363344,-0.43766016863363344,-1.2842037217625273,1.0277606832049702
15,5,2,5,1,neutral,0.4872897780236678,0.7830420185579005,1.3573870995633384,0.44062714025335303,-0.44062714025335303,-0.31502543944668276,-0.13929642023560262
15,5,2,6,1,neutral,0.3699588499559599,1.0663948623426458,1.3930008930472775,0.5884015736150875,-0.5884015736150875,-0.6748754725465957,0.18491499084102714
15,5,2,7,1,neutral,1.0749342849332615,2.0838118169506665,2.391294134785545,0.2934507259939893,-0.2934507259939893,-1.0262192523757274,0.3506976070912633
15,5,2,8,1,neutral,1.2550629323884483,2.294268998525279,2.1824672143951216,-0.16175545322090382,0.16175545322090382,-1.0945071318571211,0.5755039251334941
15,5,2,9,1,neutral,1.006666601084931,1.8634167116124147,2.1019047384755822,-0.19338767994454523,0.19338767994454523,-0.7627637051107286,0.309131041832158
15,5,2,10,1,neutral,0.9380486941923156,2.181362130607712,0.3337324838089633,0.2083680557145697,-0.2083680557145697,-1.8268910898454753,1.5454715416070723
15,5,2,11,1,neutral,0.5137650227923716,1.4124628471540734,0.0918563671034139,1.0325490894236606,-1.0325490894236606,-1.5547720803300318,1.1096521522061806
15,5,2,12,1,neutral,0.4194526002495406,4.129110741241774,-0.575874814428644,0.8055898540958525,-0.8055898540958525,-4.449781430666759,4.2073218483313255
15,5,2,13,1,neutral,0.36298686863649865,3.261960925079273,-0.4331657609565476,0.4148339167549651,-0.4148339167549651,-3.423631861437611,3.2970503712392976
15,5,2,14,1,neutral,0.7809369898408647,2.758390645755987,0.5291364910796,0.27710127651880007,-0.27710127651880007,-2.4140665776220986,2.103353905295754
15,5,2,15,1,neutral,0.8391231309099906,2.6508556445601865,0.7468095423290273,0.4887254044263512,-0.4887254044263512,-2.2851198882892976,1.8578893079406775
15,5,2,16,1,neutral,0.2622925764754978,1.5497992649665027,0.9205306796665633,0.4579134148984761,-0.4579134148984761,-1.308162651218641,0.9583876368954721
15,5,2,17,1,neutral,0.2697854950080016,1.137690698381177,0.5798363989485883,0.6305587062937855,-0.6305587062937855,-1.0646696358269088,0.7128797514028821
15,5,2,18,1,neutral,1.2144732621640788,2.3088555450073898,1.4989921426393868,-0.017292676706567606,0.017292676706567606,-1.398602851170712,0.9521228426056569
15,5,2,19,1,neutral,0.9580567022810074,1.646819012363904,1.959974516051839,0.04250208637560097,-0.04250208637560097,-0.688309301711489,0.1878034031974809
15,5,2,20,1,neutral,0.304306859007309,1.0593707599452569,1.3284617340250153,0.4149323236831198,-0.4149323236831198,-0.6534253368288554,0.2429864634290947
15,5,2,21,1,neutral,1.2054619157349447,1.6205988866077683,2.7179787435360616,-0.01045768365752183,0.01045768365752183,-0.30929943896492573,-0.3411214430277347
15,5,2,22,1,neutral,1.3413322623704693,1.1401438100857741,3.429328495437901,0.300382857998922,-0.300382857998922,0.34994882318404197,-1.245186568818411
15,5,2,23,1,neutral,1.5528486701439614,0.48004465690321196,4.3138719608222935,0.9443748317396535,-0.9443748317396535,1.1607372761723218,-2.453315658579916
15,5,2,24,1,neutral,1.2716138874528744,0.7324725155336368,3.8373766507027525,0.6117160725521006,-0.6117160725521006,0.766618973000872,-1.8220227535441769
15,5,2,25,1,neutral,0.7652483016765355,2.4657028122661195,0.711092972586075,0.838978600246576,-0.838978600246576,-2.253248587594108,1.7275321751348143
15,5,2,26,1,neutral,1.6117199979212111,4.019984327252812,0.514668377473698,0.41989156988453646,-0.41989156988453646,-3.4511520587493547,2.9567901395553577
15,5,2,27,1,neutral,0.8255467693767271,1.4930696588528343,0.7817810259689424,0.3344277266317848,-0.3344277266317848,-1.068769635948206,0.6894057611799995
15,5,2,28,1,neutral,0.36688074513787944,0.5975826954793928,2.12116098462828,0.04065185582688397,-0.04065185582688397,0.2182139291670323,-0.6464381694036869
15,5,2,29,1,neutral,0.26765296580622866,0.4017065890980166,1.1316581798571455,0.8744855930920014,-0.8744855930920014,-0.2267647382408923,-0.2979489837336705
15,5,2,30,1,neutral,-0.03789211287988199,0.31928931364892676,0.5730286623268417,1.3994106608570929,-1.3994106608570929,-0.6073806841189712,0.05172103892544694
15,5,2,31,1,neutral,1.2829129304041185,1.6172290973937247,3.487373362506282,0.38088806363725086,-0.38088806363725086,-0.15409635430267477,-0.7679140490614755
15,5,2,32,1,neutral,1.128843424391868,1.29887788803872,2.8062618165912157,0.3920468937139549,-0.3920468937139549,-0.11785843894901049,-0.6686747324528217
15,5,2,33,1,neutral,1.136318472879716,0.9184845160909555,4.254105470702827,0.32932623228406704,-0.32932623228406704,0.76854805434187,-1.7767274557003159
15,5,2,34,1,neutral,0.6439291064964444,0.7936771400233821,2.904573801358568,0.3222915523462959,-0.3222915523462959,0.2817266451461903,-0.9805743139041242
15,5,2,35,1,neutral,0.796962417805755,0.8678580090943924,2.760955135160142,0.013139876814436105,-0.013139876814436105,0.31373454962276126,-0.911100767388556
15,5,2,36,1,neutral,0.4187514040342462,0.5707856336446163,1.0386158646910304,0.4929723093840841,-0.4929723093840841,-0.24932064719755215,-0.15789800071802196
15,5,2,37,1,neutral,-0.0189305982897508,0.5381691617355475,-0.5225921145868777,1.6232046973273604,-1.6232046973273604,-1.259744965136877,0.8089305181738617
15,5,2,38,1,neutral,0.1217352256431034,0.9813847707092322,0.38162731561688873,0.8758186102738853,-0.8758186102738853,-1.1055367937138634,0.7297035000792362
15,5,2,39,1,neutral,-0.08179851036220295,-0.40331736953459374,0.9481888022791172,1.634399168057555,-1.634399168057555,0.14731441082104685,-0.8365125154930508
15,5,2,40,1,neutral,0.059907709538360644,-0.24809450757060098,1.625699360426074,1.0407467445711527,-1.0407467445711527,0.4630479493683617,-1.0908980425528183
15,5,2,41,1,neutral,0.8251055314356739,1.127103226091804,1.7248449608539793,0.71834962645947,-0.71834962645947,-0.5165696041484095,-0.1478720200530228
15,5,2,42,1,neutral,1.474541771824713,2.62135479183447,1.2612174265850473,0.1488568473957508,-0.1488568473957508,-1.7590540081631336,1.25347519262959
15,5,2,43,1,neutral,1.569109215154725,2.5567587558528935,1.3018181007063034,0.41344867145960595,-0.41344867145960595,-1.7375992077190858,1.1212950979223792
15,5,2,44,1,neutral,1.2545610113193495,2.8719345783171533,0.20129584900024022,0.6921125200378571,-0.6921125200378571,-2.617353131556576,2.1440061481573585
15,5,2,45,1,neutral,1.3199284083135965,1.5325904389736393,3.054134684554021,1.0277051530618564,-1.0277051530618564,-0.4171377923717192,-0.6544411074601693
15,5,2,46,1,neutral,0.8212654221432636,1.371689408897719,1.231130958113768,0.5448865566326297,-0.5448865566326297,-0.8691861343562517,0.3454912187692032
15,5,2,47,1,neutral,0.18927189787449356,1.1065482666512574,0.4997635390518532,0.2102380858797177,-0.2102380858797177,-0.9469491496357144,0.762030548188084
15,5,2,48,1,neutral,-0.09801825933944848,0.00644114859323576,0.6755698951738106,1.3908495118893753,-1.3908495118893753,-0.2775404406115735,-0.2823346693239453
15,5,2,49,1,neutral,0.9835051114109291,1.4919025197547766,1.9256634908363481,0.3853414183214823,-0.3853414183214823,-0.6506267917795117,0.037318218631138045
15,5,2,50,1,neutral,1.843260713419819,2.1550756818628085,2.0955817995548984,0.5432450628930109,-0.5432450628930109,-1.0232098651689066,0.18565442537544996
15,5,2,51,1,neutral,1.2161403026146476,1.4616670165589625,1.9164262161052081,0.6346386001358612,-0.6346386001358612,-0.6290243770309644,-0.10461624280096538
15,5,2,52,1,neutral,0.6217016234650854,0.5518898044791072,2.2844728552702125,0.8609239325743635,-0.8609239325743635,0.1298603775745375,-0.9011974348885416
15,5,2,53,1,neutral,0.23502924157950583,0.7959658727794456,0.5346296281560514,1.3495618338669357,-1.3495618338669357,-0.9892668608232384,0.411136437911667
15,5,2,54,1,neutral,0.578783510207705,1.372861612338769,-0.07448614184365597,1.4627213745146148,-1.4627213745146148,-1.6923362810556242,1.1207129281567445
15,5,2,55,1,neutral,0.39985427046939825,1.329434989995431,-0.3041862789504766,1.2651539459299501,-1.2651539459299501,-1.7192636414657738,1.28160099423597
15,5,2,56,1,neutral,0.7613645930340613,0.8716023702065887,1.1114017054328345,0.6924580536282662,-0.6924580536282662,-0.4781662885937122,-0.06478077902685919
15,5,2,57,1,neutral,1.2233399306916877,1.4767947427774746,1.448665400127336,0.0790724331001514,-0.0790724331001514,-0.6124837768711838,0.14079207736796273
15,5,2,58,1,neutral,0.5586780660830399,0.7278261063322079,1.0098721416343888,0.11097647252802882,-0.11097647252802882,-0.24196819460240798,-0.05644899752650645
15,5,2,59,1,neutral,0.39614906832059127,0.25160678841355955,1.021540893803035,0.5336723784730802,-0.5336723784730802,0.04306573946995579,-0.4572381926482536
15,5,2,60,1,neutral,1.539355717989722,1.7365320400570647,3.600766752915112,0.4722604899449569,-0.4722604899449569,-0.18057804640377229,-0.8335291953953523
15,5,2,61,1,neutral,0.42213516696264364,0.5049507062726177,1.9174313788040225,1.1622604792501867,-1.1622604792501867,-0.1125153507671246,-0.6648325666107153
15,5,2,62,1,neutral,-0.007595841459858574,-0.24468831059280072,-0.007661560567605075,1.4442198467069838,-1.4442198467069838,-0.2418041056520151,-0.23705960957906888
15,5,2,63,1,neutral,0.5123296259885944,0.6524375193990313,-0.08834205224439987,1.001050438852942,-1.001050438852942,-0.8447918077686137,0.440443732526934
15,5,2,64,1,neutral,0.4904578157150187,0.4957792698298839,0.12044806266574122,1.351731975963781,-1.351731975963781,-0.7427213023575576,0.19032633063950394
15,5,2,65,1,neutral,0.05358939544504543,0.8714654879673331,-0.1422472235940573,0.76903384327531,-0.76903384327531,-1.1573627117754404,0.915794402041839
15,5,2,66,1,neutral,0.19186317493720242,-0.25431970422396327,0.651652155996324,1.2275825167792842,-1.2275825167792842,0.126297308942044,-0.6760773696907265
15,5,2,67,1,neutral,0.2411625091609817,-0.3945519452932791,0.9130043565687764,1.5787546018036138,-1.5787546018036138,0.2530226999353272,-0.9716353781581581
15,5,2,68,1,neutral,-0.131650834628762,-0.5905680696176553,0.14944745328477216,1.454381392103146,-1.454381392103146,0.11170647846860998,-0.5994663789456603
15,5,2,69,1,neutral,-0.2268397967982939,-0.46069914465254513,1.1826318335527821,1.9639770564959418,-1.9639770564959418,0.124637471405394,-0.9385951630297893
15,5,2,70,1,neutral,0.1566367630966795,-0.24616422140528182,0.7256258958667864,1.827952985193942,-1.827952985193942,-0.06906588733821023,-0.6872955508870148
15,5,2,71,1,neutral,0.4370470627767691,-0.276119417567013,0.12585492696820857,1.4996359756896291,-1.4996359756896291,-0.03612524441453746,-0.5575704124395018
15,5,2,72,1,neutral,0.8016975715595316,-0.05914504465785603,3.461706180642918,0.8768920786189541,-0.8768920786189541,1.187982269185688,-2.190846920759081
15,6,2,0,2,positive,0.8101538057859226,-1.2109342575470219,0.7682847978536745,0.9000926085486909,-0.9000926085486909,1.4370495892439907,-2.0001535593668205
15,6,2,1,2,positive,1.7103042746556458,-1.168878884468086,0.6942480066957232,0.402332911117234,-0.402332911117234,1.8362853412127977,-2.3711550251437705
15,6,2,2,2,positive,1.5320789992274404,-0.9019063581530458,2.281080651625168,-0.030542761427564607,0.030542761427564607,2.18314049557977,-2.8084861835793498
15,6,2,3,2,positive,1.6232999256245637,-0.9693704561580379,1.1565631239897736,0.46618927869699583,-0.46618927869699583,1.7405950464638185,-2.3593019809652063
15,6,2,4,2,positive,2.0674623526944096,-0.6887805804900629,0.6583131301863888,0.33112590771706246,-0.33112590771706246,1.4869971055446416,-2.051668321930462
15,6,2,5,2,positive,2.1506988568054366,-0.2737194489246785,0.41536574297971207,0.4151260104759751,-0.4151260104759751,0.9906989786944029,-1.5567517488172529
15,6,2,6,2,positive,2.150650990245737,-0.0003536215715227442,-0.3788959863112202,0.7472039211968161,-0.7472039211968161,0.3418706491507564,-0.8862311235387812
15,6,2,7,2,positive,1.4951735831326407,-0.05381118597764967,-0.9573669097852837,1.069805865469439,-1.069805865469439,-0.1235218780630443,-0.32271452265132816
15,6,2,8,2,positive,1.3491879060156469,-0.5040991081569903,-0.4900170274275373,0.9758570331480739,-0.9758570331480739,0.4652037233036689,-0.9336845474510451
15,6,2,9,2,positive,2.17829394398209,-0.9035684984426955,1.376681312769514,0.113877581254202,-0.113877581254202,2.0506010569418294,-2.6810561268184974
15,6,2,10,2,positive,2.310737408840082,-0.9396284441060039,1.5229001955197703,0.26479068234173003,-0.26479068234173003,2.129244084778711,-2.85644724628593
15,6,2,11,2,positive,1.9711287585757704,-0.5115103650285219,4.143182455405667,-0.2515074374429835,0.2515074374429835,2.633449915503329,-3.568665972019241
15,6,2,12,2,positive,0.9179415551810661,-0.7330198832038612,0.9070732892612574,0.42947052483880754,-0.42947052483880754,1.1982013230717,-1.645527305425023
15,6,2,13,2,positive,0.7832920316458315,-0.8856588277570072,0.18197878039293466,0.7438801962436979,-0.7438801962436979,0.9594556996886966,-1.3682942337763904
15,6,2,14,2,positive,1.5793580128260052,-0.5054135935200084,-0.6104904284508595,0.9991253601114422,-0.9991253601114422,0.4953276682745762,-0.9898473857075811
15,6,2,15,2,positive,2.935722187678993,-0.34785956694396736,-0.43347199205074793,-0.04453367507694739,0.04453367507694739,1.1967875238456984,-1.59898466475809
15,6,2,16,2,positive,2.814419661010158,-0.8784271329023726,0.03475039887646713,0.44993831177116306,-0.44993831177116306,1.67817104894086,-2.303012162845685
15,6,2,17,2,positive,1.2030297387476994,-0.8980507410335561,-0.05980633305721737,1.0956406681320374,-1.0956406681320374,0.9139116535530376,-1.469662443878797
15,6,2,18,2,positive,0.8089452010732242,-0.8838442708518435,-0.5747270988909057,0.1284180616584051,-0.1284180616584051,0.9191109510264813,-1.0009533219430027
15,6,2,19,2,positive,0.9515907355369921,-1.1722211495385926,-0.0551086615864575,0.8407669117665723,-0.8407669117665723,1.19079287026658,-1.6204621865138598
15,6,2,20,2,positive,1.1492604913840991,-1.3135849443001244,0.26442331807375397,1.1378423508262998,-1.1378423508262998,1.4055320971773089,-2.020426849029051
15,6,2,21,2,positive,0.9382947713513142,-0.6660057626683112,2.379605248117647,0.04146024922923582,-0.04146024922923582,1.75815235274822,-2.324955772402792
15,6,2,22,2,positive,1.1386514306378226,-0.15406981940561865,2.5632569900975524,0.0905143457006733,-0.0905143457006733,1.3578678444171859,-2.005024029773306
15,6,2,23,2,positive,1.154253787912157,-0.4584303988065572,1.288793208571998,0.11265916063732655,-0.11265916063732655,1.2352263440888334,-1.6799538970486347
15,6,2,24,2,positive,1.85256733837255,-0.5790539520950441,2.1210630044727745,-1.0814882545235478,1.0814882545235478,2.264093484551335,-2.5658691235177065
15,6,2,25,2,positive,1.561138401179472,-0.7065971809778865,-0.07974775724950767,0.015476195845898516,-0.015476195845898516,1.1952353303392418,-1.4472925029428687
15,6,2,26,2,positive,1.5758388929090454,-1.062166256042389,0.6646674765930702,0.49816647385753715,-0.49816647385753715,1.6429462212572488,-2.182419440793447
15,6,2,27,2,positive,1.6641975838868541,-1.0744625787397386,2.5285812749467724,-0.329914770617653,0.329914770617653,2.582027121890165,-3.170852008156552
15,6,2,28,2,positive,0.9978317356362183,-0.7564819362755468,0.7775497761674837,0.610919943429542,-0.610919943429542,1.1446357924002668,-1.6441726921773978
15,6,2,29,2,positive,0.4252612415322735,-0.7593776632415,0.8365023065073157,0.5219314944033452,-0.5219314944033452,1.0059883477869147,-1.3902594372612946
15,6,2,30,2,positive,1.061454889258406,-0.5103967475988148,0.9704802804040343,0.01366095033590146,-0.01366095033590146,1.1831548207076612,-1.526364332430035
15,6,2,31,2,positive,0.8047298899490045,-0.7946641479257402,1.678700539611933,-0.43851511832307605,0.43851511832307605,1.7686459972204114,-2.036379362706209
15,6,2,32,2,positive,-0.047587464000991314,-0.8103663691153893,2.3183201469911796,-0.20124120370305906,0.20124120370305906,1.634357664679805,-1.9457327106104834
15,6,2,33,2,positive,0.29091623047161447,-0.915062917342329,1.7658872920575457,0.2976243223668718,-0.2976243223668718,1.5014559840630919,-1.9434646786069092
15,6,2,34,2,positive,0.7034002800098155,-0.7419587345152341,2.4563633886035428,-0.08910373169392412,0.08910373169392412,1.8249145346176616,-2.321840568821913
15,6,2,35,2,positive,0.36220865883311115,0.027471177307331167,1.1851926253707779,-0.601510135146568,0.601510135146568,0.6888326291428212,-0.7462294647946134
15,6,2,36,2,positive,0.08033422996928596,-0.01518938414226162,0.6853879950921516,-0.7418702281455177,0.7418702281455177,0.5177202018779135,-0.3980504966729804
15,6,2,37,2,positive,0.11407074780515461,-0.6155582957706747,2.011098345429249,0.2025847044199477,-0.2025847044199477,1.2564197587088266,-1.6781428423878764
15,6,2,38,2,positive,0.15415639232476014,-0.6194468421900567,1.8911430066417876,0.8854917056860888,-0.8854917056860888,1.0060494066168764,-1.6420965416733306
15,6,2,39,2,positive,0.036914976092584206,0.047771935060407666,0.25480248218594775,0.1804167668507813,-0.1804167668507813,-0.010671704584490786,-0.09808679407885831
15,6,2,40,2,positive,0.015814558141680646,-0.8679944298314516,1.3187282560187148,-0.2190930630717202,0.2190930630717202,1.3858730555754901,-1.5352658369116492
15,6,2,41,2,positive,1.002442226067803,0.21414381160117055,3.8114993552188783,-1.4549399672792462,1.4549399672792462,1.8754833712541388,-2.1928269790421697
15,6,2,42,2,positive,1.9303247617400838,-0.4159869480170213,2.5431058689460477,-0.8910543767192297,0.8910543767192297,2.204148617152142,-2.652702263360087
15,6,2,43,2,positive,1.8294985976072344,-0.6414085226127904,3.142529524310719,-0.6659041238605975,0.6659041238605975,2.5207192712056408,-3.127422583571767
15,6,2,44,2,positive,1.9622436508593568,0.3373224056526253,4.302244341935446,-1.0583818121698778,1.0583818121698778,2.103634196002268,-2.794921590744776
15,6,2,45,2,positive,1.2475029793571852,-0.16197763050794847,3.404781974256784,-1.0498598414349372,1.0498598414349372,2.062692562190917,-2.488120107314933
15,6,2,46,2,positive,0.7528107509212202,-0.21441349588531208,1.4274812148357052,-0.051309873942087005,0.051309873942087005,0.9582807757849829,-1.3045594787637749
15,6,2,47,2,positive,0.49292456403856955,-0.3118998862637481,1.6971080231606328,-0.14946078656814352,0.14946078656814352,1.0917310108528633,-1.4069161798633494
15,6,2,48,2,positive,1.3408624971301184,0.16713188627241868,0.396928891637561,-0.07252819422540692,0.07252819422540692,0.4363079747252768,-0.701763808111421
15,6,2,49,2,positive,1.625914985532662,-0.028233682721488018,-0.41566448823962443,-0.11494295090729352,0.11494295090729352,0.4699648321215984,-0.6333589313680068
15,6,2,50,2,positive,1.583503330087991,-0.3004337545304285,1.6724150771657535,-0.7774977917189477,0.7774977917189477,1.6449058208546594,-1.928392958157301
15,6,2,51,2,positive,2.2063829656812968,0.6526791583552671,3.911404381187896,-1.1140081563362914,1.1140081563362914,1.7579193427132278,-2.4062145150793293
15,6,2,52,2,positive,1.9366193286796587,0.8342003073453352,3.7098464137893377,-1.1753689224127832,1.1753689224127832,1.4397445809485914,-1.989032563889163
15,6,2,53,2,positive,1.2277375028598256,0.5958746798930972,5.41464199508344,-0.6711445652884148,0.6711445652884148,1.841966674517463,-2.7253150690785355
15,6,2,54,2,positive,1.4723851661406795,0.9156071125062826,5.935044944358736,-1.390156234942996,1.390156234942996,2.0169216693078544,-2.788107942743425
15,6,2,55,2,positive,0.8025424667821799,0.1945167351093195,2.218062633685065,-0.6312351040286273,0.6312351040286273,1.0227633330559711,-1.315785815124303
15,6,2,56,2,positive,1.0215359428942683,-0.6943106589339494,1.1249071164631055,0.5344159381017549,-0.5344159381017549,1.2316530326858222,-1.7675321886126363
15,6,2,57,2,positive,1.3909369622303127,-0.5193078514449108,3.6364988606103483,-0.44765959182602666,0.44765959182602666,2.3443396563338066,-3.0330257628652415
15,6,2,58,2,positive,2.546529275021097,0.6942113225423256,6.371235314461371,-1.075123665775138,1.075123665775138,2.63675142921021,-3.7646709721989087
15,6,2,59,2,positive,1.754492860500022,-0.03526800283513515,3.5071522776258592,-0.5752875918140291,0.5752875918140291,1.9809122461484385,-2.6660905718980756
15,6,2,60,2,positive,1.1911386471015837,-0.9224490975418626,-0.09313903017664633,-0.05388316989577039,0.05388316989577039,1.3064100264820984,-1.4714489060043312
15,6,2,61,2,positive,1.0959873137053546,-1.0822415071968547,0.9326605519184299,-0.5754237761944259,0.5754237761944259,1.9502653878029248,-2.096565440008747
15,6,2,62,2,positive,1.8009300830140647,0.08748802790133597,5.636206060556458,-0.7779871439037233,0.7779871439037233,2.6508864012567463,-3.6310800438839257
15,6,2,63,2,positive,2.4947184120093913,0.7929874178739439,8.999989969957033,-0.7325475110230569,0.7325475110230569,3.282764546455883,-4.954366773109268
15,6,2,64,2,positive,0.6765108011614568,-0.5418389150832124,2.1683187259592853,-0.03552041939504073,0.03552041939504073,1.5019555639218067,-1.9642536786435834
15,6,2,65,2,positive,0.563863520042502,-0.5512047510181378,0.8966589288063305,0.1578582403211888,-0.1578582403211888,0.9854261538606857,-1.2814659754425541
15,6,2,66,2,positive,0.543742557515812,-0.7761158487763825,0.2766025344836639,0.39088094947987834,-0.39088094947987834,0.9192705629495816,-1.1862883947761205
15,6,2,67,2,positive,0.6200011961785833,-0.6479284453911781,0.31516765987483875,-0.2471195569254524,0.2471195569254524,1.0420245830508028,-1.1155128734178892
15,6,2,68,2,positive,1.8333455852759175,0.3060807396099614,5.850871153950997,-1.2347869810711123,1.2347869810711123,2.6669205004893812,-3.5360276300034963
15,6,2,69,2,positive,2.0775383546589996,0.2813865685795166,5.43885629416185,-0.9432778063023117,0.9432778063023117,2.5385042497948707,-3.476810755830908
15,6,2,70,2,positive,1.2604801793148814,-0.2895549727624871,2.8743057689636125,-0.210750099053672,0.210750099053672,1.7380669885398756,-2.356947946901734
15,6,2,71,2,positive,1.1912736015934624,-0.23237914711848662,2.446317246339208,-0.06317987575530848,0.06317987575530848,1.465969388347813,-2.0511745710848217
15,6,2,72,2,positive,1.8231879541957798,-1.1792513774027544,0.06294998585643419,0.7228356204862371,-0.7228356204862371,1.5670188172580801,-2.1223203474288614
15,6,2,73,2,positive,2.4135768458983877,-0.866492215459312,-0.009136413283358678,0.30725684064528797,-0.30725684064528797,1.5655534127825592,-2.0687124317668264
15,6,2,74,2,positive,1.7741565018135725,-0.9127868480810241,0.5497375807242739,0.0005539673925913554,-0.0005539673925913554,1.6872335531294425,-2.074733889349947
15,6,2,75,2,positive,2.6757462231312052,0.4563425306347555,5.1667771110372875,-1.185237905849282,1.185237905849282,2.552911216037836,-3.464919136449491
15,6,2,76,2,positive,2.0307216783124016,0.6430579379665833,2.805847340385071,-1.1717794027502793,1.1717794027502793,1.3597248691826676,-1.7752265713821531
15,7,2,0,0,negative,0.15951923299956056,-0.7172414706586115,-0.3989190299032468,0.5541579875705328,-0.5541579875705328,0.45272220916720524,-0.5975415722067684
15,7,2,1,0,negative,0.13050262133351487,0.15160083412828237,0.4634084730417315,0.10065306006730561,-0.10065306006730561,0.012818510641031206,-0.1453547130593408
15,7,2,2,0,negative,1.0528367619373737,1.8368349161600177,1.851308848514408,-1.1225106325274483,1.1225106325274483,-0.4946161685002741,0.3847621109341268
15,7,2,3,0,negative,0.8581665017346533,1.203801697748828,2.534697081837149,-1.4451065252754438,1.4451065252754438,0.4088550052002542,-0.49263009403707314
15,7,2,4,0,negative,-0.18847602273626696,0.45102306223396504,0.40743099512840947,-0.015752165471573834,0.015752165471573834,-0.37278734961272625,0.3415455760378938
15,7,2,5,0,negative,-0.2976753957010096,-0.15422564840900127,0.028676145541549406,0.969498625372773,-0.969498625372773,-0.25860697676840977,-0.019726023329271175
15,7,2,6,0,negative,-0.23131923075271338,-0.2965913107776914,-0.17881511274303102,-0.49587816183522987,0.49587816183522987,0.3251725835575199,-0.09152413902981921
15,7,2,7,0,negative,-0.374148966787894,-0.5143689057846861,-0.300547277001876,0.059205720343994406,-0.059205720343994406,0.26973491774009795,-0.17702078388980108
15,7,2,8,0,negative,-0.15295021330230885,-0.3290411796484305,-0.05162263929361876,-0.21768005736815713,0.21768005736815713,0.33341024790584034,-0.2267547533504667
15,7,2,9,0,negative,0.6578334240786153,1.2091689935276548,1.6240822609862364,-1.1252396610749897,1.1252396610749897,-0.0734505448143743,0.06821115099522901
15,7,2,10,0,negative,0.3887537176914465,1.2820504494794398,1.149289829582629,-1.261267538802201,1.261267538802201,-0.3489467541206811,0.5130286758424021
15,7,2,11,0,negative,1.2915088221896132,1.5962235468896406,3.2789089443523194,-1.280444158708497,1.280444158708497,0.35406376152716934,-0.6889853363813259
15,7,2,12,0,negative,0.6514875385257233,1.0357239133551932,1.1837201970617104,-0.8351470434285901,0.8351470434285901,-0.14560565368318523,0.11812004556147637
15,7,2,13,0,negative,0.24113011605474877,-0.00541650890333617,0.20104283424255598,-0.6630593301180104,0.6630593301180104,0.37382726904177455,-0.22650298405198854
15,7,2,14,0,negative,0.3517268431589904,-0.0008477702270822951,0.7401050747627023,-0.48689642577533915,0.48689642577533915,0.5270905514594262,-0.5467637291879286
15,7,2,15,0,negative,0.41023840422089897,-0.014608997925851186,2.6430664255937524,-0.41437184060737264,0.41437184060737264,1.1705012213998593,-1.541261412833177
15,7,2,16,0,negative,0.290942642084175,0.30385965053141883,2.4523528577770177,-0.6456417074494348,0.6456417074494348,0.8257860852387904,-1.0677880993991775
15,7,2,17,0,negative,0.44722919854554055,0.9414357501818509,1.2935868268476136,-0.305268740234449,0.305268740234449,-0.2594074949726498,0.0710277374852738
15,7,2,18,0,negative,0.4519008697145846,0.8821172665200733,0.6993731149369591,-0.4482910152389297,0.4482910152389297,-0.3489289332232488,0.30648027419430146
15,7,2,19,0,negative,0.2006387291550913,-0.3346556348670491,0.8181246161481683,0.07181883420955407,-0.07181883420955407,0.6503038052316177,-0.8440373075186789
15,7,2,20,0,negative,-0.06031088095689685,0.3199314740755949,-0.5116610608980762,0.44335725148383726,-0.44335725148383726,-0.658374538521865,0.6059174450030814
15,7,2,21,0,negative,-0.08343384739478082,-0.3957841167554011,-0.5835412721411765,0.6623050221582906,-0.6623050221582906,-0.047309263809348134,-0.06229655698742248
15,7,2,22,0,negative,0.4825785210691256,-0.02818444215017868,1.2268207183936144,-0.4345416910521747,0.4345416910521747,0.7428314189884836,-0.8828840618815487
15,7,2,23,0,negative,2.2169594709659672,1.7053545278119024,4.210939739279784,-1.4704435527537936,1.4704435527537936,0.9274263931879458,-1.5085950773109733
15,7,2,24,0,negative,1.0774324039966485,1.3639826672165087,2.060990589935359,-0.9077288069082149,0.9077288069082149,-0.01526540026976786,-0.20522882974949508
15,7,2,25,0,negative,0.19142180683086046,0.7153158939964689,1.087042350964654,-0.3476356971011454,0.3476356971011454,-0.17328260903091564,0.07608381509871165
15,7,2,26,0,negative,0.6076042040450709,0.7909536264840191,2.301342433279298,-0.8562052372085059,0.8562052372085059,0.4640969983602725,-0.6635196921781654
15,7,2,27,0,negative,0.41962232657293247,0.337395978964986,1.1380918492417995,-0.7310828040630161,0.7310828040630161,0.4255363476609299,-0.44146110894237994
15,7,2,28,0,negative,-0.01759953388324851,-0.6697756056138418,-0.018726484101311044,0.7100259399825394,-0.7100259399825394,0.4209916196248088,-0.651612596621562
15,7,2,29,0,negative,1.374189592109708,0.45384538581642786,6.2182704440886605,-1.4064477789777656,1.4064477789777656,2.5457905525756166,-3.3423846322827564
15,7,2,30,0,negative,2.5882725555094472,1.8902874808347596,5.027677108183548,-1.7312881382884244,1.7312881382884244,1.2254584531590471,-1.917687351011738
15,7,2,31,0,negative,1.029468447462342,0.7509313770393171,2.2036153115989445,-0.9383663416073258,0.9383663416073258,0.6395519898502202,-0.8656105024913261
15,7,2,32,0,negative,0.4459064077566115,0.4261346786799923,1.606568181245601,-0.8056088998067722,0.8056088998067722,0.5265598175896693,-0.600102615821114
15,7,2,33,0,negative,1.7674147390024257,1.382588078625692,5.281428601584622,-1.501414022738736,1.501414022738736,1.4674977091495693,-2.141833591667832
15,7,2,34,0,negative,0.5658649854525001,0.7763595097571101,3.2195494645477027,-0.9522035123570558,0.9522035123570558,0.8028464776953095,-1.1163477152429913
15,7,2,35,0,negative,-0.28100514018486006,0.012833079582740103,-0.10529797548747635,-0.2781217936154739,0.2781217936154739,-0.04889352026836095,0.20598463741890832
15,7,2,36,0,negative,0.3403395532340578,0.15445936350040218,0.07155697334382816,-0.008891052596474528,0.008891052596474528,-0.014196837108948673,-0.05148889978854079
15,7,2,37,0,negative,1.3866860806717052,1.5553891822050963,1.7657314911095863,-1.2434853517534663,1.2434853517534663,-0.09008820769351034,-0.02081960368554947
15,7,2,38,0,negative,1.4369992298821501,2.192253436200517,1.394465622689483,-0.9591952951825821,0.9591952951825821,-0.9287000536157786,0.7765210099147004
15,7,2,39,0,negative,0.7100104107112876,1.6275291487586947,1.2932445954770766,-0.7006658096756803,0.7006658096756803,-0.7262222101373466,0.6259016456645126
15,7,2,40,0,negative,1.4334309457360899,2.8215306450256508,0.3618129334419674,-0.3557473834465021,0.3557473834465021,-2.104533557484131,1.9239087054366222
15,7,2,41,0,negative,1.7870838743598096,2.825677530560043,0.6067597346058423,-0.5274306657652575,0.5274306657652575,-1.851919438983073,1.6287557260772167
15,7,2,42,0,negative,2.083796022832546,1.413014383704389,6.831587207687,-1.2586460582447747,1.2586460582447747,1.9783287125503846,-3.044677231555384
15,7,2,43,0,negative,2.3464896824245334,1.47530864678718,6.949082783537022,-1.4949874407793065,1.4949874407793065,2.1215446554597737,-3.1724775861935974
15,7,2,44,0,negative,1.353507932537783,0.9321195281072084,3.3958926634973805,-1.5373061294586738,1.5373061294586738,1.1634493803907375,-1.4425807699103737
15,7,2,45,0,negative,2.4467286302383893,1.4753009318928192,7.237618757306158,-1.6099356233063382,1.6099356233063382,2.2894600717241422,-3.366872761879454
15,7,2,46,0,negative,2.0758604256636475,1.5374342826403091,5.32141266891463,-1.5350273356715467,1.5350273356715467,1.4399991941096326,-2.16120226464883
15,7,2,47,0,negative,0.8002420812764366,0.8189833906591212,2.0722958977095405,-0.8412991115630786,0.8412991115630786,0.41896230619056396,-0.6172855988338674
15,7,2,48,0,negative,0.32618169834045363,0.13276037396872825,0.564621555197251,0.4889796297570412,-0.4889796297570412,0.0011808339581595717,-0.31264125280012406
15,7,2,49,0,negative,-0.1264010497797492,-0.8919181564166089,0.2973429406956373,-0.30918868476498035,0.30918868476498035,1.051961681643565,-0.977389101874553
15,7,2,50,0,negative,0.0736242923940163,-0.43149646962731675,0.23705490636597418,-0.31835512067550636,0.31835512067550636,0.6411745761058156,-0.586836069007312
15,7,2,51,0,negative,0.49493602389626445,0.393364796447207,0.8741120825693965,-0.30720639125922106,0.30720639125922106,0.16538670279442036,-0.2911592567856235
15,7,2,52,0,negative,0.16325835685619244,0.9993627897887687,0.9447526397299056,-0.37946672932252506,0.37946672932252506,-0.5035368811525609,0.4453572914957197
15,7,2,53,0,negative,-0.026949637500343945,0.7580950657779233,0.13948531163581918,0.4626106600212057,-0.4626106600212057,-0.8747867277398335,0.7018272287101857
15,7,2,54,0,negative,-0.2888000670691446,1.7558401759611142,-0.592770070827401,-0.15263754766435633,0.15263754766435633,-1.9988177060385106,2.196625244909387
15,7,2,55,0,negative,-0.18144306167028157,0.6010517008978927,-0.2936392854959469,0.8569268612144155,-0.8569268612144155,-1.0450547703581075,0.838592874481007
15,7,2,56,0,negative,0.19732526763779223,0.28323751944485664,0.4261189473968799,0.5938763141152424,-0.5938763141152424,-0.2733815524717134,-0.028484588072479444
15,7,2,57,0,negative,-0.040515641869039234,0.4188483160532039,-0.24834717812585508,-0.158567211395793,0.158567211395793,-0.4622801855862377,0.563279726050651
15,7,2,58,0,negative,0.336298809134076,0.5551321419933709,1.3081362220582797,-0.6932017625272978,0.6932017625272978,0.22408012257984689,-0.26708537360280693
15,7,2,59,0,negative,0.005139094155896015,0.7264186683532412,0.24826876163587347,-0.27277185578431806,0.27277185578431806,-0.551025431161212,0.5997147404573564
15,7,2,60,0,negative,-0.23726924082499812,0.2729983456864648,-0.10308537283007925,0.9473638567279202,-0.9473638567279202,-0.7022378358141307,0.4431756525140035
15,7,2,61,0,negative,0.3489447287472701,0.3266462648655642,1.0846289475453526,0.29361620600434807,-0.29361620600434807,0.05333955856386069,-0.3901405732807472
15,7,2,62,0,negative,1.4184614431889937,0.47279432263811216,3.4389332308840324,-0.29894508220173405,0.29894508220173405,1.2459855961201411,-1.9559030143984009
15,7,2,63,0,negative,1.2952110150484213,0.39289898276284874,1.9318533541164045,-0.28683200003146364,0.28683200003146364,0.7783998069692478,-1.220633201819564
15,7,2,64,0,negative,0.30132536435138935,0.21044057360720764,0.0009492616617739012,0.09175867663210875,-0.09175867663210875,-0.14026859048018947,0.05930326060062602
15,7,2,65,0,negative,0.29135283078224133,-0.22234487015453347,0.578175481538259,0.365453098860619,-0.365453098860619,0.39036994130782726,-0.6571090263147836
15,7,2,66,0,negative,0.41952203412323286,-0.36064479055411264,1.2923657032420537,0.770961666867097,-0.770961666867097,0.6742868140535092,-1.2165886592367559
15,7,2,67,0,negative,0.9401539145572095,1.7483924092312346,1.0630446748473952,-0.6352992146142848,0.6352992146142848,-0.8688931412249382,0.7467931145289324
15,7,2,68,0,negative,2.6372418442764154,2.9843983216614833,2.9002227764310344,-0.8922461432568148,0.8922461432568148,-0.841161400340062,0.21566601130775842
15,7,2,69,0,negative,0.9108787209764072,0.6183382462787745,2.305331726755164,-0.34532100516486836,0.34532100516486836,0.5688389046867053,-0.989766977587011
15,7,2,70,0,negative,0.4029971233853179,0.5398790838648245,0.38123217630989553,-1.3847620570992234,1.3847620570992234,0.18311803506665436,0.14776443401721784
15,7,2,71,0,negative,1.0780379073804407,1.4562627504000125,1.9920656795246305,-1.1938244426800004,1.1938244426800004,-0.03495340720498841,-0.0787890430525231
15,7,2,72,0,negative,1.2836411413763078,1.3025351123460682,2.5636880711032313,-0.7394251533784896,0.7394251533784896,0.22638300960660795,-0.6211294938937013
15,7,2,73,0,negative,0.7287037866244263,0.5316524123051192,2.0431333298167575,-0.4659483545662008,0.4659483545662008,0.5476094113640091,-0.8542661459154728
15,7,2,74,0,negative,0.6188126229253453,0.3423339195972975,2.6317818957174617,-0.1611038808495827,0.1611038808495827,0.7948988802334991,-1.282963339724106
15,7,2,75,0,negative,0.04403444258896683,0.00985249265120497,1.0510787999757367,-0.0864243486365106,0.0864243486365106,0.38399337108253306,-0.5377041286311468
15,7,2,76,0,negative,0.9415844883316968,1.6662678939547526,1.8248694753733812,-1.1187373529352713,1.1187373529352713,-0.3712041217413029,0.2830409121022137
15,7,2,77,0,negative,2.40957836615043,1.8146109214571513,6.139885587661009,-1.426560379712172,1.426560379712172,1.510730523050719,-2.4601210554485684
15,7,2,78,0,negative,1.4381502129055497,1.5482279337319995,3.073417671040699,-0.895139765622659,0.895139765622659,0.2540079494576364,-0.707556008241125
15,7,2,79,0,negative,0.5017807824468188,0.6360118166210267,1.3939325497925428,-0.4326942205314346,0.4326942205314346,0.14012403430257203,-0.3118448494986541
15,7,2,80,0,negative,0.7079385625875123,1.1541268405259553,1.7760093681309022,-0.3488057512608181,0.3488057512608181,-0.2098756131995444,-0.08784712483325197
15,7,2,81,0,negative,0.7641537602993913,0.5761582771053297,2.386133393273999,-0.4144717313125596,0.4144717313125596,0.6120946845233204,-0.9989852996813655
15,7,2,82,0,negative,0.4239080555650416,0.6752094408196937,0.37343330140202097,0.22223283329144325,-0.22223283329144325,-0.4835065995944873,0.2765387623361624
15,7,2,83,0,negative,0.17382741588134143,0.7721721232529624,0.4255166264292175,-0.5275872964766452,0.5275872964766452,-0.3965283436572277,0.4725001020976829
15,7,2,84,0,negative,0.09739326292824874,1.1992341633179482,0.36653800079424687,-0.5463104581917805,0.5463104581917805,-0.8624869226798562,0.9672685314567004
15,7,2,85,0,negative,0.006953203615327586,0.18032130309043112,1.4477331085189933,-0.3892773798594123,0.3892773798594123,0.4343332609074798,-0.5470218529767292
15,7,2,86,0,negative,-0.25584671253389274,0.24073257216088012,-0.2260534732047916,-0.2206117834000475,0.2206117834000475,-0.32782870627375904,0.4816826650302223
15,7,2,87,0,negative,1.3165824303080844,2.3522016448598433,-0.6568965300319017,0.13342498042858905,-0.13342498042858905,-2.1767813382439787,2.022358694721752
15,7,2,88,0,negative,4.801284839535721,25.4267559999997,-1.2753262930070863,-1.4605087104042092,1.4605087104042092,-23.76460024768875,23.66377672673538
15,7,2,89,0,negative,2.6760917269170292,11.443615978890518,-1.0399069431845127,-1.7671092043409018,1.7671092043409018,-10.309184649532712,10.62552358702426
15,7,2,90,0,negative,0.8465760441709088,0.28473512235618004,2.1600893953659126,-0.7362343884880596,0.7362343884880596,0.9628981536521137,-1.2185975974122307
15,7,2,91,0,negative,1.0910089552914364,1.0589052202331342,2.1685779874298747,-0.8814565676278253,0.8814565676278253,0.3214426165499116,-0.5708882511275215
15,7,2,92,0,negative,0.1543199910932607,1.084142134373809,-0.05021470169993132,-0.8124739785623519,0.8124739785623519,-0.7786157117219151,1.0320894896771442
15,8,2,0,1,neutral,-0.23716039422002905,0.038639031018374626,1.0315306417780365,-0.521280073237392,0.521280073237392,0.3999110759134252,-0.3585460927606291
15,8,2,1,1,neutral,0.3805980471060414,1.400337709049654,1.1005893768467763,-0.3490435514417228,0.3490435514417228,-0.790260717251474,0.6597439970732453
15,8,2,2,1,neutral,0.06807093508812315,1.4081515153347461,0.10180123193978129,-0.04678774648996883,0.04678774648996883,-1.3359315441621218,1.323215431820794
15,8,2,3,1,neutral,-0.597412239676393,0.4239072699933253,-0.5369368471163848,0.17303310665145086,-0.17303310665145086,-0.8597013344747348,0.9910818133897141
15,8,2,4,1,neutral,-0.5585079256427068,0.46089925015344047,-0.505785506338451,-0.11125106262759725,0.11125106262759725,-0.7785800399379605,0.9930459661440193
15,8,2,5,1,neutral,-0.34930072754862473,0.8312056765209942,-0.76631790368692,0.20513433557410277,-0.20513433557410277,-1.2714566654575434,1.3890149921387667
15,8,2,6,1,neutral,-0.35699887173699985,0.5123574729265311,-0.9219688988967918,0.5824703498433927,-0.5824703498433927,-1.1328368464189258,1.151841358243427
15,8,2,7,1,neutral,-0.33818107883291626,0.02101043914244574,-0.5027969644313405,1.0948459020346402,-1.0948459020346402,-0.6662850875754114,0.44149946077457414
15,8,2,8,1,neutral,0.020411558370536834,1.1422199161749806,-0.8655580260006839,1.2481023049645426,-1.2481023049645426,-1.8399695070398772,1.564793149990054
15,8,2,9,1,neutral,-0.13254984480510243,1.9518807933839681,-0.61910643071675,-0.5179445198489444,0.5179445198489444,-2.029784711941604,2.3277089311448944
15,8,2,10,1,neutral,-0.3374848830411551,0.503792348510827,0.21349345023855437,-0.5808823050703639,0.5808823050703639,-0.35149539108823924,0.5657880649121274
15,8,2,11,1,neutral,-0.08104550122836665,0.9626317586595369,1.6993346896460997,-0.9939757653773067,0.9939757653773067,-0.09187677406119021,0.15348716445067034
15,8,2,12,1,neutral,0.14318020983115848,0.4526134918741574,1.9507589255669724,-0.527949240897128,0.527949240897128,0.42134930022426215,-0.594356075824908
15,8,2,13,1,neutral,0.35220574541230476,1.3392675687066178,0.16101924764639797,-0.6248037183022241,0.6248037183022241,-0.9599246649196422,1.0826550721772663
15,8,2,14,1,neutral,0.5333981831877208,1.3520538804097488,0.62825455192244,-1.054514939229272,1.054514939229272,-0.6133313222966046,0.7712275128546684
15,8,2,15,1,neutral,1.1464030114599943,1.3825930359284866,3.318129273970802,-0.6873116375311848,0.6873116375311848,0.3346882717255071,-0.8496731067869117
15,8,2,16,1,neutral,1.3303289729257362,1.9435216044617951,2.832307365855925,-0.9458658930032433,0.9458658930032433,-0.2406875272001603,-0.13779656492903558
15,8,2,17,1,neutral,0.8406579373598577,2.7939371717330435,1.2617038519736008,-0.7443470274376928,0.7443470274376928,-1.8450342328093265,1.7427562770663143
15,8,2,18,1,neutral,-0.517454072137475,0.5006536548357353,0.13176930236081127,0.47619039251580203,-0.47619039251580203,-0.7879453755998905,0.6934960397240671
15,8,2,19,1,neutral,0.19657213541278382,1.8306290329068484,0.1422097781811957,-0.5709392880805751,0.5709392880805751,-1.5273886323486636,1.6612380761098586
15,8,2,20,1,neutral,0.7203456095733201,1.8528159768679764,1.315611637580785,-0.9836650642242023,0.9836650642242023,-0.8462752064085406,0.8348373532909239
15,8,2,21,1,neutral,0.35557646240673374,0.8976380817184298,1.9808385541353135,-1.0112602342039976,1.0112602342039976,0.21825366853025174,-0.27056942655259386
15,8,2,22,1,neutral,0.5835743512218682,1.5558007120674926,1.8089691328602244,-1.2927761868635312,1.2927761868635312,-0.32736082175228476,0.35952897002644635
15,8,2,23,1,neutral,-0.2573604335783539,0.6587238484906255,0.38308013400974483,-0.5409611734205436,0.5409611734205436,-0.43649689053998064,0.5958639982749301
15,8,2,24,1,neutral,-0.4492579837419231,0.45362060666676207,0.2694942485235448,-0.3239594554032021,0.3239594554032021,-0.4055553666051541,0.5435024742759512
15,8,2,25,1,neutral,1.020752823249866,2.122616045619525,1.6980371398490521,-1.5819352934969555,1.5819352934969555,-0.6890409600875671,0.7632210640700658
15,8,2,26,1,neutral,1.069039706310282,1.8687778609535592,1.3813914223113957,-1.2096969155149806,1.2096969155149806,-0.6487351795746732,0.6435622966427204
15,8,2,27,1,neutral,1.2752000252161677,2.04961932426158,1.8276892389627335,-0.8354415952598249,0.8354415952598249,-0.736842371115338,0.4981746921721295
15,8,2,28,1,neutral,0.27630661270303686,1.6851634969207474,0.7730318180142038,-0.6310623670390888,0.6310623670390888,-1.1250298976686377,1.160494281562127
15,8,2,29,1,neutral,-0.03759788446641313,2.309797486470228,-0.4805134104016031,-0.29147447071462224,0.29147447071462224,-2.3853430945213594,2.5688531339042364
15,8,2,30,1,neutral,0.9347056247715585,4.2539023576854635,-0.15504713708315512,-0.9710942326178151,0.9710942326178151,-3.6703181175833905,3.864073113841262
15,8,2,31,1,neutral,0.5294303409515073,4.0272356102671605,-0.6398622365053441,-1.2201430522808747,1.2201430522808747,-3.657331891358148,4.082451558044079
15,8,2,32,1,neutral,0.9586872523081916,2.2271067305981846,0.5943045404968109,-0.5776752496413596,0.5776752496413596,-1.5168843831160639,1.4506108341956834
15,8,2,33,1,neutral,0.9685239516974807,3.064555055349965,0.3978236067827335,-0.6061861696651545,0.6061861696651545,-2.407043812634842,2.381381276109858
15,8,2,34,1,neutral,0.3860143290947196,3.697059487619048,-0.5017701603687258,-0.5362944078363112,0.5362944078363112,-3.5568799620982796,3.754937403256051
15,8,2,35,1,neutral,0.016796676373476815,4.435574476274215,-1.0537205951434896,-0.42466754933820966,0.42466754933820966,-4.639659932751482,4.954036435659221
15,8,2,36,1,neutral,0.4654882533469807,4.289038428778449,-0.39278013888506746,-0.7613563684878577,0.7613563684878577,-4.011016934461859,4.252684371547493
15,8,2,37,1,neutral,0.7807727542900622,4.428235496187669,-0.25059576693258045,-1.2120002192717896,1.2120002192717896,-3.847509760644578,4.163147002508928
15,8,2,38,1,neutral,0.6522989955105607,2.7601586077718645,0.41235149562328577,-1.0058148473951503,1.0058148473951503,-2.0700034949288657,2.227833362204941
15,8,2,39,1,neutral,-0.06395606979264803,1.6420094814488135,0.16522218456368334,-0.520252651881067,0.520252651881067,-1.434836559231446,1.591376424063296
15,8,2,40,1,neutral,0.37021979041544684,2.7353885049777356,0.1806610278040264,-1.0362712534483405,1.0362712534483405,-2.2063378144217975,2.459948095867999
15,8,2,41,1,neutral,0.7076712337319115,2.516027062302152,0.7277551566595126,-0.8382947999031046,0.8382947999031046,-1.7581199988706424,1.79831386710644
15,8,2,42,1,neutral,1.1715706895709221,1.3280123632699234,2.7463645083281327,-1.2379603658639151,1.2379603658639151,0.3906194913177332,-0.630955235679604
15,8,2,43,1,neutral,0.8367112298145236,0.6720585794569303,2.989050252460012,-1.3164960886493242,1.3164960886493242,1.0420272775176898,-1.2408221616803377
15,8,2,44,1,neutral,0.3989122072860434,0.7890181125654856,0.3752861006962706,0.00579533023647492,-0.00579533023647492,-0.5328837866502059,0.4019189585743286
15,8,2,45,1,neutral,0.8152335753479091,1.6561072085616693,0.9020941015492538,-0.6622768436995498,0.6622768436995498,-0.8629057016960985,0.7974433701130879
15,8,2,46,1,neutral,1.4436386909349497,2.531616410837095,2.126912693782115,-0.26077395427290356,0.26077395427290356,-1.2545079645071058,0.7463407184785629
15,8,2,47,1,neutral,1.1115340231600574,5.324883023432285,-0.8849760273675292,0.1974561974582791,-0.1974561974582791,-5.315182423987536,5.211604025536021
15,8,2,48,1,neutral,1.2290725547273875,10.123366743849441,-1.2265326777875296,-0.5574802432971245,0.5574802432971245,-9.936693370437114,10.122096805379513
15,8,2,49,1,neutral,1.3926143507244895,10.59307897721328,-1.2533919888118652,-0.5394076312747952,0.5394076312747952,-10.36686897948414,10.523467796256968
15,8,2,50,1,neutral,1.2366119015236239,7.206633856363526,-1.204214932764871,-0.9036920674984336,0.9036920674984336,-6.89460417761113,7.190435371984149
15,8,2,51,1,neutral,0.3084806585396354,0.26196686536879443,0.8762201237868509,0.1339714577731761,-0.1339714577731761,0.08827624281564234,-0.33038352579444874
15,8,2,52,1,neutral,0.8710537826288921,0.782986751518347,2.131602373050569,-0.2804435342347949,0.2804435342347949,0.31137981178640517,-0.7183413263213837
15,8,2,53,1,neutral,1.05398500206217,1.934580757918516,1.2041960951702209,-0.49012997941243164,0.49012997941243164,-1.0184770657035753,0.8054902093023206
15,8,2,54,1,neutral,0.3127024449506644,1.635547633332524,0.5902561730994907,-0.35430683216298586,0.35430683216298586,-1.2164591499281436,1.1840683243074466
15,8,2,55,1,neutral,0.06962362518174375,0.5586224796258202,0.5801691576736098,0.4125172946119991,-0.4125172946119991,-0.47953065021136876,0.23372608819814344
15,8,2,56,1,neutral,-0.07422453428578123,0.17075857453996404,0.10682053668743194,0.41069408061831864,-0.41069408061831864,-0.29679126727885335,0.15446057333913868
15,8,2,57,1,neutral,-0.21373089059624933,-0.3066492447005103,-0.13231666609150933,1.505721588029244,-1.505721588029244,-0.310607136871824,-0.13362546635663097
15,8,2,58,1,neutral,0.42649343593481,0.5332218048111446,3.8844198824104215,0.04397698134978325,-0.04397698134978325,0.8890903075206713,-1.622234854361471
15,8,2,59,1,neutral,0.9900337838326686,1.458295599857064,2.841391381720155,-0.49159208894677753,0.49159208894677753,-0.017289848357196824,-0.45741698291934774
15,8,2,60,1,neutral,1.166966766465717,1.2523152131963597,3.9112196868387303,-0.2656155620815757,0.2656155620815757,0.5289521252656477,-1.2867780134558637
15,8,2,61,1,neutral,0.940112306298368,0.8082539260891896,2.9055226524648416,-0.26299241080555963,0.26299241080555963,0.5612885304337337,-1.1145635532924154
15,8,2,62,1,neutral,0.8485230738672735,0.6474907266749089,1.7223767858103374,-0.1878733593102975,0.1878733593102975,0.2721003463210605,-0.6379592031638964
15,8,2,63,1,neutral,0.6667252637042171,1.1765056097025268,0.5826756969308406,0.03987807739805541,-0.03987807739805541,-0.7733313152901926,0.5518051293849979
15,8,2,64,1,neutral,0.6327846605309233,1.4812696480343122,0.9425142845978293,-0.40394381680671043,0.40394381680671043,-0.8215220607224911,0.6936201754699358
15,8,2,65,1,neutral,0.18171081492850885,1.2258021320576726,0.3175539340381468,-0.971530455907657,0.971530455907657,-0.7355370637662351,0.9761697575743449
15,8,2,66,1,neutral,0.05438301936260739,0.9729898031705186,-0.1109336482473961,-0.4319831041712154,0.4319831041712154,-0.8478456447417098,1.001265117612913
15,8,2,67,1,neutral,0.13565436124262142,0.7382297844514472,1.0189533324203341,-0.26460951440145625,0.26460951440145625,-0.26515738176330994,0.16092593761996943
15,8,2,68,1,neutral,-0.018580367587142408,0.5979001500692455,1.5285824783765511,-0.6221178957385404,0.6221178957385404,0.11280651877340431,-0.15710090532545895
15,8,2,69,1,neutral,0.14814907298685498,0.7043983692415208,1.4844721801859018,-0.9251798030408622,0.9251798030408622,0.14820198282968555,-0.11191225734485766
15,8,2,70,1,neutral,-0.1961730921720796,0.2219123593643426,0.5106985704274405,-0.6143211301955319,0.6143211301955319,0.08770317678595504,0.06464962023666213
15,8,2,71,1,neutral,0.9285302277949374,2.104396992655912,0.7326041120261652,-0.6729347348839262,0.6729347348839262,-1.3263739677542357,1.2738298227453608
15,8,2,72,1,neutral,1.3679423455228716,3.4567618160871736,0.20174772027852184,-0.6244011200848548,0.6244011200848548,-2.7253980874584243,2.671916783186477
15,8,2,73,1,neutral,0.25562337590226863,0.791898614024847,0.634289620068498,-0.19800568821616923,0.19800568821616923,-0.4292590526292017,0.3469421160394637
15,8,2,74,1,neutral,-0.2065963617246874,-0.023162863095747943,0.19893740164466941,-0.23783716006279276,0.23783716006279276,0.09988892975667286,-0.01933338305573895
15,8,2,75,1,neutral,0.07141574583179594,0.4130842424886149,0.28761730928848617,-0.20916342461640494,0.20916342461640494,-0.22368541590971922,0.23356771492847386
15,8,2,76,1,neutral,0.24472255200490928,0.17577681309165616,0.8915295329055026,-0.6106583198971011,0.6106583198971011,0.40652665517751485,-0.39234922936354977
15,8,2,77,1,neutral,-0.050157122061068565,0.6216251706366922,0.6501460198327043,-0.4175942411551104,0.4175942411551104,-0.2824307909944435,0.32163072175087437
15,8,2,78,1,neutral,-0.0767411009088121,1.2351000256265208,0.39578238901711715,-0.4767462710102419,0.4767462710102419,-0.9698375059203383,1.0755793815723682
15,8,2,79,1,neutral,0.5650053909350234,0.8068105687601703,1.269632255770325,-0.586196975659735,0.586196975659735,0.0001343053615242562,-0.11050825459250391
15,8,2,80,1,neutral,1.163083682397637,2.1479085307030843,0.2162856148952106,0.16768867586175906,-0.16768867586175906,-1.7440149902260549,1.4582238820566604
15,8,2,81,1,neutral,1.1202291633089994,1.254003553412205,1.6255301322322295,-0.5177933271375531,0.5177933271375531,-0.16615267918594423,-0.11887609435840951
15,8,2,82,1,neutral,1.843015276020528,1.647411042866941,4.039676226946387,-0.6495923352008158,0.6495923352008158,0.5300169031889692,-1.2939347086165167
15,8,2,83,1,neutral,1.675268411097865,1.9295916493440746,2.777852034656049,-0.540611201542721,0.540611201542721,-0.2650144335785294,-0.2969685735328824
15,8,2,84,1,neutral,0.4468131874566954,0.3476736742876089,0.1359905791987476,0.7051338179989943,-0.7051338179989943,-0.3884503580687927,0.056271790959887436
15,9,2,0,2,positive,0.0378197649915282,-1.0552856641341795,1.3773225082508076,0.8019034607132277,-0.8019034607132277,1.259698601643882,-1.7628568007553473
15,9,2,1,2,positive,-0.4064944869104087,-1.2853546139003118,0.9165127969473706,0.8377389521818516,-0.8377389521818516,1.1761143998520152,-1.5403637689187928
15,9,2,2,2,positive,0.08737201448306348,-1.218887684957131,1.1016672633266542,1.6658921847742274,-1.6658921847742274,1.0599367159689612,-1.8134073238619899
15,9,2,3,2,positive,1.1359508025537526,-1.3102672738424577,0.48539809595129113,1.8572895599380217,-1.8572895599380217,1.2316203866981317,-2.1209417230949796
15,9,2,4,2,positive,1.7099118853361661,-1.0347535183807175,1.3739907401903322,0.7949842547796915,-0.7949842547796915,1.797726308629653,-2.5767048311439664
15,9,2,5,2,positive,1.5731003465224342,-0.718106853981124,1.6518287500204567,-0.0318060284549635,0.0318060284549635,1.8036852289804088,-2.3305714022525694
15,9,2,6,2,positive,0.9915162774268771,-0.9828917804939946,0.18694284397784386,1.053592745375185,-1.053592745375185,1.0245139058371733,-1.572121341196355
15,9,2,7,2,positive,1.062697667777404,-1.0438139712371401,0.5279637696346161,1.242623505691712,-1.242623505691712,1.1598266151439096,-1.8391446899431503
15,9,2,8,2,positive,0.9790913129106851,-0.48239912967997745,0.5810929606282789,1.1468712894490476,-1.1468712894490476,0.6201701243766162,-1.2624912664494594
15,9,2,9,2,positive,1.6087370105193748,-0.7578583380577657,0.4726438554563068,1.0962630744710091,-1.0962630744710091,1.0862309352259898,-1.7985487710456065
15,9,2,10,2,positive,2.365261933911974,-0.5972827771523381,1.4247360939053515,0.7777890288769019,-0.7777890288769019,1.6013524434658124,-2.492281791061001
15,9,2,11,2,positive,1.952804870602943,-0.8824298641621529,1.9049911216776425,0.6708297045749312,-0.6708297045749312,1.9447519600640377,-2.8113278603024456
15,9,2,12,2,positive,2.032072828245385,-0.9222019033465247,1.7758498449010511,0.3995480789128074,-0.3995480789128074,2.0583267680910677,-2.826163239919743
15,9,2,13,2,positive,1.8142785472480372,0.25262171695930735,2.6007037668536057,-0.5000161489404817,0.5000161489404817,1.3857111040547343,-1.9548694400915139
15,9,2,14,2,positive,1.2345490135398751,0.2263346002030163,1.1807740792376626,-0.31043734717382226,0.31043734717382226,0.6822522131141037,-0.9813269461857524
15,9,2,15,2,positive,1.3051903566784482,-0.37715752705475836,0.6881342417769976,0.0361928810907954,-0.0361928810907954,1.0295347661763086,-1.3738198262824812
15,9,2,16,2,positive,3.764265978739128,-0.9624434997768555,0.6278153490752646,0.6600035029090862,-0.6600035029090862,2.206469441411958,-3.1584841636840517
15,9,2,17,2,positive,4.286078381379481,-1.0173207364944332,0.0937285942550625,0.832787178813362,-0.832787178813362,2.1996606687681606,-3.207224224311705
15,9,2,18,2,positive,2.979187752101789,-1.1992405450630403,-0.1377930420314321,1.5204049046245514,-1.5204049046245514,1.6395704802116422,-2.619937900098219
15,9,2,19,2,positive,2.170583482606026,-0.7410677070599723,1.1881041430740913,0.6353101834987093,-0.6353101834987093,1.6488601877871083,-2.420411519900031
15,9,2,20,2,positive,1.6060319282356552,-0.6090712420949375,1.8783288596388794,0.9193036020112269,-0.9193036020112269,1.4640903040493733,-2.3512516360322047
15,9,2,21,2,positive,1.670332781050988,-0.8535985810242399,0.4941532131069327,0.7692162985403561,-0.7692162985403561,1.3186884795634282,-1.9358415781032003
15,9,2,22,2,positive,1.0859648240383941,-0.6483719270360776,0.164370147790488,0.5894984807531122,-0.5894984807531122,0.8686507573946676,-1.2735394129505186
15,9,2,23,2,positive,1.1946108662309647,-0.9707308290208347,0.09874169553822368,0.8536020819812357,-0.8536020819812357,1.1173143222834856,-1.6174071099054288
15,9,2,24,2,positive,1.547919051594755,-1.387959815747815,0.2719366161915964,0.9390859048405175,-0.9390859048405175,1.6815497367297596,-2.2978876496409906
15,9,2,25,2,positive,1.4718723568204566,-0.8393550621728062,3.3398831595268406,0.1420974265478386,-0.1420974265478386,2.395907758772626,-3.245232820346455
15,9,2,26,2,positive,1.669245620186217,-0.586896849120224,2.665632478295268,-0.14720767961921735,0.14720767961921735,2.080925441820458,-2.7543358983609663
15,9,2,27,2,positive,1.7398435318447736,-1.2740650518265295,0.6690321723363374,0.5546483839029334,-0.5546483839029334,1.8921408252525889,-2.478502903917085
15,9,2,28,2,positive,1.6414407219261307,-1.1726989866688706,0.8966945686588554,0.9839921583904577,-0.9839921583904577,1.69074669740038,-2.4417666319613636
15,9,2,29,2,positive,1.854196485800665,-1.058218088754124,1.8854228779924422,0.8496457569023064,-0.8496457569023064,2.0215426243843906,-2.9280277706506777
15,9,2,30,2,positive,2.1657930630563484,-1.2777945621983589,0.23690230113078847,1.4197207850290905,-1.4197207850290905,1.605452755251041,-2.4791422442919275
15,9,2,31,2,positive,1.4325061640590513,-1.3604039628642575,0.4141694039163197,1.2843913782929548,-1.2843913782929548,1.5478320260917295,-2.283741746851943
15,9,2,32,2,positive,1.3769491191184469,-1.2656251917339252,0.08137315595541467,0.30845370608665634,-0.30845370608665634,1.6489147147296603,-1.9947863292708559
15,9,2,33,2,positive,1.1161702619712635,-1.1350158894136393,0.5891906966926777,0.7947611183030006,-0.7947611183030006,1.4385491695339527,-1.9876963687456097
15,9,2,34,2,positive,1.4369425474399302,-0.9117951990458762,0.8070857976466925,0.3390846330227703,-0.3390846330227703,1.5467764364004937,-2.0338093715891876
15,9,2,35,2,positive,0.8772921290943532,-1.0355213748739645,0.6913524456350808,-0.2164063429179751,0.2164063429179751,1.6305383474231008,-1.8198436622386813
15,9,2,36,2,positive,0.6212959005499746,-1.1602273733421704,0.4842921761056416,0.48507829437674,-0.48507829437674,1.3670639674351293,-1.7130214116699785
15,9,2,37,2,positive,1.2439336732454387,-0.7307216647844075,0.1619001645647327,1.143738605077085,-1.143738605077085,0.8180867423621029,-1.4336385836894932
15,9,2,38,2,positive,1.2145366266151227,-1.187800587461049,-0.16480695891747268,1.3339773849898051,-1.3339773849898051,1.0930513483636641,-1.712665421309874
15,9,2,39,2,positive,0.5943684992151004,-1.4353564764839462,0.6398825370131683,2.252918855905156,-2.252918855905156,1.0958005365916506,-2.0524819945980806
15,9,2,40,2,positive,0.24319006560914835,-1.3854215894010977,0.9889324433584638,2.3237500018253754,-2.3237500018253754,1.02154575844851,-2.0014828438849035
15,9,2,41,2,positive,0.24987758651788972,-1.2266715899443312,0.5674384996123581,1.5691017914555847,-1.5691017914555847,0.9760763548358856,-1.635329633009455
15,9,2,42,2,positive,0.5155441115048969,-0.4178821889783807,2.20302197805121,-0.07752938754945089,0.07752938754945089,1.349914014680233,-1.7771652337564339
15,9,2,43,2,positive,0.9686222877930357,-0.24749861985457805,1.568777225218229,-0.36722903568264914,0.36722903568264914,1.2157081360858828,-1.5161983763602105
15,9,2,44,2,positive,1.3067165381850432,-0.3830274640858894,0.48292999861481745,-0.01614575522315091,0.01614575522315091,0.9849582280935599,-1.2778507324858197
15,9,2,45,2,positive,0.7864087384773923,-0.544150508815886,1.1585257171633132,0.6380147400864239,-0.6380147400864239,0.9797904140006466,-1.5166177366362388
15,9,2,46,2,positive,0.4156800942762398,-1.406231241189677,0.5317415185902743,1.9792543842939738,-1.9792543842939738,1.0622869840471902,-1.8799420476229338
15,9,2,47,2,positive,0.7801050085873875,-1.5002573340061187,0.9028456946432176,1.2464887961057338,-1.2464887961057338,1.645744636381076,-2.3417326856214213
15,9,2,48,2,positive,0.6087813555590237,-0.9585936325230788,0.22861894594607718,1.3652692893040177,-1.3652692893040177,0.7826373032567732,-1.3772937832756291
15,9,2,49,2,positive,0.37032055758462346,-0.5127411100979333,0.10119236467626255,1.5035668436583558,-1.5035668436583558,0.16872313629877672,-0.7484975712283763
15,9,2,50,2,positive,0.3355385373347085,-0.8702471895584871,0.36568296336369355,1.2156960820612654,-1.2156960820612654,0.6987556624375326,-1.2208579399076882
15,9,2,51,2,positive,0.4545645528778923,-0.6785792942012571,2.0397921663545935,0.9466228136319369,-0.9466228136319369,1.1944905960681067,-1.9257576538175
15,9,2,52,2,positive,0.5810513823553107,-1.3382820433636957,0.8894285778863033,1.2741516892053666,-1.2741516892053666,1.403724800375778,-2.073522023484503
15,9,2,53,2,positive,0.7848277322727292,-0.8716480208939648,-0.3437982992278302,1.2830077171503789,-1.2830077171503789,0.5909885928588048,-1.0921627374164142
15,9,2,54,2,positive,0.5223321052913451,-0.676257606852292,-0.12524275595844891,1.148589343543246,-1.148589343543246,0.4257576087821754,-0.8748022815187401
15,9,2,55,2,positive,0.07618473341189214,-1.0224317754352343,0.07011478399974073,0.8664305611148745,-0.8664305611148745,0.7823880942008204,-1.0955815341410509
15,9,2,56,2,positive,0.6099019194916239,-1.091355833780205,-0.030950891595239956,1.4026866230811963,-1.4026866230811963,0.8167773020519342,-1.3808313477283969
15,9,2,57,2,positive,0.4284879799350145,-1.4676902255035615,1.6882408149317905,1.4800124902341014,-1.4800124902341014,1.6799289937144628,-2.526054622936964
15,9,2,58,2,positive,0.6760078113836709,-1.1460354382220348,1.5273514308279397,1.325753100430449,-1.325753100430449,1.4385708188157553,-2.24771505932784
15,9,2,59,2,positive,1.4534306565386914,-0.5644061949696133,0.1158636726879655,0.7037359791389367,-0.7037359791389367,0.8529256449988534,-1.3490533595829417
15,9,2,60,2,positive,1.8980943423346548,-1.146865183017181,-0.5472546268170939,1.3685256825702723,-1.3685256825702723,1.1409698606662773,-1.8222850407759614
15,9,2,61,2,positive,1.613592183188767,-1.2077828476767645,-0.1075612951604086,1.9670186011459279,-1.9670186011459279,1.0541202766375746,-1.9607982916909437
15,9,2,62,2,positive,1.0680138651079725,-1.108887497188953,0.1697873515443478,0.9032404234673916,-0.9032404234673916,1.2204077615839293,-1.7277881055151132
15,9,2,63,2,positive,1.1023896655542398,-1.120993619073714,0.6336457545265585,1.126254024221567,-1.126254024221567,1.3242540843601245,-1.9890113291141132
15,9,2,64,2,positive,1.0517388066544822,-0.21759187593090212,0.5797989600936206,0.1579727483165799,-0.1579727483165799,0.7087802154080765,-1.0333607593049536
15,9,2,65,2,positive,1.2150896991573064,-0.8482114826656557,0.9831965616985656,0.6977962003279331,-0.6977962003279331,1.3483748361749686,-1.9473546130935917
15,9,2,66,2,positive,1.437623534783125,-1.2946860324736273,0.14901120493900638,1.8162671729272002,-1.8162671729272002,1.2181418880719377,-2.088003402334693
15,9,2,67,2,positive,0.9841137373635183,-1.317120694829866,1.0994435915977647,1.0666851635045893,-1.0666851635045893,1.6560780833154305,-2.3588993593105076
15,9,2,68,2,positive,0.98593464725003,-1.0919959028881367,1.7728218548307524,-0.2929079302828285,0.2929079302828285,2.109217380342674,-2.4713741539285277
15,9,2,69,2,positive,1.0478159042166661,-1.0702648570339681,-0.2540194359671229,1.8770954465749206,-1.8770954465749206,0.7091651975921758,-1.4671630911587399
15,9,2,70,2,positive,0.6963373972673809,-1.3799812622096255,1.2424058900814543,2.303527407957985,-2.303527407957985,1.2583865553399087,-2.349352905884043
15,9,2,71,2,positive,1.0916654038246405,-0.9886348189977198,0.20948425503788437,1.8463662807711767,-1.8463662807711767,0.8068959450281692,-1.6392096484289822
15,9,2,72,2,positive,1.4318310701038008,-1.0287572595177326,0.29344013250569295,1.9666420049782254,-1.9666420049782254,0.948300325394822,-1.8913928608224795
15,9,2,73,2,positive,1.357537699612501,-0.38762516003692105,0.14353093639537692,0.011910982048394358,-0.011910982048394358,0.8840110446900822,-1.1381594780408602
15,9,2,74,2,positive,1.126750336933752,-0.6901448878520366,0.3637899076627967,0.15379495923091277,-0.15379495923091277,1.135726649640582,-1.435415010150311
15,9,2,75,2,positive,0.9798835161844359,-1.0939998647230544,0.5213343478499174,0.8579395091427392,-0.8579395091427392,1.3084259830202591,-1.8446087967402311
15,9,2,76,2,positive,1.2297869711344243,-1.1603466669258011,0.8787343489152786,1.1259497974484918,-1.1259497974484918,1.4878705077928716,-2.2146073269506523
15,9,2,77,2,positive,0.8933269404819276,-1.1256035351084122,1.037631494488588,0.7225169388953584,-0.7225169388953584,1.5284173671334644,-2.09108275259367
15,9,2,78,2,positive,0.5178616534041616,-0.6278980239780695,0.2469690374379025,0.6412397696864945,-0.6412397696864945,0.6690949976965926,-1.0103133693991015
15,9,2,79,2,positive,1.0569539452269336,-0.7488267185184063,-0.1901978453791405,0.7592635923317824,-0.7592635923317824,0.7846575543570765,-1.182204768442303
15,9,2,80,2,positive,1.375163304944935,-1.1296517378958657,0.3779968452824521,1.487765074282857,-1.487765074282857,1.218116763210709,-2.0062318130095593
15,9,2,81,2,positive,0.4821896664850767,-1.3898494087090598,1.1441660807313203,1.3783807293561106,-1.3783807293561106,1.472507747995822,-2.203027282317258
15,9,2,82,2,positive,0.24300978525664313,-1.037530664020239,0.6606612687945344,1.5581896148605543,-1.5581896148605543,0.8193578104171134,-1.4893661910458278
15,9,2,83,2,positive,-0.046723883589620985,-1.0897144161930439,0.545265649361774,1.0198724490511142,-1.0198724490511142,0.9159375217667235,-1.3389852990791205
15,9,2,84,2,positive,0.2196458515738805,-1.0584659431264747,0.5503834382548611,0.8463427171493109,-0.8463427171493109,1.0330281340196183,-1.4434805880408454
15,9,2,85,2,positive,0.5479796095765653,-1.1342502274221604,0.9236321232071615,0.6107925308895258,-0.6107925308895258,1.4211899613868941,-1.8700560938140238
15,9,2,86,2,positive,0.9471097880807033,-1.1954832133219044,1.1410903408009563,0.9983110853885919,-0.9983110853885919,1.558779561152927,-2.2395832777627342
15,9,2,87,2,positive,0.8309724842725005,-1.2068776468704105,0.46454554415771054,1.643945814238693,-1.643945814238693,1.0907350516009167,-1.854636661085516
15,9,2,88,2,positive,1.0266177226565427,-1.376082812908758,0.7659541094370946,2.038735471818939,-2.038735471818939,1.2940282663336573,-2.2723687289555765
15,9,2,89,2,positive,0.5413370501018063,-1.4539068498408732,1.1411433968750584,1.9607611248154277,-1.9607611248154277,1.3611466238946854,-2.2951470733293053
15,9,2,90,2,positive,0.13091395322429278,-1.380971015748068,0.6793160508100342,2.259160420434729,-2.259160420434729,0.8979942102812672,-1.7860860177652313
15,9,2,91,2,positive,0.5988626687277537,-1.2575305245188901,1.1849834753495732,1.377091307739108,-1.377091307739108,1.393115469964963,-2.149453596557554
15,9,2,92,2,positive,1.1538930836301957,-0.7507037048347849,0.3038006604833323,0.3983758212369146,-0.3983758212369146,1.1038096791269894,-1.479550576891549
15,9,2,93,2,positive,1.2771469058234852,-0.9613755479205932,0.32935666437935746,0.8544180727806571,-0.8544180727806571,1.2120707137279885,-1.7646273330220146
15,9,2,94,2,positive,0.9676033004075637,-0.6466580551412977,1.1010103742687158,0.7888237136940969,-0.7888237136940969,1.0732547088020252,-1.6809648924794374
15,9,2,95,2,positive,0.8797184304176393,-0.19345597819957439,0.9153010704431902,0.6984056481795607,-0.6984056481795607,0.5589939290933306,-1.0909657286299892
15,9,2,96,2,positive,0.025317410330403745,-1.1752524389223098,0.5118192095537205,1.3250333656217705,-1.3250333656217705,0.9126201903430944,-1.443820748864372
15,9,2,97,2,positive,-0.3087632283016872,-1.1618868660581554,0.5692172583568101,1.2041856464529024,-1.2041856464529024,0.847309660592229,-1.292113881085717
15,9,2,98,2,positive,-0.38323291981921925,-0.9240781901152819,-0.03543396120289305,1.1845591187918356,-1.1845591187918356,0.38966952351063255,-0.7147447496042257
15,9,2,99,2,positive,-0.21710824168277673,-0.8856705720570349,0.5552389871060252,1.3238143286482356,-1.3238143286482356,0.5571093776487059,-1.054735944768659
15,9,2,100,2,positive,-0.15752269568004773,-1.1720860676107492,1.4187977211236054,1.7304192601497859,-1.7304192601497859,1.0157046560420064,-1.802723580332528
15,9,2,101,2,positive,-0.3805862655223718,-1.14519744014624,1.628166658145666,2.114126974283913,-2.114126974283913,0.8563485795927004,-1.768987636457887
15,9,2,102,2,positive,0.14580712086289374,0.32378168184009976,1.8776569223113126,-0.5195828593512548,0.5195828593512548,0.5239006190017208,-0.6879503397470035
15,9,2,103,2,positive,0.7232027106186258,0.1640628804026423,1.4135590773071245,-0.3687370074812235,0.3687370074812235,0.6711033847330157,-0.9043180135602329
15,9,2,104,2,positive,1.8746038778800735,-1.0526844171790277,2.199101378022353,0.12951217598862974,-0.12951217598862974,2.36741544381696,-3.089537045130241
15,10,2,0,2,positive,1.3929733685647079,-0.9440111213163611,-0.07690341795081505,-0.04487713473212738,0.04487713473212738,1.3976601497650345,-1.6020460966233077
15,10,2,1,2,positive,1.1172593626804994,-1.0523514005381143,0.43150648836527616,0.17133240260796492,-0.17133240260796492,1.5114958833507177,-1.826734326061002
15,10,2,2,2,positive,1.2586225490251401,-1.0980960942174993,0.9338550208673863,0.5715398808402318,-0.5715398808402318,1.6384086572349308,-2.1943348791637627
15,10,2,3,2,positive,1.1496287472697178,-1.4156453078662625,0.17948806515941404,1.1242923277536099,-1.1242923277536099,1.4839201360914365,-2.0802037140808283
15,10,2,4,2,positive,1.4262373387430798,-0.45773263492493554,-0.8072149188038804,-0.01411872013869416,0.01411872013869416,0.6687796816175667,-0.7672438448945352
15,10,2,5,2,positive,2.144132021243157,0.23095436907383293,-0.3124207883107835,-0.15734883388495055,0.15734883388495055,0.43206565319860835,-0.6849012473923538
15,10,2,6,2,positive,1.1124973061663987,-0.9198545044992104,-0.29451153568927596,0.46899232085749026,-0.46899232085749026,1.0361856543724213,-1.3288473897377717
15,10,2,7,2,positive,1.9015477796468234,-0.1188525250324608,-0.3944592106689065,0.10512483338524503,-0.10512483338524503,0.586173770230018,-0.8723968095214193
15,10,2,8,2,positive,1.937149218158153,-0.19605837851337676,0.4263393051754557,0.1389374491419651,-0.1389374491419651,0.9375754032439245,-1.377802640180181
15,10,2,9,2,positive,1.6808328496612421,-0.577159915901242,0.8516783403568893,0.1629114448723913,-0.1629114448723913,1.3670264976164888,-1.8434155109103076
15,10,2,10,2,positive,1.0422758252802948,-1.2240682836230534,-0.1234105915753606,1.0782067122715537,-1.0782067122715537,1.1709544574341804,-1.6835009004755206
15,10,2,11,2,positive,0.9939860657062511,-0.803778800622337,-0.08956252312095644,0.03736920574877725,-0.03736920574877725,1.092796912901176,-1.2559905719149844
15,10,2,12,2,positive,0.8623821135216804,-0.726765073314336,0.014224137922201641,-0.6301921193150067,0.6301921193150067,1.2290311969006322,-1.165068199036277
15,10,2,13,2,positive,1.185948781058505,-0.626300415144605,2.3470969681121834,0.1787029599204666,-0.1787029599204666,1.7444146782280123,-2.3928232897299493
15,10,2,14,2,positive,1.0767957682848128,-0.601825715616847,2.7837490712977884,-0.193320779183103,0.193320779183103,1.953114255205415,-2.5320981354081473
15,10,2,15,2,positive,0.802379530683206,-0.6705925920367053,2.4289150609555072,-0.5428010888581238,0.5428010888581238,1.928624485535651,-2.2862398878560617
15,10,2,16,2,positive,0.3484985600974563,-0.7568147712354137,0.9802558127003538,0.1479773744863375,-0.1479773744863375,1.1504071040059045,-1.4211919576343188
15,10,2,17,2,positive,0.561482608168575,0.18727265317628985,1.3551036055011325,-0.7428740534034892,0.7428740534034892,0.6992141025147757,-0.7710204536585639
15,10,2,18,2,positive,0.38466157195300255,-0.19408189175488097,1.080090154859749,-0.043199504020465775,0.043199504020465775,0.69673230203262,-0.9264577551612567
15,10,2,19,2,positive,0.7194765559191064,-0.760832280022278,1.0127208938393484,0.45454992585069315,-0.45454992585069315,1.1867147879915318,-1.6269310049015053
15,10,2,20,2,positive,1.5586246760553506,-0.6876937337942811,2.1086170101986723,-0.5008280170369322,0.5008280170369322,2.0770503015579327,-2.521314576921293
15,10,2,21,2,positive,1.8436120581610955,0.17151219149649818,2.0465303051220993,-1.1225747212766428,1.1225747212766428,1.4993935033567811,-1.7735589901450992
15,10,2,22,2,positive,0.9838476269802041,-0.9864924642973198,0.17259455000672025,-0.13207560124033943,0.13207560124033943,1.4159983903730744,-1.564713552790782
15,10,2,23,2,positive,1.142247784918689,-0.8637171978891192,1.2214916921783914,-0.4773929654011835,0.4773929654011835,1.8107613453885403,-2.045586936437659
15,10,2,24,2,positive,0.8554059280637473,-0.9837207719418639,0.5945660860105627,0.12453921926303314,-0.12453921926303314,1.4255317035456228,-1.708706778979019
15,10,2,25,2,positive,0.6823614559180309,-1.1016990348221423,0.6344950885989896,-0.04675142452274763,0.04675142452274763,1.5562350245020649,-1.7601273070806525
15,10,2,26,2,positive,0.6790109591968873,-1.1140195722674937,0.14980484370926855,0.38969303229668983,-0.38969303229668983,1.2603938291373158,-1.5284274737205716
15,10,2,27,2,positive,0.9336025097182937,-1.0039914414364017,0.04080832527199639,0.45241032534521963,-0.45241032534521963,1.177991611318092,-1.4911968589315467
15,10,2,28,2,positive,0.735252997020374,-0.9970596439988204,0.378886747162796,0.08127653846946763,-0.08127653846946763,1.3413473792367212,-1.5541295160904054
15,10,2,29,2,positive,0.7943296262121697,-1.002433369339097,0.2833709232806879,0.39820794854234437,-0.39820794854234437,1.228930902989268,-1.5412836440855258
15,10,2,30,2,positive,0.49494913472670415,-0.9955598328653738,0.35111322853204197,1.1078244320073247,-1.1078244320073247,0.9083058099491809,-1.418591014494747
15,10,2,31,2,positive,0.18519713800311702,-1.021897448126649,0.7734115231332269,0.6496416371903743,-0.6496416371903743,1.124886456108639,-1.5012017786948209
15,10,2,32,2,positive,0.2186228434872851,-0.21742155508301833,0.5003761430890092,-0.011149967745614572,0.011149967745614572,0.460804539856988,-0.5769210483711655
15,10,2,33,2,positive,0.3487522765091519,-0.49660821532583005,0.47846641788350125,0.10618732377952918,-0.10618732377952918,0.7369520055302047,-0.9102175625221567
15,10,2,34,2,positive,0.3348599401767988,-0.7555977365423123,-0.505891322886801,0.3578747503229966,-0.3578747503229966,0.5792956921979794,-0.6700820451873112
15,10,2,35,2,positive,0.7186259030701294,0.08427587645162893,0.47466056464195716,-0.30737103128418963,0.30737103128418963,0.41594328988046314,-0.5123673574044143
15,10,2,36,2,positive,0.8667358008121917,-0.045342191668663934,-0.296462855045703,0.09151465750212974,-0.09151465750212974,0.2049282877567836,-0.3304786645519083
15,10,2,37,2,positive,1.3907976880252695,-1.0493940085807045,0.043573972451238396,0.8480562652642725,-0.8480562652642725,1.2448324736514496,-1.7665798388189584
15,10,2,38,2,positive,1.8910427569271056,-0.9968872528618582,0.06347809310822147,0.06192533261265273,-0.06192533261265273,1.6277524253360829,-1.9741476778795217
15,10,2,39,2,positive,1.7772235601310782,-1.3572933177002389,0.33607294469300153,0.6081652868468189,-0.6081652868468189,1.859003723692659,-2.4139415701122786
15,10,2,40,2,positive,1.2243062362962616,-0.7852926265440371,-0.0010025483586578305,0.2503310591085975,-0.2503310591085975,1.1096168361537058,-1.3969444705128389
15,10,2,41,2,positive,1.557902535920277,-0.988241858857174,-0.36757897026022435,1.113757341761145,-1.113757341761145,1.0137639334901432,-1.5834036416872004
15,10,2,42,2,positive,1.8460730340023277,-1.2182431675989838,-0.13387404647711718,0.22036850487494733,-0.22036850487494733,1.7155199951490716,-2.074342661361589
15,10,2,43,2,positive,1.7230102177054305,-1.176362160119361,0.5593554543991525,0.3493328280810795,-0.3493328280810795,1.820706441460529,-2.3175449961716525
15,10,2,44,2,positive,1.6274575387081323,-1.3064137781418785,0.20711771612227856,1.158026047921996,-1.158026047921996,1.5319301804446834,-2.223701405557084
15,10,2,45,2,positive,1.3762792941012845,-1.310053577475962,1.3941339740382352,1.0076494372966271,-1.0076494372966271,1.8976415210902595,-2.695260211545722
15,10,2,46,2,positive,0.9420981285049848,-1.235539085199536,0.555277881423599,0.7195936647272858,-0.7195936647272858,1.494799866933302,-1.984227090163828
15,10,2,47,2,positive,0.842781633618344,-0.9885916079711314,1.4929853072967423,0.29163027568005556,-0.29163027568005556,1.6699704963828084,-2.1564750784286746
15,10,2,48,2,positive,1.6451930597238187,0.02001939766953381,4.828256139260261,-0.7843558361278734,0.7843558361278734,2.399248947367784,-3.216705201822506
15,10,2,49,2,positive,1.2238605913188663,-0.5258488036493906,2.522592149299902,-0.4707345751944825,0.4707345751944825,1.9315779089204743,-2.399075173958775
15,10,2,50,2,positive,0.6607599460455883,-0.7539560833599088,1.2049680940021623,-0.9600981353662014,0.9600981353662014,1.695898141831226,-1.6868201033837842
15,10,2,51,2,positive,1.5181530218485577,0.5189287001787204,4.778640732574793,-1.3747553389732472,1.3747553389732472,2.038254330953479,-2.6294681770329547
15,10,2,52,2,positive,1.0757228220186237,-0.12515050365489683,3.900571650802764,-0.9187768039279289,0.9187768039279289,2.0901742625713355,-2.613297740065591
15,10,2,53,2,positive,0.9649423448818572,-0.48657107015773654,5.072878393589217,-1.1021509804416343,1.1021509804416343,2.8665616431286396,-3.505481439393274
15,10,2,54,2,positive,0.9633422327854052,-1.1139315969085968,-0.13145553094357185,0.23249720261442955,-0.23249720261442955,1.3137280966510647,-1.5298749478295135
15,10,2,55,2,positive,1.4821047823409697,-0.8979855345074195,-0.5631311350117464,0.31016146346387624,-0.31016146346387624,1.1009229291292018,-1.3574723581720312
15,10,2,56,2,positive,1.5812802285962233,-0.9800369041613961,0.41770271838691053,-0.4511277261824729,0.4511277261824729,1.7967404618832652,-1.979528377652963
15,10,2,57,2,positive,0.9733474152272791,-0.30166960873564264,-0.21576110747706329,-0.3728050494178981,0.3728050494178981,0.6784667277916806,-0.6804627626107506
15,10,2,58,2,positive,0.4047026475438825,-0.46146498982670986,-0.08695027484702436,0.26475524381921517,-0.26475524381921517,0.47913069945259085,-0.620341176175139
15,10,2,59,2,positive,0.7513251536384586,-0.9653023933525667,0.2177603699228738,0.4716689014356379,-0.4716689014356379,1.1311079340611316,-1.449845155133233
15,10,2,60,2,positive,1.1008994953805404,-0.52786628006935,0.5866248359696093,-0.13876066139704776,0.13876066139704776,1.1366279443184157,-1.3716284457444248
15,10,2,61,2,positive,1.8536130689958465,-0.16997956142906878,-0.3515065388841138,-0.20640538228619001,0.20640538228619001,0.7394835322283764,-0.9210328264849351
15,10,2,62,2,positive,2.1884230498737667,-0.5016903059577775,0.06266814567844077,0.05720616503026577,-0.05720616503026577,1.232985316131758,-1.6272359037338813
15,10,2,63,2,positive,1.6902164464508553,-0.8375575581797566,-0.47468555424614584,0.04267308390831462,-0.04267308390831462,1.2285101609452216,-1.4453230042821112
15,10,2,64,2,positive,1.7292225246348862,-1.132368990223059,0.03301423959741355,-0.4666789307839609,0.4666789307839609,1.8753408885618126,-2.013487372339209
15,10,2,65,2,positive,1.6256064160466837,-0.41153379014052577,1.8286044741981187,-0.91905250862387,0.91905250862387,1.8692882564300832,-2.138639235262927
15,10,2,66,2,positive,1.313732473393839,-0.3714183188768502,2.4689377799547927,-1.0164678105191305,1.0164678105191305,1.971131006832771,-2.2627534455511658
15,10,2,67,2,positive,1.1851260319087369,-0.6872080904307631,2.992503241720438,-0.7646844074504636,0.7646844074504636,2.334645984123976,-2.7760227272453504
15,10,2,68,2,positive,0.8543817455166024,-0.7372094003813255,2.281248712122309,-0.7186814484412497,0.7186814484412497,2.0219800357413793,-2.305024629200781
15,10,2,69,2,positive,0.6941842188023786,-0.5478804832774438,1.3008973197853468,-0.43663094113425466,0.43663094113425466,1.358451309851437,-1.5454212525713065
15,10,2,70,2,positive,0.7435512109524594,-0.7166099726565788,0.1317421912631088,0.008429110811044674,-0.008429110811044674,1.0055647364580866,-1.154256673764363
15,10,2,71,2,positive,1.2833559654903446,-0.815833394978766,-0.49001658134869885,-0.1455193189202613,0.1455193189202613,1.1287862959994017,-1.2125030870495888
15,10,2,72,2,positive,1.2813343232007488,-0.8918182824802087,0.5747425483566774,-0.4149348265006368,0.4149348265006368,1.6488221818328963,-1.8198567182589218
15,10,2,73,2,positive,1.4462323605910739,0.21091387008217838,1.9386041626107255,-1.3615257862565302,1.3615257862565302,1.3712068997372648,-1.4815043915187212
15,10,2,74,2,positive,0.865486647853478,-0.009950928406834678,1.1436191484474894,-0.17359301325956442,0.17359301325956442,0.7375171982603452,-1.0145038265573183
15,10,2,75,2,positive,1.1302031051980723,-0.5691742673418309,0.6520192417016655,-0.39918665332592324,0.39918665332592324,1.2963106007503846,-1.4602854407916999
15,10,2,76,2,positive,1.383767945604295,-0.9143691443982933,0.3062523437428244,-0.1369787859217053,0.1369787859217053,1.5233688361545683,-1.7593792890718531
15,10,2,77,2,positive,1.7379970174566544,0.07599135715426053,-0.014449897099615161,0.43665243240493967,-0.43665243240493967,0.3529735388297726,-0.785782203024259
15,10,2,78,2,positive,1.6678447268128105,-0.6901554817463665,0.2943674157439986,0.6838299341108623,-0.6838299341108623,1.1162828845616821,-1.6712615530247712
15,10,2,79,2,positive,2.0845682120318445,-0.9957744154710035,-0.061958527780498034,0.04711550392042605,-0.04711550392042605,1.6542724755813103,-2.0070792575966765
15,10,2,80,2,positive,1.604405325349184,-1.1554178001712545,0.34063987026917364,0.08082360062839931,-0.08082360062839931,1.7768249985012405,-2.127940397980433
15,10,2,81,2,positive,1.1902447081998782,-0.62421054078911,-0.1557747205733772,0.2669062146520111,-0.2669062146520111,0.8800651317806065,-1.1414455346023604
15,10,2,82,2,positive,0.8965751362231146,-0.999099339289422,1.2162704456988973,-0.4383334109470773,0.4383334109470773,1.8494923369124519,-2.055522130250428
15,10,2,83,2,positive,0.8195051361264167,-0.5595945357811314,0.5604256610072751,-0.06272170575720126,0.06272170575720126,1.0404787034114291,-1.2495599343479773
15,10,2,84,2,positive,0.6104755378652208,-0.4307907414366732,0.459210284632341,-0.13531344343627613,0.13531344343627613,0.8324571634146192,-0.9656336526854541
15,10,2,85,2,positive,0.8454638245445738,-1.164361405018747,1.077057215425354,0.5621851016179359,-0.5621851016179359,1.6178067178027442,-2.1256219250037107
15,10,2,86,2,positive,1.7445759624438804,1.7827001166650225,-0.873227414111369,-0.09327654417674813,0.09327654417674813,-1.461158419161936,1.3470258424987667
15,10,2,87,2,positive,1.459070452200984,-0.7536696006522419,0.41911870075697605,-0.3940188655547045,0.3940188655547045,1.5110722734897968,-1.692764177131222
15,10,2,88,2,positive,1.3269332791896105,-1.0588667862610224,0.5008920664106965,-0.022670908590999034,0.022670908590999034,1.6756988709914578,-1.9727794590611758
15,10,2,89,2,positive,1.0847519402737609,-0.5613233934036802,-0.2423251111056347,0.33369831745949247,-0.33369831745949247,0.7308995639732248,-0.9825368079877432
15,10,2,90,2,positive,1.0455102544706867,-0.5803614845500773,0.3022978793826104,0.6482918945735129,-0.6482918945735129,0.8135335643100053,-1.2542655514767258
15,10,2,91,2,positive,1.1967748206371058,-1.0229198349252557,0.15277716601496655,0.4707522331807445,-0.4707522331807445,1.315853086082365,-1.697695828251292
15,10,2,92,2,positive,0.9921203997905429,-0.9872590841009217,1.0187914930005988,0.6158057887754621,-0.6158057887754621,1.452294452106148,-1.9927150304964925
15,11,2,0,1,neutral,0.9692741203386874,1.42878545537172,1.594207873059895,-1.0056092911637007,1.0056092911637007,-0.23908836051762572,0.14704445867242888
15,11,2,1,1,neutral,1.5482090731632707,2.7963104101163685,1.8047457725655156,-1.162132642641393,1.162132642641393,-1.2912812473263087,1.1198329872519754
15,11,2,2,1,neutral,1.0923305550607563,2.854062265670989,0.7122801109810711,-0.8808138651549974,0.8808138651549974,-1.9589207552720476,1.9517569326500754
15,11,2,3,1,neutral,0.28766000630235167,0.8311475206499166,0.3294819196916189,-0.6120173561505492,0.6120173561505492,-0.42142775993507664,0.5225765576529313
15,11,2,4,1,neutral,0.3427289931543909,0.9939667421817769,1.2435165928997662,-0.9348624934361501,0.9348624934361501,-0.15359738235167453,0.2008439491546984
15,11,2,5,1,neutral,-0.4301748533537535,0.33312645430301036,-0.7676514888840389,0.2129177557084927,-0.2129177557084927,-0.803374486951772,0.9320396254219065
15,11,2,6,1,neutral,1.1165443620330961,2.234743033715048,1.3923674196239895,-1.3806947458806735,1.3806947458806735,-0.938207524535795,0.9802871428865052
15,11,2,7,1,neutral,1.0887069092417834,3.3467221844642943,0.5299389266922895,-1.2611151190181602,1.2611151190181602,-2.3868018661468833,2.5373992664972578
15,11,2,8,1,neutral,-0.17425250470531087,0.4990690705251989,-0.618417238672284,0.14613078259491147,-0.14613078259491147,-0.812002579182701,0.8954039422139963
15,11,2,9,1,neutral,-0.133408627502037,1.76922909423583,-0.9481997146129596,-0.027906002550286708,0.027906002550286708,-2.120463207424067,2.3100332652933284
15,11,2,10,1,neutral,0.2745012646402443,1.7386833752969901,-0.49879723601248616,-0.030575543401124654,0.030575543401124654,-1.8032568512873626,1.850831360983111
15,11,2,11,1,neutral,-0.24903834623214988,1.0665873138013362,-0.4848151190801952,0.2530508390954734,-0.2530508390954734,-1.3955554152706091,1.4335140464575087
15,11,2,12,1,neutral,0.006194327163600882,0.8518201623382378,-0.4737106725851885,0.7988859805467291,-0.7988859805467291,-1.2739542709943432,1.0855783350490316
15,11,2,13,1,neutral,0.08282683277853162,0.42132041564120604,-0.029890872307430073,0.3092705155061239,-0.3092705155061239,-0.5067652673195469,0.3948524354056553
15,11,2,14,1,neutral,0.380358669706219,0.19145049942563136,1.854863061413102,-0.9300351460267824,0.9300351460267824,0.8636351262897364,-0.9261603661340292
15,11,2,15,1,neutral,1.050997290110491,1.0729989187822184,2.9100739974677916,-1.1275900011404938,1.1275900011404938,0.6232215107907069,-0.9075367250069228
15,11,2,16,1,neutral,0.1620028667984094,1.1427402093820098,0.04193828323504641,-0.7336139580105557,0.7336139580105557,-0.830221840034006,1.040769634365282
15,11,2,17,1,neutral,0.7505820488095487,1.973348428545605,0.4768445212502599,-0.9576184369254461,0.9576184369254461,-1.2450000928838536,1.3596351435157008
15,11,2,18,1,neutral,1.8991482742187338,1.8783660365606465,3.156521098652602,-1.4716303991848463,1.4716303991848463,0.2974005541247473,-0.6494686498750213
15,11,2,19,1,neutral,1.3028753841300098,1.8310748746032313,2.025566374073224,-0.9792871846600728,0.9792871846600728,-0.3951652269821291,0.1668539955016144
15,11,2,20,1,neutral,1.390470612756143,2.648603585778365,1.5570503181163944,-1.2353653837906526,1.2353653837906526,-1.2543081475573017,1.1748431203420964
15,11,2,21,1,neutral,0.5342206001090144,2.7128488616943462,-0.641762698036602,-0.4703654431498521,0.4703654431498521,-2.591907746620258,2.76661991065814
15,11,2,22,1,neutral,1.3444559255591497,3.5461234307713108,0.015404125512088173,-1.33701564129514,1.33701564129514,-2.647164866649185,2.8661934052356917
15,11,2,23,1,neutral,1.070654862751652,1.9683774552306934,0.8343642312987318,-1.397688734604342,1.397688734604342,-0.8674748456791181,1.0158679082055015
15,11,2,24,1,neutral,0.7095996406779956,3.1094594039102668,0.21179124657555515,-1.1934083341938038,1.1934083341938038,-2.404526330094482,2.6487639602834916
15,11,2,25,1,neutral,0.96835549327937,4.309278311011276,-0.25513797459787085,-0.9355416846803379,0.9355416846803379,-3.759691909890664,3.952669551670527
15,11,2,26,1,neutral,0.7189070756485386,2.752878672709529,-0.22132737726553098,-0.9140373658166611,0.9140373658166611,-2.2823396513096395,2.504088823518025
15,11,2,27,1,neutral,0.5843972353053584,1.5134639093959446,0.4265886508105117,-0.6855913958346614,0.6855913958346614,-0.9479381487457674,1.0079709663380094
15,11,2,28,1,neutral,1.0929799272023752,1.5948089712233475,2.1738521519028517,-1.198897118393848,1.198897118393848,-0.106232572056989,-0.03860706832926608
15,11,2,29,1,neutral,-0.092442280971358,-0.027236716454537735,0.8919193436187429,-0.2419784632598443,0.2419784632598443,0.3743885584236142,-0.4269752477782302
15,11,2,30,1,neutral,0.006660109021551258,0.6494915132561524,-0.4494295072339384,0.2733684092424394,-0.2733684092424394,-0.8882041157410946,0.8708762123623459
15,11,2,31,1,neutral,0.5888667553181556,1.40820850572316,0.4185956934302734,-0.6389426557791036,0.6389426557791036,-0.8594068042139824,0.9044772813489454
15,11,2,32,1,neutral,0.6186785079462371,1.1455321990524259,1.2741373167068066,-0.8937862173222838,0.8937862173222838,-0.21666485172731675,0.199124286725904
15,11,2,33,1,neutral,0.11233773431013633,2.464234734750508,-0.4107987661580825,-0.7477342103274025,0.7477342103274025,-2.314477008590689,2.613465250674481
15,11,2,34,1,neutral,0.7602505699521531,2.925118346830074,0.5079284742399823,-1.4464102973393242,1.4464102973393242,-2.020255232986254,2.2910288247340063
15,11,2,35,1,neutral,0.26120065050004,2.0841074202096737,-0.04132833485960753,-1.0000187227610018,1.0000187227610018,-1.6774770740758622,1.9741712623894574
15,11,2,36,1,neutral,1.0743254860818037,5.6543334172177,-0.37043125294304646,-1.3757776641256736,1.3757776641256736,-4.96110945146289,5.302386300648321
15,11,2,37,1,neutral,1.6079533372117252,4.668805435371819,0.32180347355785766,-1.4246776725796941,1.4246776725796941,-3.550660607588727,3.703927029987028
15,11,2,38,1,neutral,0.8469768542813085,1.5179342332428807,1.108639190535159,-1.0364000756358303,1.0364000756358303,-0.5205955264254482,0.540126210834647
15,11,2,39,1,neutral,1.4531945907077952,1.766968403481505,2.471699597104441,-1.3446499347716683,1.3446499347716683,-0.010453695953536846,-0.19547869042461308
15,11,2,40,1,neutral,1.2575650806577399,2.3071855324677664,1.6434222522539472,-1.3597334169326831,1.3597334169326831,-0.8869452825196429,0.8566918660119227
15,11,2,41,1,neutral,0.21799270592586975,0.5875761346398245,0.5802057703936571,-0.48555227748589574,0.48555227748589574,-0.1596592167046837,0.1884768964800611
15,11,2,42,1,neutral,0.022191894231462582,0.3263814956022926,-0.5730739006091069,0.7544500526796885,-0.7544500526796885,-0.7614921819547369,0.6018224987911147
15,11,2,43,1,neutral,1.4212271443755649,1.7019974947062702,2.567612620548975,-1.397815348130471,1.397815348130471,0.09355420964540007,-0.2924223877559997
15,11,2,44,1,neutral,2.2997546568063494,3.06471105009285,2.8564954190664946,-1.938237543357083,1.938237543357083,-0.6998818436828742,0.4865860121564278
15,11,2,45,1,neutral,0.8781332457307173,1.8086772075746747,1.4709839378696563,-1.123043968002888,1.123043968002888,-0.6512901570402541,0.6341186157744878
15,11,2,46,1,neutral,0.5021253538876778,0.2315412327779695,1.8116611387328738,-0.1131407520296603,0.1131407520296603,0.5774345154387679,-0.9253520135323063
15,11,2,47,1,neutral,2.235541326356404,2.291783014827981,2.9576492284653155,-1.1888929262728791,1.1888929262728791,-0.16442185446311486,-0.30481226258287863
15,11,2,48,1,neutral,2.483030653244415,3.0446215376891246,1.7039169467966213,-1.1952058448801044,1.1952058448801044,-1.2505703893820777,0.9511477376686064
15,11,2,49,1,neutral,2.083890475791855,3.855159412193305,0.06471682108345088,-1.1102450822977838,1.1102450822977838,-2.7688752858022747,2.780855763755652
15,11,2,50,1,neutral,4.578776207185671,24.660884583998325,-1.0911779255514868,-2.2226794957933684,2.2226794957933684,-22.75745865818914,22.917085443181232
15,11,2,51,1,neutral,1.9284415948381912,7.612498952688465,-0.8757767632850354,-1.310934281269922,1.310934281269922,-6.82463258174744,7.086166536911888
15,11,2,52,1,neutral,0.7042014551709982,0.8002472974007946,0.4590765778205376,-0.5377179465937861,0.5377179465937861,-0.2332486375390206,0.2186082809050267
15,11,2,53,1,neutral,1.552077672413956,1.527433870129441,3.2183655998399856,-1.00646825732338,1.00646825732338,0.39820330639633283,-0.8577877659975297
15,11,2,54,1,neutral,1.6220427311146373,1.5091830954815104,3.5791870683579585,-1.3190735562629505,1.3190735562629505,0.6642513564303387,-1.0914318042547877
15,11,2,55,1,neutral,0.6605864854655529,1.2646582014635335,0.5679578737349044,-0.9451639483521741,0.9451639483521741,-0.5400887656126564,0.6503860218633049
15,11,2,56,1,neutral,0.8973706743813941,0.7448943216579794,2.946458996630744,-0.8291346601770635,0.8291346601770635,0.8127604554050875,-1.1770205138480896
15,11,2,57,1,neutral,1.9386186437319681,1.850083999947869,4.109336715805307,-1.5302374753865158,1.5302374753865158,0.6759802783600612,-1.1738936798207686
15,11,2,58,1,neutral,1.5359823766955913,1.550136739135355,3.2261530237465434,-1.0117532044004982,1.0117532044004982,0.3744927958121893,-0.8309309610857125
15,11,2,59,1,neutral,1.372867912460209,1.2575964267171993,3.591045790508919,-1.0154167767971747,1.0154167767971747,0.7355137332049015,-1.2243604247673647
15,11,2,60,1,neutral,0.9617185823301624,0.4958446205318536,2.1644149526743264,-0.7213637496161635,0.7213637496161635,0.7866544743416972,-1.0672221469703909
15,11,2,61,1,neutral,0.5723871773388522,-0.4323074353356514,1.0169143183986837,0.05889922355420435,-0.05889922355420435,0.9424415260634287,-1.2269581832044194
15,11,2,62,1,neutral,0.9342153678022793,0.7590244967536145,1.6674734948641925,-0.5384585083752775,0.5384585083752775,0.2876912935936352,-0.5418199345796214
15,11,2,63,1,neutral,1.526880442376039,1.2449619114231865,3.3940896570831667,-1.2399964191122816,1.2399964191122816,0.8086935947673093,-1.2155231383064165
15,11,2,64,1,neutral,1.5210322223110395,1.332775392321872,2.3436262026957975,-1.147515019414943,1.147515019414943,0.3379490891520547,-0.5995538201815467
15,11,2,65,1,neutral,0.8551118130764538,0.24659227390915392,0.4723831471318256,-0.18638554490159134,0.18638554490159134,0.2580345611274696,-0.4171552061949857
15,11,2,66,1,neutral,0.805710991940635,0.0044386865706353175,0.6408498065042243,0.35958680595224046,-0.35958680595224046,0.357885977593571,-0.7188417126517944
15,11,2,67,1,neutral,0.6547431607263817,0.6798575475146628,0.46169471581439514,-0.21051304678309943,0.21051304678309943,-0.23754057307337073,0.12163860924427439
15,11,2,68,1,neutral,0.6058308681171358,0.6454806204032988,0.6610524089147487,-0.4702886061395805,0.4702886061395805,-0.06642332601281042,0.012038981887356526
15,11,2,69,1,neutral,2.0297739337304415,1.8077381292033272,3.3766854132108617,-1.2911043542724838,1.2911043542724838,0.424783104534602,-0.8954915442673244
15,11,2,70,1,neutral,1.8051623112350068,1.610275500123386,2.793245407513181,-1.280126438767918,1.280126438767918,0.34923588571531616,-0.6889283592507081
15,11,2,71,1,neutral,1.7094969664841255,1.3497964982454727,3.4728146798121817,-1.2962632070302025,1.2962632070302025,0.8097284528633641,-1.241359324902681
15,11,2,72,1,neutral,0.5994577659787638,0.40645242556184025,2.0606916365680985,-0.7745884349016335,0.7745884349016335,0.7384601869209917,-0.9236222757115908
15,11,2,73,1,neutral,0.9628160103377984,1.2025348482722424,1.3770032645141108,-1.3780225494293596,1.3780225494293596,0.03674575982151396,0.03262521084628789
15,11,2,74,1,neutral,1.140366894153368,2.0354549254118885,0.9950432227285383,-0.927146442314856,0.927146442314856,-1.014602739012968,0.9677498669709355
15,11,2,75,1,neutral,1.0396552805230483,1.3307415122131228,1.7916864913476813,-0.7280411127704004,0.7280411127704004,-0.14428055066607937,-0.08492937372224207
15,11,2,76,1,neutral,1.151952839231177,1.5236886847350273,1.6539120267306544,-1.2500699206448234,1.2500699206448234,-0.171710422532809,0.12075625175411142
15,11,2,77,1,neutral,0.5597629577072377,0.7933471807500939,0.7709398033713096,-0.817450055037385,0.817450055037385,-0.07729624204478314,0.12799580021082024
15,11,2,78,1,neutral,0.9069168840541328,0.6214434207952575,1.6701218154207993,-1.306793296609519,1.306793296609519,0.6731672445662262,-0.6670759289422086
15,11,2,79,1,neutral,1.244529282938545,1.1996293945129413,1.9329529664782434,-1.3829837099845879,1.3829837099845879,0.32052592528751767,-0.389111730195453
15,11,2,80,1,neutral,0.6952499139535859,0.8579641060206395,0.7085967966720831,-0.22263068917080167,0.22263068917080167,-0.3158049727551493,0.156040750707805
15,11,2,81,1,neutral,1.0026707721491102,1.2518254087209932,1.5733250914939485,-0.42612866005717537,0.42612866005717537,-0.25111723415424847,-0.03617252310053609
15,11,2,82,1,neutral,1.0935249591311123,0.8916450742130251,1.6893922122526903,-1.3303194640569596,1.3303194640569596,0.4794338042672288,-0.4998135114788762
15,11,2,83,1,neutral,1.1794572459029558,1.1276011249484406,2.626449188977763,-1.1679564631084822,1.1679564631084822,0.530353174381293,-0.7753520924919186
15,11,2,84,1,neutral,0.035557772745478555,-0.3315933420001884,0.3214242477381311,-0.5441279703309493,0.5441279703309493,0.6319633389383748,-0.5100843522419932
15,11,2,85,1,neutral,0.2260558331075531,-0.09644874239353901,0.7949045064588336,0.5596805501941201,-0.5596805501941201,0.25020867218429454,-0.6069289121767323
15,11,2,86,1,neutral,1.0200970492705848,1.036345707829219,2.740435253317498,-0.690044902175868,0.690044902175868,0.4471800270920978,-0.8439204434648222
15,11,2,87,1,neutral,1.3793286609926616,1.558576453397749,2.87063506611223,-1.1371887257339455,1.1371887257339455,0.23714103088186334,-0.5664054101546965
15,11,2,88,1,neutral,0.64328017271934,0.680801533895133,1.5784603961132777,-1.1521192235031883,1.1521192235031883,0.443818396883469,-0.430068750521176
15,11,2,89,1,neutral,1.1667766621415208,1.5934954998845217,2.6873337657226375,-1.0094781350855204,1.0094781350855204,0.02770068776537138,-0.33355971404755747
15,11,2,90,1,neutral,1.2443452102717545,1.5030138285866292,2.6183903676242726,-1.2885442348856795,1.2885442348856795,0.21407944234060627,-0.4283539603613842
15,11,2,91,1,neutral,1.6059915971814107,2.4695417916656117,1.522059924016484,-1.3828157109857377,1.3828157109857377,-0.9659193809377342,0.9055160310666643
15,11,2,92,1,neutral,0.676878375137908,2.451893992350568,-0.47340205392382817,-0.5611705242939388,0.5611705242939388,-2.1970117105145617,2.3501558317435283
15,12,2,0,0,negative,0.13945071582179452,-0.4265187755142329,-0.08767892233564206,1.7327398764614603,-1.7327398764614603,-0.13380391881086973,-0.4524046722573091
15,12,2,1,0,negative,0.39554078485562244,0.4517664653227749,2.585950704557625,-0.32521192834115675,0.32521192834115675,0.6504680072620266,-1.0389792793838488
15,12,2,2,0,negative,0.8238632327171269,1.248535972694183,2.8073306785060206,-0.9474335916612052,0.9474335916612052,0.2776731949339346,-0.5670609829173907
15,12,2,3,0,negative,0.01321840294527779,0.5194602485085353,0.4262026794758891,0.08108936872460738,-0.08108936872460738,-0.4000163439430155,0.2997497072979519
15,12,2,4,0,negative,-0.23855298023005053,-0.10516675808110793,0.40716012188147305,-0.06718901265402347,0.06718901265402347,0.18376547618292327,-0.1894703289068192
15,12,2,5,0,negative,-0.20152543190377398,0.29518590212390494,-0.04488038898786403,-0.2860192458421704,0.2860192458421704,-0.28198142714039415,0.41838881256972393
15,12,2,6,0,negative,0.11016220106820901,0.6299943837106468,0.1568436978779437,0.2157041426257199,-0.2157041426257199,-0.6128937982705025,0.4964914342375704
15,12,2,7,0,negative,0.7612265591801071,0.8675064122765686,1.4574842853468608,-0.32323684278377296,0.32323684278377296,-0.020190516506321532,-0.2418490099869155
15,12,2,8,0,negative,-0.1877887791630458,0.5126058295282537,-0.7588964960294184,1.0098489341976895,-1.0098489341976895,-1.1647838993249717,0.9859484671244858
15,12,2,9,0,negative,-0.07981564825293777,0.3770042823289672,-0.5425856996098198,0.7086138954311659,-0.7086138954311659,-0.8206760300936085,0.6882049562603461
15,12,2,10,0,negative,0.16345306578895097,0.21935512580095,-0.7373104915664729,0.3135684695770349,-0.3135684695770349,-0.5151637575858024,0.506283838689711
15,12,2,11,0,negative,0.6296448595852759,0.7395680238896905,1.7210711428923304,-1.1243154331809633,1.1243154331809633,0.4187757879964995,-0.43578997734911273
15,12,2,12,0,negative,0.8188113536318953,1.037486890020787,3.416015043413202,-1.7776843241592273,1.7776843241592273,0.9666833503806547,-1.0799263085017616
15,12,2,13,0,negative,-0.2219281161280743,0.4062272053170356,-0.35447496334823686,0.8522950320570174,-0.8522950320570174,-0.8824599091614784,0.6944287450551911
15,12,2,14,0,negative,-0.43102661593807373,0.23795656238672053,-0.6569097010392931,1.4908037700480745,-1.4908037700480745,-1.0975365913952009,0.7819247208754039
15,12,2,15,0,negative,-0.04457128361631292,0.09031009560054579,0.4713207545767546,0.05271954885512312,-0.05271954885512312,0.03436654510122707,-0.12306463987967506
15,12,2,16,0,negative,-0.07418862136515031,0.08746729942940552,0.6003132631148929,0.22755153654213678,-0.22755153654213678,0.01205706897312972,-0.17559502144546574
15,12,2,17,0,negative,-0.10964854360488303,0.2932633213712079,0.41443972785295136,0.25148237652598054,-0.25148237652598054,-0.27549371879717865,0.14086772924717375
15,12,2,18,0,negative,-0.45734264712667533,-0.24100405463612312,-0.683039176982598,0.2606420948444832,-0.2606420948444832,-0.2260039183484624,0.32918685741851356
15,12,2,19,0,negative,-0.07943478002486093,-0.09200765471355413,0.4732462299934533,-0.16671462239940796,0.16671462239940796,0.2788496788362209,-0.2889133796978503
15,12,2,20,0,negative,0.7504289687196771,-0.2839833997080872,2.2248186329199013,0.5168335490198229,-0.5168335490198229,1.103454750581339,-1.7716072005278765
15,12,2,21,0,negative,1.0366064907237926,-0.20211839523852376,1.5539370269894757,1.0946216789166587,-1.0946216789166587,0.7007590081707269,-1.4973901540951577
15,12,2,22,0,negative,2.0087038570799054,0.4881866486472297,4.111581911973338,-0.0776322821763726,0.0776322821763726,1.5777860350959754,-2.5719562358793917
15,12,2,23,0,negative,2.0961107214393935,1.108885204788026,4.115532130627839,-0.2724666146234586,0.2724666146234586,1.0524846174422042,-1.9969362212455901
15,12,2,24,0,negative,2.8838209719147456,1.249181416321331,5.339460208649491,0.6264320573249368,-0.6264320573249368,1.2831016247584357,-2.8624591739607874
15,12,2,25,0,negative,4.802117080542097,1.9752636895499114,9.768078667042804,1.053315658258675,-1.053315658258675,2.5303630068921636,-5.309834184242539
15,12,2,26,0,negative,3.8011800279904104,1.93470680950878,5.31932925592248,0.46161777903335927,-0.46161777903335927,0.9515903587843975,-2.6255478324476655
15,12,2,27,0,negative,1.005749374539327,0.7255484537438411,-0.25787845236948487,0.6840392673033427,-0.6840392673033427,-0.704271235455008,0.3516129926589201
15,12,2,28,0,negative,-0.21769042861631294,-0.5117275104764778,-0.04056770330588618,0.32994632813560343,-0.32994632813560343,0.31565935712387694,-0.3825984445153783
15,12,2,29,0,negative,1.6719521257855956,1.779196823951175,3.867174306009815,-1.1914245665800385,1.1914245665800385,0.4643201755073081,-0.9903663919465302
15,12,2,30,0,negative,3.313480398889688,1.6804892379688183,7.323399113224837,0.5372968934979339,-0.5372968934979339,1.686038301570045,-3.637950518088444
15,12,2,31,0,negative,1.0485274184717788,1.0724087275386593,2.205229976953773,0.41385290305164096,-0.41385290305164096,-0.12577389674735562,-0.5544699701741167
15,12,2,32,0,negative,-0.4010675067538573,-0.5944747011065129,0.6865261816202944,0.47255189559577065,-0.47255189559577065,0.5321102941967351,-0.7372040385397315
15,12,2,33,0,negative,-0.5649733480821139,0.4791733425667447,0.027299621250313752,0.12687530419488724,-0.12687530419488724,-0.7006896862423072,0.7480102059826448
15,12,2,34,0,negative,-0.203744440612218,0.36599727601686605,0.91129738556398,-0.5346211131260478,0.5346211131260478,0.0480607433424039,0.012220803540985037
15,12,2,35,0,negative,-0.2919409849548606,0.3048244917966488,0.07433472484219807,0.08735957754821544,-0.08735957754821544,-0.40647977101694144,0.4136276218529801
15,12,2,36,0,negative,-0.5440612718179124,0.5222732118721247,-0.3989598887032198,-0.40967114053934567,0.40967114053934567,-0.7000565518660536,0.9937837921326909
15,12,2,37,0,negative,0.29674683916328404,1.3358607520021468,0.49034748641487214,-0.8470145677927979,0.8470145677927979,-0.7911577875451622,0.9423135892130687
15,12,2,38,0,negative,0.46211724977927593,1.1936434970922312,0.8306571058773086,-0.6553182676795591,0.6553182676795591,-0.5442792893135167,0.5472563192639389
15,12,2,39,0,negative,-0.4110094337295137,-0.07060525532667156,0.43314423108467415,0.25167751409839906,-0.25167751409839906,-0.0059089835877413205,-0.08167265400425178
15,12,2,40,0,negative,-0.6466465777394911,-0.5020572232551774,-0.34229389968734036,0.3943608671418278,-0.3943608671418278,0.04095677506562434,-0.00758698454176171
15,12,2,41,0,negative,-0.3800299568078681,0.07512032736145013,0.6024095187353727,-0.37203122088909274,0.37203122088909274,0.12301660024408234,-0.03606945360230218
15,12,2,42,0,negative,-0.30226784735589574,0.4602778706232281,0.2182608637739033,-0.07414296044033734,0.07414296044033734,-0.46356587833711316,0.5022813624142244
15,12,2,43,0,negative,-0.5728287732213464,-0.43485659573220947,0.34047645737444987,0.3384434165825221,-0.3384434165825221,0.24459135158906994,-0.3186804378087612
15,12,2,44,0,negative,-0.06067806811107013,0.4770623047616838,1.4277792190565588,-0.3913911852174894,0.3913911852174894,0.10910180729264224,-0.20648827071106052
15,12,2,45,0,negative,2.090865171924303,2.1024170368813917,5.044589870095889,-1.9632530388004625,1.9632530388004625,0.9304856567254935,-1.4653104841287043
15,12,2,46,0,negative,1.6098427885651039,2.4366486589480907,2.980440458011668,-1.62956288292518,1.62956288292518,-0.36336661578077356,0.1415070356597048
15,12,2,47,0,negative,1.2073107153510605,1.2163339100876724,4.722778576245106,-1.5658064588461755,1.5658064588461755,1.2822980067264416,-1.7487107357104108
15,12,2,48,0,negative,1.8825257052779105,1.8153678125220702,3.338018052632407,-1.6110858565893855,1.6110858565893855,0.4618420589778305,-0.7949040664330882
15,12,2,49,0,negative,1.7219308442439254,1.5628928421967738,3.3537776090904923,-1.8011669153663101,1.8011669153663101,0.7293989473701354,-0.974961384470435
15,12,2,50,0,negative,0.6153202639379077,0.7619601515443947,2.3560674206458967,-1.1233719918424718,1.1233719918424718,0.6029597405976975,-0.7237336907475075
15,12,2,51,0,negative,-0.16166043166556288,0.3894261056393988,-0.9372827721981372,-0.16265927716059136,0.16265927716059136,-0.7015207478737683,0.9388977075712488
15,12,2,52,0,negative,-0.3667830491390197,0.3255822645108938,-1.0344268374568222,0.3180492538910448,-0.3180492538910448,-0.8986686446731893,1.0261872078088148
15,12,2,53,0,negative,-0.1636064499974057,-0.0492035390360307,-0.4705129660511996,-0.520221311391296,0.520221311391296,0.011237504150260959,0.2678561689882719
15,12,2,54,0,negative,0.4139662670708002,0.05567375747878986,-0.9020693829579549,0.7308255999697119,-0.7308255999697119,-0.4619833294310788,0.29972531542236724
15,12,2,55,0,negative,0.2295737736964162,-0.03252172762937383,-0.8279021784176509,0.17388548743352475,-0.17388548743352475,-0.22488290308887932,0.26664247473124353
15,12,2,56,0,negative,0.012115919495252356,-0.08973181541763603,0.060199707868543145,-0.4759306402664883,0.4759306402664883,0.2724805712943973,-0.12588962909953377
15,12,2,57,0,negative,1.0223437958899728,0.5928011852446997,0.41748105478009917,-0.9459118856629852,0.9459118856629852,0.20244439353298604,-0.12711124009033625
15,12,2,58,0,negative,0.7645524194189091,-0.1275320897859688,-0.2835567590467091,0.23869180937876056,-0.23869180937876056,0.20830004011711528,-0.3680299199720688
15,12,2,59,0,negative,0.003865903870814591,-0.37629731837841046,1.1686555042151054,-0.988621497024842,0.988621497024842,1.0966782867486646,-0.9625580224213706
15,12,2,60,0,negative,0.3821703597796069,-0.4517070773845794,1.1893563904270357,-0.7347118245305074,0.7347118245305074,1.2204532689636294,-1.2374704524879006
15,12,2,61,0,negative,-0.00963448785819299,-0.0614552180628242,-0.42667442150819274,0.5184845456161407,-0.5184845456161407,-0.2568092669313512,0.15669923662036866
15,12,2,62,0,negative,-0.28147646114662483,-0.21403098553197203,-0.6306266036986622,0.03378963628916609,-0.03378963628916609,-0.10126658151284568,0.24202054689067148
15,12,2,63,0,negative,-0.2739362538093094,-0.28427162781930176,0.3302081625895499,0.2546107206768511,-0.2546107206768511,0.21815869052043158,-0.312407582209422
15,12,2,64,0,negative,-0.2852326357089292,-0.7073373863053924,0.6348369451777452,-0.06054709380347815,0.06054709380347815,0.8440545207294905,-0.8821395410398005
15,12,2,65,0,negative,-0.2557648290156513,-0.051796838919093535,2.176688342937602,-1.0090953905601987,1.0090953905601987,1.02846980707981,-1.0122585958800687
15,12,2,66,0,negative,-0.17072986889312966,0.09545152050015612,2.4380223837252246,-1.3333633250867551,1.3333633250867551,1.1047670928061273,-1.0381947369158915
15,12,2,67,0,negative,-0.380864961676574,0.036955189667895294,0.35866017215049323,-0.24617584840589612,0.24617584840589612,0.03770182995870981,0.04805758443093569
15,12,2,68,0,negative,0.42618662270459584,1.0761495033998774,2.429057875988408,-0.812771561604487,0.812771561604487,0.1465225166992863,-0.3514727459466245
15,12,2,69,0,negative,0.6279141340639478,1.8393535831176617,1.3079082938133104,-1.3406601558512017,1.3406601558512017,-0.7471927218748418,0.8714423691790326
15,12,2,70,0,negative,-0.4094996436875066,-0.5881592105089837,-0.5592673483081186,-0.10634844896415889,0.10634844896415889,0.3006863628318282,-0.10377571451117107
15,12,2,71,0,negative,-0.34289929911377803,-0.8396027117942886,-0.5968937746520822,0.4201836776238914,-0.4201836776238914,0.3862771279977047,-0.3697061749113585
15,12,2,72,0,negative,-0.435390796694782,0.18956799042735245,-0.2871951942277364,0.4855789515880294,-0.4855789515880294,-0.5922896379308683,0.5508609858886115
15,12,2,73,0,negative,-0.23033193076163516,-0.5695820315121345,0.14860172686622788,-0.025735796625687313,0.025735796625687313,0.5509172290888945,-0.5287169295644308
15,12,2,74,0,negative,0.4151259562424504,-0.4231897172112026,0.08072710540901311,-0.4349867397097283,0.4349867397097283,0.7334696509982666,-0.6711162480369344
15,12,2,75,0,negative,0.9356896383828721,0.24905036139954506,2.015962772011424,-1.1963956575473131,1.1963956575473131,1.133632327914325,-1.2267758437976033
15,12,2,76,0,negative,0.84620936143039,0.8542657583669818,2.534621557568474,-1.680355459688587,1.680355459688587,0.8327963678621687,-0.8361497011324502
15,12,2,77,0,negative,1.3762901079274905,1.431765885507518,4.218766239046683,-2.0815457087072575,2.0815457087072575,1.1271014663862924,-1.3657622879795688
15,12,2,78,0,negative,0.0807015949468969,0.30665981372943196,1.7816948335480143,-1.47223577584617,1.47223577584617,0.8048842543842617,-0.6245384005180237
15,12,2,79,0,negative,-0.4551830664446973,0.07652729749690165,-0.44779859485843376,-0.6349282077568056,0.6349282077568056,-0.16587844867901014,0.5280181281484672
15,12,2,80,0,negative,-0.2868529626999189,-0.40980824665407894,-0.25346926361960465,-0.2883902535804371,0.2883902535804371,0.32583092240771677,-0.13964713349431718
15,12,2,81,0,negative,-0.04784408692918571,-0.4661202135918012,-0.22539712369942067,-0.7411289667008365,0.7411289667008365,0.6220827989492113,-0.329499608277498
15,12,2,82,0,negative,-0.45272595078636485,0.08474768783481239,-0.6357258188850516,-0.3326757023820422,0.3326757023820422,-0.33667304359793715,0.6289735726705206
15,12,2,83,0,negative,-0.45561537343439373,0.8063347772316997,-0.6177966354133405,-0.11411946827324589,0.11411946827324589,-1.1260989574231959,1.3430407816555667
15,12,2,84,0,negative,-0.379808651374086,-0.49388126744452576,-0.3856549122835584,0.17686110782182776,-0.17686110782182776,0.1797730436180351,-0.11114948561570359
15,12,2,85,0,negative,-0.08445155113064506,-0.3203907701139215,-0.21608896509326408,-0.31017240588040135,0.31017240588040135,0.3236013999994189,-0.1701205120019669
15,12,2,86,0,negative,0.49340202539379413,-0.09336999782015196,-0.03159439855446019,-0.04106159881774052,0.04106159881774052,0.2609930730391768,-0.3242738112398189
15,12,2,87,0,negative,0.44606913675316184,-0.531733174619966,-0.9071210091297769,0.592020449882246,-0.592020449882246,0.18070906720034569,-0.30120723843165853
15,12,2,88,0,negative,0.4353886277450783,0.5109579950367331,-1.1126375525728216,0.2656102175290313,-0.2656102175290313,-0.8252443758223247,0.8495824574506048
15,12,2,89,0,negative,0.663086201043828,-0.03852193891757552,-0.4105788369512983,0.5693210740760539,-0.5693210740760539,-0.06708263107693256,-0.16477562096384035
15,12,2,90,0,negative,-0.08341349645422551,0.11705751267539508,-0.528064806691323,0.4864580546633806,-0.4864580546633806,-0.48303629861170483,0.4227966642481693
15,12,2,91,0,negative,0.0604999541966757,-0.038565192928901454,-0.8184611102479139,0.16541998529648302,-0.16541998529648302,-0.2692285208536723,0.34041538509671765
15,13,2,0,1,neutral,1.2996637948324496,-0.3543125346693297,-0.4828381074449644,1.526747675514715,-1.526747675514715,0.11767187196025317,-0.7627253783630723
15,13,2,1,1,neutral,0.5154678181238485,-0.43949156842967985,-0.5451433647285762,1.6052815046932487,-1.6052815046932487,-0.10549411533631237,-0.424653795127316
15,13,2,2,1,neutral,-0.09254509810982042,-0.2463690504631183,-0.7599651981303888,0.7374474028241749,-0.7374474028241749,-0.28361684922500974,0.17988609765698627
15,13,2,3,1,neutral,-0.48954972634158433,-0.16799991982253398,-0.5750777368864194,0.8942413033887343,-0.8942413033887343,-0.4849563357163787,0.3643138117914679
15,13,2,4,1,neutral,-0.5793000156265598,0.4125951328664356,-0.7153119126268799,0.4492660832673893,-0.4492660832673893,-0.9938878033733787,1.0599010969931555
15,13,2,5,1,neutral,0.1696847677846924,0.6933435241817096,0.7850554436324462,-0.20421712893341915,0.20421712893341915,-0.3070244107315237,0.21597341847314033
15,13,2,6,1,neutral,0.7849431774461886,1.283529748849765,1.999346744790043,-0.7394424728050026,0.7394424728050026,-0.10895228383602018,-0.1086152122683508
15,13,2,7,1,neutral,0.3958065903826601,1.3971402259402739,0.9948710873468104,-0.3335013254608315,0.3335013254608315,-0.8224138915435065,0.7018013870755386
15,13,2,8,1,neutral,-0.503010231732552,1.8753471639993327,-0.664477023399884,0.04712467278621472,-0.04712467278621472,-2.2802178066388827,2.4590907915655507
15,13,2,9,1,neutral,0.6110889371764365,5.916058860088753,-0.6185572388148916,-0.7492742060223311,0.7492742060223311,-5.668790225294128,5.919793010907981
15,13,2,10,1,neutral,0.16901947533684142,2.3103031272396364,-0.5098471894679106,0.2432087625897802,-0.2432087625897802,-2.504981952813253,2.480716984305171
15,13,2,11,1,neutral,-0.2602500198029883,0.635930658572819,0.11201892022105985,0.0042215271195218396,-0.0042215271195218396,-0.6867482008066358,0.7100462083637833
15,13,2,12,1,neutral,0.8630451386742457,2.7395285794753548,0.9554990230528894,-1.2305746808542206,1.2305746808542206,-1.7231556319482362,1.8302564986117873
15,13,2,13,1,neutral,0.514099486874521,2.3111924965156327,0.0566546835091364,-1.0558209631369322,1.0558209631369322,-1.769000785342103,2.025815411323804
15,13,2,14,1,neutral,0.0985583210923271,0.4934264182963269,1.005010225479635,-0.5426973270227805,0.5426973270227805,0.05532887290192062,-0.05835785498965412
15,13,2,15,1,neutral,0.7135411872879429,0.9888325842767223,2.0633287297375476,-1.1550658268036764,1.1550658268036764,0.32181266366633343,-0.3996023742360231
15,13,2,16,1,neutral,0.4113981206163117,1.2421978884874159,0.7030845137902834,-0.9650786844015252,0.9650786844015252,-0.5490107822180424,0.6849565712841184
15,13,2,17,1,neutral,0.28590403103829765,1.0708015434425278,0.9222307299095871,-0.3909725604705396,0.3909725604705396,-0.5377657696363863,0.4667341629685854
15,13,2,18,1,neutral,0.6646051940088777,0.7485586704957428,2.5437849656582605,-0.769318842610058,0.769318842610058,0.5773443302633225,-0.8556364093378264
15,13,2,19,1,neutral,0.2584289004291842,0.67148433154122,1.3684305269182853,-0.6069534552363626,0.6069534552363626,0.07311996265339071,-0.14194538213251473
15,13,2,20,1,neutral,0.30847035295354674,0.5665499583862859,1.087682644367771,0.762894732472892,-0.762894732472892,-0.35546387010347724,-0.13152654027437305
15,13,2,21,1,neutral,1.0362214400075325,1.2134182152912707,1.702671310832372,-0.4283552838930771,0.4283552838930771,-0.15766887038027688,-0.1560281601286817
15,13,2,22,1,neutral,0.7508165704621175,0.9886107138997721,1.613887591555375,-0.2187415785048906,0.2187415785048906,-0.1274621337256443,-0.19374136710897416
15,13,2,23,1,neutral,0.4444613324214447,0.8506143099587227,0.8589880911745049,-0.21640155069893727,0.21640155069893727,-0.3439973185270938,0.19888959816074792
15,13,2,24,1,neutral,1.1494199662262612,1.3195160450364414,1.1516734189073305,-0.42700929609767496,0.42700929609767496,-0.41014848462601927,0.16896935246964562
15,13,2,25,1,neutral,1.499836025637513,1.975238570914403,1.5303728170026032,-0.4990518784762308,0.4990518784762308,-0.7988183305422873,0.46013414959434495
15,13,2,26,1,neutral,0.4559653556740141,1.383637766100862,0.6230320342747548,0.3763140244570255,-0.3763140244570255,-1.1494099776036142,0.8441390711264776
15,13,2,27,1,neutral,1.5870148055121849,1.6343648459242028,3.504051864873436,-0.8113978952754842,0.8113978952754842,0.33312334262949883,-0.9111684892686074
15,13,2,28,1,neutral,2.2909837830638757,1.9996808496609035,4.015086341464274,-1.1318935301612532,1.1318935301612532,0.47964036856889747,-1.1533542126031713
15,13,2,29,1,neutral,2.1399384841893028,2.1657468294032727,3.265771944395574,-0.8955316712910747,0.8955316712910747,-0.06533279611128906,-0.5371083848891658
15,13,2,30,1,neutral,1.4249437138616294,2.401824984281578,2.2827257289987424,-0.9094307454517678,0.9094307454517678,-0.8627915881775314,0.5479902628513922
15,13,2,31,1,neutral,0.10403810062467517,1.1641696625509628,0.4988527087070143,-0.7268215544709437,0.7268215544709437,-0.7209322079500851,0.862724257885118
15,13,2,32,1,neutral,0.7828910893892702,1.092571657440716,3.2791729409205344,-0.7751160711047929,0.7751160711047929,0.5198217096974831,-0.9384603577141863
15,13,2,33,1,neutral,1.6322266344255643,2.7643914399921163,2.9086721769867765,-1.1324224035612984,1.1324224035612984,-0.8732843683342368,0.4939420342859462
15,13,2,34,1,neutral,2.2880066920618187,2.5343663128422476,5.1652476810145105,-1.1555915068381295,1.1555915068381295,0.335248980462572,-1.192260873695917
15,13,2,35,1,neutral,1.2134825973441357,1.197041680657039,3.443923194565071,-0.89726695828583,0.89726695828583,0.6545159027413066,-1.1316612152975642
15,13,2,36,1,neutral,1.1903641058029513,0.6868461648363912,4.392323682493501,-1.0566668252269797,1.0566668252269797,1.5262720396714196,-2.1044977293118348
15,13,2,37,1,neutral,0.19204590286047737,0.11147907287068262,1.2757144661711879,-0.22641611445189724,0.22641611445189724,0.4532464216238382,-0.62240111164515
15,13,2,38,1,neutral,0.5658344028807785,0.8139578400852359,2.5898130197829015,-0.6507802123099864,0.6507802123099864,0.454851371572653,-0.7638658712466042
15,13,2,39,1,neutral,1.3040034725200618,1.7094551772147484,3.119017668505251,-0.7869562242817363,0.7869562242817363,0.027203944554268,-0.5020553932979079
15,13,2,40,1,neutral,1.1627822775012104,1.9375421744864703,1.4621871588221642,-0.5776018689918189,0.5776018689918189,-0.8700184060480722,0.6250574563247828
15,13,2,41,1,neutral,0.1565305601443729,0.4928082803090556,0.24842948651633903,0.04948296517777112,-0.04948296517777112,-0.374315919814742,0.29032825697869963
15,13,2,42,1,neutral,0.8291861180076869,0.9908390209640445,2.2716464671770575,-0.5445792583855841,0.5445792583855841,0.22429826022606503,-0.5595772716283278
15,13,2,43,1,neutral,0.775761584266156,1.410371556284157,1.9752802899320496,-0.8765099629442084,0.8765099629442084,-0.201187610570019,0.034850619185054166
15,13,2,44,1,neutral,0.9894653958781736,2.1634926137533164,1.888194760927853,-0.9526044920585991,0.9526044920585991,-0.8867377307984412,0.7246625353503031
15,13,2,45,1,neutral,1.7061523210668832,2.3321789253759464,2.9633081838694464,-1.521842943574366,1.521842943574366,-0.26841110920571465,-0.0025513270922186138
15,13,2,46,1,neutral,1.3393874048180774,1.6619640722688391,3.5036023132762004,-1.3214829355144049,1.3214829355144049,0.3928601456007219,-0.7595307867782997
15,13,2,47,1,neutral,0.2024896652506523,0.9393863014899593,1.5189964548827655,-0.6692199325875019,0.6692199325875019,-0.1424842839163193,0.07864324142325041
15,13,2,48,1,neutral,1.107459635797828,1.3501322090212238,2.846253564631783,-1.2315550897631957,1.2315550897631957,0.3782905543763786,-0.6267243911935818
15,13,2,49,1,neutral,0.7563987073521417,0.9748802589855086,0.9332421083829863,-0.49639089806952114,0.49639089806952114,-0.24620302105062553,0.1300598511179446
15,13,2,50,1,neutral,0.27134502817094486,0.5358262357984412,0.7898542808158122,-0.05201457180050373,0.05201457180050373,-0.1647549422026876,0.005226581305062705
15,13,2,51,1,neutral,0.5315594015526822,1.4829947253310185,1.6165048066431464,-0.8814442757139656,0.8814442757139656,-0.4731585640277538,0.4089626212331041
15,13,2,52,1,neutral,0.7826986910095646,1.0259163624764056,2.5403763873110274,-0.7965160614243326,0.7965160614243326,0.34728068410523605,-0.6356211766838904
15,13,2,53,1,neutral,2.1579657458441956,1.801045273775748,5.28016333944871,-1.4807744499525402,1.4807744499525402,1.1719225713060668,-1.9180192688707045
15,13,2,54,1,neutral,1.1328863079459388,1.260796245179126,2.723722146384674,-1.2409043987669106,1.2409043987669106,0.4383747058533818,-0.6675079819861804
15,13,2,55,1,neutral,0.6036780284895065,1.18258703007631,1.8914474536047479,-0.7154316488666641,0.7154316488666641,-0.11240131975600387,-0.06497571097081711
15,13,2,56,1,neutral,1.1917087845809546,1.6417350553231511,2.9612045041048334,-0.8908182090677731,0.8908182090677731,0.039508777261369366,-0.4347215890197429
15,13,2,57,1,neutral,0.5939287806058292,1.0848225006865377,2.145180520491802,-0.5025565700095681,0.5025565700095681,-0.004267210317471237,-0.2847321498622779
15,13,2,58,1,neutral,0.5052913474154694,1.0990310800684164,1.4158706829918635,-0.7051221270079432,0.7051221270079432,-0.22360302759665773,0.13845006486474998
15,13,2,59,1,neutral,0.3693093822834644,1.0931218555766926,0.7407488547238494,-0.6768094966902175,0.6768094966902175,-0.49749927767751556,0.5380927370730357
15,13,2,60,1,neutral,0.5974734036362178,1.0116345568921865,1.7273601415618223,-0.7807940141369758,0.7807940141369758,0.02357462955281875,-0.15078221570683348
15,13,2,61,1,neutral,0.6738124007982016,0.7820178415486806,1.5475867049337915,-0.576029601217075,0.576029601217075,0.1504583941010087,-0.32868171131731583
15,13,2,62,1,neutral,1.0044533095744637,1.1596102749320845,3.001388320913958,-0.6103541436790069,0.6103541436790069,0.37912164979039154,-0.8433105403121264
15,13,2,63,1,neutral,0.17422617114959588,0.8489079161063657,1.2996878758071555,-0.4205094840419748,0.4205094840419748,-0.21743340577345704,0.11195089262799007
15,13,2,64,1,neutral,-0.30357629589668206,-0.019046499662634178,0.299184164637804,-0.7374275951498888,0.7374275951498888,0.26339165429297107,-0.016850434033195152
15,13,2,65,1,neutral,-0.0772239220515397,0.6049802743500257,0.945777160049904,0.06493294912723431,-0.06493294912723431,-0.3371068447263157,0.17070365535084353
15,13,2,66,1,neutral,0.38171548141755274,0.5429429858659753,1.0200524149361583,-0.13548819835058373,0.13548819835058373,-0.0305242876312104,-0.15794096231088017
15,13,2,67,1,neutral,0.0030296395068729054,0.09906440633040482,-0.13885239041384925,0.19484566461889274,-0.19484566461889274,-0.20928721150569451,0.166975781783893
15,13,2,68,1,neutral,0.3675495356227784,0.5809014646363149,0.9557556954278845,-0.36895399559950043,0.36895399559950043,-0.016815055752927077,-0.08075115088901663
15,13,2,69,1,neutral,0.3448719610710944,0.0243542093602327,1.3750983416483156,-0.26861736688386145,0.26861736688386145,0.6385083471741911,-0.8356309419994723
15,13,2,70,1,neutral,0.09103684923390089,-0.04549695252007885,-0.007584368220788269,0.11687278533422511,-0.11687278533422511,0.03435685107970802,-0.08722319302663516
15,13,2,71,1,neutral,1.160696419268095,1.7907443753522156,1.3910116282666374,-0.824582292424488,0.824582292424488,-0.6653142620324755,0.5148903515848495
15,13,2,72,1,neutral,1.728163218898205,1.8822822664745695,2.5270115194502765,-1.3953727434737653,1.3953727434737653,0.0012335607995126452,-0.2453051026996711
15,13,2,73,1,neutral,2.0278078927462233,1.8159698371342687,3.6316781640258378,-1.1880344963965073,1.1880344963965073,0.4665370139219205,-1.0137731912517618
15,13,2,74,1,neutral,0.9317408177997387,0.8762843558124289,2.205496543811951,-0.5333263665772615,0.5333263665772615,0.34723688691722154,-0.692334324993416
15,13,2,75,1,neutral,1.0231798661783715,1.190408338284024,3.7857952228882956,-0.9181722451278449,0.9181722451278449,0.7186407731141469,-1.2140792062493095
15,13,2,76,1,neutral,0.8231013322963134,1.3172766428611795,2.62728265534794,-0.3847959333797945,0.3847959333797945,-0.0388833358531635,-0.4079153509609472
15,13,2,77,1,neutral,0.8610867643144233,0.9879687278694584,2.2941987556462786,-1.1669842367924008,1.1669842367924008,0.45278785771490937,-0.5896740321108926
15,13,2,78,1,neutral,0.9337354420872899,1.3761678697013844,2.1345000679730606,-0.8660450012667348,0.8660450012667348,-0.06474103259235586,-0.15794988532879084
15,13,2,79,1,neutral,0.35606759870414073,0.9142373216077422,0.9757827916743287,-0.7435921187942044,0.7435921187942044,-0.2224231518835177,0.24831212641850753
15,13,2,80,1,neutral,0.5241019371940459,1.4943541036188643,0.8543597797892769,-1.0362889612156332,1.0362889612156332,-0.6894372108858791,0.805123245127203
15,13,2,81,1,neutral,0.9394312177242112,0.9740549500824183,1.0616415127019525,-1.4688202508784804,1.4688202508784804,0.1825760436857966,-0.0264814151306636
15,13,2,82,1,neutral,0.6162798161184156,0.27396188384509995,1.2863161702190786,-0.7259936854765757,0.7259936854765757,0.6022346734262567,-0.6773361093236472
15,13,2,83,1,neutral,0.5399250235189065,0.08190856842107169,2.9450962592405108,-0.33406824352816483,0.33406824352816483,1.1911212736747891,-1.660602072958637
15,13,2,84,1,neutral,1.6814855952581398,1.6752229383031065,3.0229260418914023,-0.42241672782900735,0.42241672782900735,0.03371985002307665,-0.6769828802716646
15,13,2,85,1,neutral,1.2238063392547538,1.2338602901939923,1.454972849413927,0.05485461499372598,-0.05485461499372598,-0.3592187656356741,-0.105529304140348
15,13,2,86,1,neutral,1.075652405901734,0.6440230188797957,1.0994349350038015,-0.17941498955348822,0.17941498955348822,0.14081109127321223,-0.44352065157297194
15,13,2,87,1,neutral,1.8353724001104441,0.758606075685865,2.7959992367330697,-0.7535145246586089,0.7535145246586089,1.036355978148176,-1.5570797427358918
15,13,2,88,1,neutral,2.3936369936403348,1.7096985667140745,2.8635939343484766,-0.6388434389749639,0.6388434389749639,0.2556595556071837,-0.918916897280331
15,13,2,89,1,neutral,1.6501076376242576,1.2460611538017563,2.016164956480384,-0.9945728315387211,0.9945728315387211,0.3075539880793645,-0.5870751432505645
15,13,2,90,1,neutral,1.4310602616187866,0.8860668299464445,2.035928413088479,-0.9094196952007607,0.9094196952007607,0.5727359600228976,-0.8474275074071884
15,13,2,91,1,neutral,1.135272982443473,0.3013069585635675,1.419159472856205,-0.552194076340272,0.552194076340272,0.7342352186497492,-0.9759092690862716
15,13,2,92,1,neutral,0.5033850328632435,-0.515547069995538,0.1723204702192674,1.1940150066571809,-1.1940150066571809,0.3427772354706481,-0.8533998215367935
15,14,2,0,2,positive,0.13120438694369774,-0.5715688845361007,-0.33333409139642395,1.3657866239451006,-1.3657866239451006,0.04893010840349177,-0.4705040323097376
15,14,2,1,2,positive,0.9986940077364346,-0.019994839035471054,0.22138671669568483,0.8928295753483071,-0.8928295753483071,0.12907855539674185,-0.6300352012515308
15,14,2,2,2,positive,0.9940725867059845,0.3176966766991148,1.80102308443197,-0.2310732468063537,0.2310732468063537,0.6910262959489881,-1.0798511588698625
15,14,2,3,2,positive,0.6854364950673433,-0.4567248555821214,1.4601422630139913,0.8546047849379536,-0.8546047849379536,0.8870495132965818,-1.5295142346227886
15,14,2,4,2,positive,0.8276878285726066,-0.765054040563048,-0.19169778413843824,1.2558589546055445,-1.2558589546055445,0.5584310705059227,-1.0830490627801321
15,14,2,5,2,positive,1.596518122740795,-0.9301590115936512,-0.2653709569106176,0.5144331920308035,-0.5144331920308035,1.2023970028601092,-1.59573259450874
15,14,2,6,2,positive,1.7051527189240951,-0.9580516344580334,-0.2280741951561582,0.8330262026224684,-0.8330262026224684,1.172735741506523,-1.696590896342002
15,14,2,7,2,positive,2.001085674271807,-0.9562859408341844,0.014091816144770708,1.381468811579779,-1.381468811579779,1.1675221671131173,-1.9638746860424732
15,14,2,8,2,positive,1.6289654209075715,-0.7929791999142541,-0.07356351414953471,1.4613754221126267,-1.4613754221126267,0.8243213614627242,-1.5706801532932726
15,14,2,9,2,positive,1.355783410465062,-0.6907876119206331,0.07524597956884432,1.4916403082183853,-1.4916403082183853,0.6705839725258067,-1.4063023069375862
15,14,2,10,2,positive,1.682826059314391,-0.7058307101955232,0.23460693470860902,0.37280605725999677,-0.37280605725999677,1.2207063557831912,-1.6645472072070233
15,14,2,11,2,positive,1.123018016296961,-0.6077495021878819,-0.31629197367024214,-0.17431250291048986,0.17431250291048986,0.9347623507002849,-1.0111125235012413
15,14,2,12,2,positive,0.7586440316772585,-0.46869199365650216,-0.28646980716422193,1.0731742570808611,-1.0731742570808611,0.2683586494672273,-0.7047791059130204
15,14,2,13,2,positive,0.5007171566231122,-0.380082950974446,-0.07038648802051987,0.6139980829968033,-0.6139980829968033,0.318860479509709,-0.5952482852757421
15,14,2,14,2,positive,1.2890331742484158,-0.614494599304465,-0.26486960312204694,0.7681352522039924,-0.7681352522039924,0.6998373722785906,-1.1265763848676493
15,14,2,15,2,positive,1.4284019978045241,-1.2387722064717588,0.7649133783244249,0.6638622310841719,-0.6638622310841719,1.7485899214866847,-2.335429894536233
15,14,2,16,2,positive,1.4020190261683276,-1.2233718308038366,1.881364228246751,0.8367407468064655,-0.8367407468064655,2.0389193333400413,-2.865063458011376
15,14,2,17,2,positive,1.2986297069288728,-0.9809293993652374,2.6435208929275236,0.1835271126672725,-0.1835271126672725,2.2338038950949453,-2.9520046992934357
15,14,2,18,2,positive,1.285750458592907,-1.1272235141414588,2.36077020320895,0.28294048308758396,-0.28294048308758396,2.2484169070462166,-2.9504838450423874
15,14,2,19,2,positive,1.0055698571660159,-0.9369290031810262,0.16649898263491034,0.5110812969451825,-0.5110812969451825,1.1572581841329408,-1.5229634230814892
15,14,2,20,2,positive,0.507200235617941,-1.0972042401298827,-0.0634064635942329,1.229858737891478,-1.229858737891478,0.835182584840626,-1.3191011261417367
15,14,2,21,2,positive,0.22283365864628868,-0.6218814680024896,0.38575313476782586,1.0505278953752824,-1.0505278953752824,0.47456776734876693,-0.9261748647095468
15,14,2,22,2,positive,1.0690201404461401,-0.14962461320987203,4.08830891324911,-1.1912306164776885,1.1912306164776885,2.2658111699341847,-2.728289140057497
15,14,2,23,2,positive,0.6504924213148544,-0.4416897562729919,1.487802972655526,-0.9760095471843749,0.9760095471843749,1.479791403324577,-1.510837453258182
15,14,2,24,2,positive,0.8432219567866645,-0.20859659278333997,0.7938260002348477,-0.10942290085090774,0.10942290085090774,0.79075354540748,-1.027120571294096
15,14,2,25,2,positive,1.2958208410590575,-0.46211784983465337,1.2286273981046,0.3779183262306299,-0.3779183262306299,1.1776278208123292,-1.724341969416482
15,14,2,26,2,positive,1.3043841564440524,-0.5321720371524679,0.3038960841922521,1.1938239997476219,-1.1938239997476219,0.6703241174486954,-1.33631215747062
15,14,2,27,2,positive,1.3673474976197468,-0.5248879499845325,1.921030767090163,0.2499581884495884,-0.2499581884495884,1.5376946420713062,-2.1690770823394874
15,14,2,28,2,positive,1.7890826435446248,0.25779763508986797,4.167793012837278,-0.4246028666063002,0.4246028666063002,1.8693618725728665,-2.720640193101084
15,14,2,29,2,positive,2.497935548830037,0.5030305824220425,8.375988758639865,-1.1116844651416182,1.1116844651416182,3.4921723417817976,-4.933931571312909
15,14,2,30,2,positive,2.590901658140025,0.8904261891372915,9.733079844389001,-1.3492207736624409,1.3492207736624409,3.667307902926531,-5.271564562127222
15,14,2,31,2,positive,1.4587103774344086,0.3195060565067297,4.89582040056688,-0.7027197333714267,0.7027197333714267,2.032910780617509,-2.857759332493915
15,14,2,32,2,positive,0.8942129465011115,-0.011680655687344943,3.7917648724160413,-0.10951470271326612,0.10951470271326612,1.6101781628974847,-2.3546695651459215
15,14,2,33,2,positive,0.6934125668863387,-0.008933156505640166,3.659127525536449,0.07358982537453851,-0.07358982537453851,1.4352499121883895,-2.185203202717034
15,14,2,34,2,positive,0.8292926192422857,-0.21156046945498297,4.275063632613864,-0.5413028323480641,0.5413028323480641,2.0934468308563874,-2.7637385953830576
15,14,2,35,2,positive,1.2937724528737156,0.48306137518895337,4.9606191535534006,-0.8860186639746072,0.8860186639746072,1.897075381611621,-2.644134428024605
15,14,2,36,2,positive,1.8713212046806942,0.5746931032726632,6.2003507095029,-1.1249110433962288,1.1249110433962288,2.490834549253945,-3.4611428538191342
15,14,2,37,2,positive,0.7282820222269306,-0.37731954135043166,2.7214544046291684,0.05837693377367622,-0.05837693377367622,1.5077727057112393,-2.1021877547784813
15,14,2,38,2,positive,1.0131075593128005,-0.4187941897288355,2.4838218506188094,0.26344226054891406,-0.26344226054891406,1.4966232395230674,-2.1672588946946405
15,14,2,39,2,positive,0.9802547398902393,0.44375199108710583,0.38758397428184055,0.0877497927479836,-0.0877497927479836,-0.01705568394574042,-0.24016736599893407
15,14,2,40,2,positive,0.5814372150973189,-0.6748146329382336,1.0282424609141427,-0.1477471744638351,0.1477471744638351,1.260623583096666,-1.4796544709439645
15,14,2,41,2,positive,0.34039937792674746,-0.8932496977408055,1.562715202121835,0.3453845382466005,-0.3453845382466005,1.4124930450081328,-1.8448069877650968
15,14,2,42,2,positive,0.7301116350997305,-0.6623666041598394,0.855854018048141,0.22054900876625386,-0.22054900876625386,1.1175054856203785,-1.4553494307337753
15,14,2,43,2,positive,1.010494853419992,-1.2643303504291188,0.5634224367458764,0.5546790981323515,-0.5546790981323515,1.604076414440291,-2.051288995512053
15,14,2,44,2,positive,1.286381540632763,-0.7242601398932427,4.952396874643523,-0.47584531350286513,0.47584531350286513,2.9624680494862927,-3.843649347531386
15,14,2,45,2,positive,1.361314169679357,-0.446129677877914,4.653952326695164,-0.04978894924660784,0.04978894924660784,2.46781482641829,-3.453762926065174
15,14,2,46,2,positive,0.9314296118173899,-0.6119318339651209,2.6445338172151076,0.30734899511866626,-0.30734899511866626,1.7014699786030647,-2.3999135484813694
15,14,2,47,2,positive,1.2177663747822998,-0.553287530875088,9.05351655785962,-0.6865605587099327,0.6865605587099327,4.205902027992373,-5.688928997196048
15,14,2,48,2,positive,2.657702684422954,0.7297930717383199,11.705623653224542,-1.4271635100957116,1.4271635100957116,4.533703544176083,-6.451870097085428
15,14,2,49,2,positive,1.49681816022303,0.45496855377986073,5.373680379991049,-0.7236482750060418,0.7236482750060418,2.0764137179601794,-2.9802807163271785
15,14,2,50,2,positive,0.6327669259922802,-1.2714453074897745,0.40683430838087875,0.7952390842524754,-0.7952390842524754,1.3528993575300023,-1.791245924676354
15,14,2,51,2,positive,1.3086483232657962,-0.7946174410199744,4.587466067166197,-0.506435525387691,0.506435525387691,2.9288007462932026,-3.742674636235971
15,14,2,52,2,positive,1.6024293824327602,0.23899071123841775,3.9398303554245078,-0.6466796399735105,0.6466796399735105,1.8239890813718418,-2.5321391576902164
15,14,2,53,2,positive,1.2418775656632266,-0.47500276508993455,1.5014404031880373,-0.2135119432167947,0.2135119432167947,1.4606127357792875,-1.8466617495155666
15,14,2,54,2,positive,1.2919314648099613,-0.08980296351411471,2.079164026679715,-0.2556424171024085,0.2556424171024085,1.298715599711476,-1.7753507092589527
15,14,2,55,2,positive,1.6899297910414173,0.311845151398354,3.6782019742555896,-0.8979236881251605,0.8979236881251605,1.7768399997423685,-2.3722207312501498
15,14,2,56,2,positive,3.1054558690121463,0.6480433679189976,6.566211512200275,-0.6587416311572091,0.6587416311572091,2.7954263028708795,-4.187790322687213
15,14,2,57,2,positive,3.0000752098108,0.7259068707055961,7.1119893587127105,-0.7768957690112249,0.7768957690112249,2.9037465751393157,-4.33012541355616
15,14,2,58,2,positive,2.1842428206065425,0.4018776308622116,6.057499606876623,-0.8677035627766568,0.8677035627766568,2.6346043658910623,-3.718993582879371
15,14,2,59,2,positive,1.2734215522107917,-0.7748705984643265,2.808028058566494,-0.44646916750676996,0.44646916750676996,2.284176857892345,-2.8155954038529694
15,14,2,60,2,positive,1.1821767762321325,-1.2589042123811987,-0.07755009901216021,0.11612980771402115,-0.11612980771402115,1.5884031688831823,-1.8112175509911848
15,14,2,61,2,positive,1.7554938435832748,-0.3739352521370419,4.059711822395577,-0.4746787984396638,0.4746787984396638,2.4705634069432136,-3.2815380851264675
15,14,2,62,2,positive,1.8274423703735487,-0.33992797658416035,1.5514020481912945,-0.3454195739660097,0.3454195739660097,1.5813493074277778,-2.029350185866582
15,14,2,63,2,positive,1.2525432384931716,0.04561079540264375,1.0744305249732338,-0.41277732818548224,0.41277732818548224,0.8676395684813187,-1.117876086330559
15,14,2,64,2,positive,2.1059449703433524,0.19812274201664487,3.468911362947698,-0.5706906095446355,0.5706906095446355,1.8503929055952504,-2.5893054246288805
15,14,2,65,2,positive,2.125045873488935,0.4033732678983669,7.032735713054497,-0.7965001899162335,0.7965001899162335,2.9147206575881888,-4.175517525373349
15,14,2,66,2,positive,0.8020726227043113,-0.006213407003982652,4.886171611907456,-0.05569414194936843,0.05569414194936843,1.9208595325243611,-2.8503355243098665
15,14,2,67,2,positive,0.6061631835143888,-0.975866932439663,1.0812869039204984,0.5195955296403688,-0.5195955296403688,1.3651517850378359,-1.8195919761571067
15,14,2,68,2,positive,1.0820035836225625,-1.174991236210192,0.04661928709310005,0.7413543490656611,-0.7413543490656611,1.304080743426859,-1.7393026715680233
15,14,2,69,2,positive,1.2063471688461018,-0.7444496651157728,1.252135856959705,0.5272278606737273,-0.5272278606737273,1.388201386826466,-1.973691178018676
15,14,2,70,2,positive,0.9868138329711118,-0.1573651903357271,2.0090082584481466,0.3593741454627235,-0.3593741454627235,1.0361811723212386,-1.6552762360453563
15,14,2,71,2,positive,1.455512790715122,-0.5654605690322755,2.2164486379733903,0.24258375039854127,-0.24258375039854127,1.708586461795599,-2.4014412833765317
15,14,2,72,2,positive,1.7677258184150682,-0.9185398911583849,-0.5065609511261003,1.3524355980831466,-1.3524355980831466,0.8881163142269919,-1.5491223248028687
15,14,2,73,2,positive,1.1947274805361028,-1.1341892969143077,0.1479623886972157,1.0350124176912001,-1.0350124176912001,1.2367484474283472,-1.805534231530967
15,14,2,74,2,positive,2.224025716354527,0.12401276054740099,5.498518372975515,-0.6001081691676833,0.6001081691676833,2.650204658951841,-3.73725928411762
15,14,2,75,2,positive,2.422665055761979,0.421477790764752,7.161134794994423,-1.0997656240245337,1.0997656240245337,3.1397107008288927,-4.370422134613449
15,14,2,76,2,positive,1.9059830654586238,0.21695330449648378,6.284983308393375,-0.9001446529450141,0.9001446529450141,2.8134170377691876,-3.878529882429516
15,14,2,77,2,positive,1.4327284291950058,0.07775159950472445,2.0426050829235476,-0.4491894124430167,0.4491894124430167,1.2304227086824655,-1.6599151565545522
15,14,2,78,2,positive,1.3912857960562397,-0.45245957812888254,0.37453407241181264,0.210631167160545,-0.210631167160545,0.9708558118980517,-1.3353695123629088
15,14,2,79,2,positive,1.2421384328206244,-1.102889235317079,0.972368767686431,0.48631183073321926,-0.48631183073321926,1.6789543585750244,-2.2101428355706068
15,14,2,80,2,positive,1.090885185258879,-0.47276494929698476,1.1259652038424819,0.8168474963629931,-0.8168474963629931,0.939432580209774,-1.5811901438476652
15,14,2,81,2,positive,1.3864670566612602,-0.37072487566524853,0.6019524067692881,0.5064551629572757,-0.5064551629572757,0.8647129758230061,-1.3649346073805226
15,14,2,82,2,positive,2.25625014900662,-0.5513512497978725,2.702029453861109,-0.8604774868263237,0.8604774868263237,2.490936946362557,-3.030491051231737
15,14,2,83,2,positive,2.721538104491332,-0.5026918862137775,1.4409162777672375,-1.0956352707868868,1.0956352707868868,2.2553884372289295,-2.583919077343062
15,14,2,84,2,positive,3.283136100198086,-0.6237721050532069,1.0612635077535524,-0.09864078377810155,0.09864078377810155,2.1047855689631203,-2.795971909029026
15,14,2,85,2,positive,2.497676975294837,-1.0782286723328687,0.9991977314261012,0.07267617386743323,-0.07267617386743323,2.219628183284037,-2.8266660256933376
15,14,2,86,2,positive,2.2320291690394303,-1.1727283452520958,1.4554024395704457,-0.3510090750956141,0.3510090750956141,2.5188752398205922,-3.0164441495570338
15,14,2,87,2,positive,1.3983655797900023,-1.2274783833820875,1.5484802992651134,-0.1575160924807649,0.1575160924807649,2.262265707227381,-2.7009013229096452
15,14,2,88,2,positive,0.8362603323160196,-1.1934412800085552,0.43162817475134396,1.1257860478256752,-1.1257860478256752,1.2408087664224514,-1.827385533542237
15,14,2,89,2,positive,1.0998491935577648,-0.9529765159136325,0.2037990829069482,1.14402204360381,-1.14402204360381,1.0061852602006003,-1.604800654145989
15,14,2,90,2,positive,1.4137315921275753,-0.9125362633782181,-0.01224209707450357,1.1899297375155706,-1.1899297375155706,0.9830561825573851,-1.613281010904754
15,14,2,91,2,positive,1.377870094248368,-0.7761977105494178,-0.09862577132943495,1.0437105002466576,-1.0437105002466576,0.8547089847735095,-1.4158198720088842
15,14,2,92,2,positive,1.525681864864187,-0.4266497184019027,0.6012489082652575,0.2829229611014592,-0.2829229611014592,1.0413189890778978,-1.490115104966625
15,14,2,93,2,positive,1.9109803428175338,-1.1506080624431883,0.7755897255966724,0.9842861349520637,-0.9842861349520637,1.7180360402639026,-2.4938930966502912
15,15,2,0,0,negative,0.5244423127464342,-0.42225125553600223,0.83086091452598,-0.6776574752649158,0.6776574752649158,1.0999048230484454,-1.0999028691722093
15,15,2,1,0,negative,-0.19108291500274083,0.059690558525444526,2.082344854863373,-1.0999692103206182,1.0999692103206182,0.9373864915349723,-0.8859404114048715
15,15,2,2,0,negative,-0.22744053096264313,-0.24191618088487518,1.430232018694912,-0.33441026062708384,0.33441026062708384,0.7543167636713262,-0.8433119247510097
15,15,2,3,0,negative,0.12377147773999053,0.20596210279380484,1.5135696730687291,-0.16539495493881293,0.16539495493881293,0.39494993245537274,-0.6127084726105549
15,15,2,4,0,negative,0.25373158068257157,0.5737851557833118,1.4857128626060776,-0.5279089282233822,0.5279089282233822,0.1819993013873653,-0.29593706586101276
15,15,2,5,0,negative,0.8959455457356558,0.8058086078643693,4.8457058592991125,-1.4787612348733001,1.4787612348733001,1.60099560543832,-2.065017094653015
15,15,2,6,0,negative,0.3309486189904536,0.5508366612969532,3.444257153838347,-1.4046543358298578,1.4046543358298578,1.1757833749225997,-1.3367662251174472
15,15,2,7,0,negative,-0.38690218786976516,-0.23811831491441293,1.3357002612582733,0.06623707460429999,-0.06623707460429999,0.532305314509149,-0.712517351608667
15,15,2,8,0,negative,-0.31711364958936983,-0.7188603116069001,1.6432331023674949,0.01680485302444686,-0.01680485302444686,1.155298511524793,-1.3819200379959626
15,15,2,9,0,negative,0.6350038319933466,0.13511290369190387,6.396651786551461,-1.4335062460394905,1.4335062460394905,2.6866077178361953,-3.3807149055804997
15,15,2,10,0,negative,0.6789944830570237,0.20902620578385434,5.294252766750495,-1.1361616302914124,1.1361616302914124,2.160776754249123,-2.777597419119905
15,15,2,11,0,negative,-0.023559010810547287,-0.5509549172793916,1.7579174037067484,-0.2823598514059434,0.2823598514059434,1.223194332046773,-1.418134113727492
15,15,2,12,0,negative,0.09888988221924595,-0.21285978227068986,4.279490498168774,-0.7746646699275463,0.7746646699275463,1.9305414657092117,-2.4020499724646998
15,15,2,13,0,negative,-0.32769132292410147,-0.7504471053732328,0.6417760777249515,0.44101495643191413,-0.44101495643191413,0.7081370381628781,-0.9074894827736578
15,15,2,14,0,negative,0.013162534981480734,-0.38289105702913295,0.0061563077168731925,-0.008692612736399605,0.008692612736399605,0.39222820884071746,-0.3925504783783099
15,15,2,15,0,negative,0.5404106522573331,0.02942294078895158,2.8596478259568854,-1.4409652463070763,1.4409652463070763,1.5842516340514798,-1.6706062983181575
15,15,2,16,0,negative,0.7905757214497242,0.7222807027613338,2.9712876117951397,-0.9024823029373307,0.9024823029373307,0.8325011759660641,-1.158650963861098
15,15,2,17,0,negative,0.6272457053732954,0.17211824917458246,3.8311761310315147,-0.6192115652534664,0.6192115652534664,1.520426218044843,-2.0570926690278224
15,15,2,18,0,negative,1.2786840493826608,1.6014252268402571,3.6683295819556205,-1.179954441113184,1.179954441113184,0.4408974639768979,-0.8720815888288835
15,15,2,19,0,negative,0.6950046494924278,1.0547331766547638,2.9201256631105603,-0.815490448515403,0.815490448515403,0.42214041038469974,-0.7528319796467302
15,15,2,20,0,negative,0.16552720604217658,0.10740539390597648,1.7834362488311433,-1.265224522257477,1.265224522257477,0.9639905984709558,-0.8670763335306835
15,15,2,21,0,negative,0.9768955268156609,0.42734391277579037,1.5203306373251053,-1.110306642235013,1.110306642235013,0.7751670226828029,-0.8212691692945928
15,15,2,22,0,negative,1.0134170637153517,0.262658233659358,1.5756205729584647,-0.7392419900102444,0.7392419900102444,0.8467683085686621,-1.0318605846775502
15,15,2,23,0,negative,0.4261479808660461,-0.3185763130865436,3.1391435326319646,-0.5243875687771923,0.5243875687771923,1.6818026738449445,-2.101222069835549
15,15,2,24,0,negative,-0.1028569621398766,-0.6763576896550471,0.6155649419697532,-0.015952896425944513,0.015952896425944513,0.8525779817403207,-0.9327116795699854
15,15,2,25,0,negative,6.924575982035747,3.028850001709598,-1.2006766426319342,-1.6926968200861172,1.6926968200861172,-0.5566512818796214,0.1669003320076916
15,15,2,26,0,negative,4.186070626857086,0.11678191477088784,-0.4953718828391685,-0.45140513175125635,0.45140513175125635,1.2639193771521704,-1.728567457238071
15,15,2,27,0,negative,1.0533491171733087,-0.6471267772609274,1.409559135021123,0.19620209937551217,-0.19620209937551217,1.4026954948672339,-1.8785809033581433
15,15,2,28,0,negative,0.8098582465176174,-0.6135212243517378,1.798330717213172,-0.04777782645084733,0.04777782645084733,1.4988434877456167,-1.9176157062171326
15,15,2,29,0,negative,0.4894043940842341,-0.33672147136992037,1.2647136002198662,0.5932217102961346,-0.5932217102961346,0.7236868993725756,-1.2137804685219704
15,15,2,30,0,negative,0.22604851410866184,0.4299411726320085,1.8666321659724372,0.00521110948185007,-0.00521110948185007,0.2658820175677412,-0.6163991674085411
15,15,2,31,0,negative,0.5213959652470669,0.1984198823717545,5.110415884154325,-0.2621912008248677,0.2621912008248677,1.7662478010369986,-2.617486042328941
15,15,2,32,0,negative,0.995411105197981,0.07326555492900633,5.158345235064741,0.5406178631133419,-0.5406178631133419,1.797780604120787,-3.0036126152023543
15,15,2,33,0,negative,0.10833193377147429,-0.48108246072148464,0.8396468861080232,0.208893118713843,-0.208893118713843,0.7274443611100362,-0.9550718706612333
15,15,2,34,0,negative,0.6954019584986917,1.4072527533789807,2.0941419676363204,-0.8298390292875598,0.8298390292875598,-0.20079176823812328,0.012480790311474532
15,15,2,35,0,negative,1.8209816287373695,2.519500215034908,1.6540074232487227,-1.366578383589304,1.366578383589304,-0.9056444031764428,0.7820056890418619
15,15,2,36,0,negative,0.31519287802939977,0.4601365325992385,0.2185212914646044,-0.4458690859230842,0.4458690859230842,-0.13360878079354233,0.19327944785223639
15,15,2,37,0,negative,-0.5461054632949792,-0.12040422669517162,0.3125600456456024,-0.0671675700664706,0.0671675700664706,0.06494494416753621,-0.003631517870483214
15,15,2,38,0,negative,-0.3627406773175207,-0.12916829671439278,1.3029766082102816,0.06197715610716965,-0.06197715610716965,0.42192122164292317,-0.5992862621607733
15,15,2,39,0,negative,0.5580011022783908,-0.0015156156632982198,5.264220149724351,0.8002193135042117,-0.8002193135042117,1.675516261829475,-2.912626241664669
15,15,2,40,0,negative,0.5749469895470147,0.15510319503510403,3.3397664869014787,0.15948838864464393,-0.15948838864464393,1.0966385008995123,-1.8022535431891427
15,15,2,41,0,negative,0.5985207576086978,0.434363850312516,1.9493386168709292,-0.30167138035341645,0.30167138035341645,0.5154797346318319,-0.8395658369272976
15,15,2,42,0,negative,0.3664767901428164,-0.4107590205837067,1.1486070929333843,0.633303027793828,-0.633303027793828,0.7046859723444976,-1.168300962121807
15,15,2,43,0,negative,0.18008825577116014,0.1662629521861793,1.4472785391661804,-0.3372836661413963,0.3372836661413963,0.48862053484006623,-0.647420445282491
15,15,2,44,0,negative,0.246872948426513,0.2458793221782913,0.8616668298688254,1.0370686424044149,-1.0370686424044149,-0.22205561021465015,-0.30839056696937783
15,15,2,45,0,negative,0.11412657027670253,0.2829346276975143,0.1523878199256176,0.2502498274737402,-0.2502498274737402,-0.2775131067879877,0.14967743259635424
15,15,2,46,0,negative,0.0051458661887074375,-0.6424397063725424,0.5499923870196787,0.027435966797093675,-0.027435966797093675,0.8183404685096399,-0.9200088329767355
15,15,2,47,0,negative,0.16724989939176366,-0.6466990019758648,0.5717528738976884,0.5963264172106205,-0.5963264172106205,0.6942577873354753,-1.0162003886205908
15,15,2,48,0,negative,0.5377336995856736,-0.7591432274922416,1.3351030038489913,0.9151003205604199,-0.9151003205604199,1.0783886884503233,-1.6955615792095742
15,15,2,49,0,negative,0.6292291367252419,1.6985593447479892,-0.8173043824819368,0.3637458492916217,-0.3637458492916217,-1.8824997097640948,1.7925969676263367
15,15,2,50,0,negative,0.4095638541946146,-0.31527930790998027,1.0024295520294013,-0.13161722483949298,0.13161722483949298,0.82981618493115,-1.0212760110219883
15,15,2,51,0,negative,-0.018132207670556955,-0.5619070686601122,0.44158861357680596,0.34612375940719503,-0.34612375940719503,0.5876846174931302,-0.7736352716132366
15,15,2,52,0,negative,0.055168995580938684,-0.6251206823941144,1.3655537129383493,-0.3642475948418218,0.3642475948418218,1.2201107835144844,-1.3354820366537585
15,15,2,53,0,negative,0.410548307007497,-0.48424045515777636,1.4774696523858706,0.26459960719504055,-0.26459960719504055,1.025379905890552,-1.42824943485446
15,15,2,54,0,negative,0.035547813232816416,-0.643609325288967,0.6604982826172671,0.9407770366010034,-0.9407770366010034,0.5620323450386603,-0.9916323732140087
15,15,2,55,0,negative,-0.19433119755778694,-0.31211001768098806,-0.3015751145942084,0.9873697234695684,-0.9873697234695684,-0.18231532752619983,-0.0641568616049904
15,15,2,56,0,negative,-0.16406377011435053,0.09287252138777745,-0.5781500773897478,0.5922933197580192,-0.5922933197580192,-0.5377082438084833,0.4639794451398266
15,15,2,57,0,negative,-0.4235119489663187,-0.17687372724931488,-0.6169904882550064,-0.30012148365119523,0.30012148365119523,-0.06991992394072838,0.3433774913613476
15,15,2,58,0,negative,-0.5282799871000085,-0.409955441828517,0.9197594316778571,-0.30248780729222186,0.30248780729222186,0.6412778591185405,-0.6056951641174413
15,15,2,59,0,negative,-0.24686277311994756,-0.011182028695177815,2.993100559102909,-0.20562043651956485,0.20562043651956485,0.9951347695293532,-1.3843009216866584
15,15,2,60,0,negative,-0.41701990612168277,0.25179862525458546,2.0417737652649293,-0.15560170495793232,0.15560170495793232,0.3416532294458075,-0.5605783043170378
15,15,2,61,0,negative,-0.2658284026001192,-0.18863105972674954,2.070411088784468,-0.6939246583307693,0.6939246583307693,1.0214668412317889,-1.090922402818924
15,15,2,62,0,negative,0.2691267354463961,0.3758326419249895,4.268996232547401,-1.025355973070264,1.025355973070264,1.4786603384296975,-1.8932288420719092
15,15,2,63,0,negative,0.36015161258654727,0.8570923217073139,3.7533001449067394,-0.858001328672695,0.858001328672695,0.8000587070146798,-1.1996335570393293
15,15,2,64,0,negative,-0.18238068810056346,0.14158909908557532,1.8032093793163009,-0.555621738096546,0.555621738096546,0.5838943773518526,-0.6688252465222935
15,15,2,65,0,negative,-0.21845677739079256,-0.3173862492791153,2.1787345373552585,0.24830706302325808,-0.24830706302325808,0.8880431482595179,-1.297525129261348
15,15,2,66,0,negative,0.029872253563883622,-0.2706336229211782,2.0638841945499684,0.2702739160445577,-0.2702739160445577,0.878461133610943,-1.3175118469781042
15,15,2,67,0,negative,-0.14898730657703746,-0.8412550082326038,2.485542073344978,0.5002577474324167,-0.5002577474324167,1.4533540146777781,-2.009532391616574
15,15,2,68,0,negative,0.17242749912555624,1.004751148279958,0.23489256731326905,0.7862717730569978,-0.7862717730569978,-1.131068383819349,0.8010911150605454
15,15,2,69,0,negative,0.05902710206471702,0.9980850209384212,-0.29481730954099333,0.3186596388189716,-0.3186596388189716,-1.1829016363701705,1.1159801246765593
15,15,2,70,0,negative,-0.6535965350752557,-1.0607445848238024,-0.10956269697818784,1.6294038350800264,-1.6294038350800264,0.2632235624459791,-0.6791649687970807
15,15,2,71,0,negative,-0.46025886255820303,-0.1634139970376441,2.6576460711225574,-0.5259562246463024,0.5259562246463024,1.0711951414411962,-1.2621076013198211
15,15,2,72,0,negative,-0.24391745833511547,0.1969130473855149,2.3812444067183347,-0.42180611861442596,0.42180611861442596,0.6561313082803668,-0.8717504268060947
15,15,2,73,0,negative,-0.4065710500257818,-0.83495205529426,0.49055230668236754,0.6239898039392617,-0.6239898039392617,0.6549492062000346,-0.8769426836225529
15,15,2,74,0,negative,0.677508406339176,-0.6923283184808496,0.8466048897080335,0.3752434918286651,-0.3752434918286651,1.0752849198870311,-1.4543849665044544
15,15,2,75,0,negative,1.0744763822333911,-0.5053049940473097,0.5324075797568044,0.20884233802060212,-0.20884233802060212,0.9713188687038408,-1.3087469750424074
15,15,2,76,0,negative,0.6226192321611089,-1.0404088292397264,0.5554517293265521,0.9169599959456805,-0.9169599959456805,1.1274458177537199,-1.629444309983557
15,15,2,77,0,negative,-0.07667008772365232,-0.4036230100210313,0.43800607605404795,0.8160820019325383,-0.8160820019325383,0.2520410054869837,-0.5842910041862291
15,15,2,78,0,negative,-0.054348610328079555,-0.1708280418188827,0.3633028408850498,0.41667083142442274,-0.41667083142442274,0.13492250819639853,-0.32530515709736785
15,15,2,79,0,negative,-0.1703738588978084,-0.08666866656425279,0.14047769362282012,0.655218427092571,-0.655218427092571,-0.14170286422493367,-0.07172058392675865
15,15,2,80,0,negative,0.0499403166014497,-0.3471617795733519,0.25350035511189306,0.8012200118805254,-0.8012200118805254,0.18123533285095772,-0.4988821154300233
15,1,3,0,2,positive,-0.8099594286430359,-0.4620480034039301,-0.915425956494577,1.88436772928502,-1.88436772928502,-0.7412030347369476,0.40064468916487644
15,1,3,1,2,positive,-0.5338859311317514,-0.5364292785435074,-0.7849098496209174,2.7725520049755645,-2.7725520049755645,-0.8273533166992371,0.12296861183282704
15,1,3,2,2,positive,0.06979687290662889,-0.9805552585451728,-0.6602545348432072,2.584194715761454,-2.584194715761454,-0.07766220068750462,-0.6853264275768837
15,1,3,3,2,positive,-0.11959007906339827,-0.4442949822914114,-0.4950958763658522,1.148930317078489,-1.148930317078489,-0.14357710854450179,-0.13695200457678613
15,1,3,4,2,positive,-0.24230968308842057,-0.6491036210280645,-0.5726988297638861,2.3504656666248858,-2.3504656666248858,-0.40605443879766634,-0.24159936460191117
15,1,3,5,2,positive,0.09548796292772338,-0.6046034793193515,-0.9177244366369403,2.8009793287164335,-2.8009793287164335,-0.6031351214891987,-0.19348524246474308
15,1,3,6,2,positive,0.06219416199831379,-0.5655347396617465,-0.8664678314456329,2.291324883347811,-2.291324883347811,-0.4663314446032969,-0.16339790493808692
15,1,3,7,2,positive,-0.12720674612116692,-0.49052215850971126,-0.39642537783154796,1.3236502541497466,-1.3236502541497466,-0.12523863419110925,-0.22870609653335383
15,1,3,8,2,positive,-0.022061095203165154,-0.10138256853150122,-0.4584586584320093,0.7495949019637792,-0.7495949019637792,-0.3086556500014833,0.13887730828608597
15,1,3,9,2,positive,0.042275088142714634,-0.057263478865150264,-0.9163884731807068,0.41482786195941307,-0.41482786195941307,-0.3723836034673182,0.37979321365384583
15,1,3,10,2,positive,0.425088725751243,-1.1210156486191911,-0.44308207944218325,0.4691346137824845,-0.4691346137824845,0.9586396594613829,-1.112018971773721
15,1,3,11,2,positive,0.5429035287945805,-1.0838555141174893,-0.46683819745526556,1.5395522379797082,-1.5395522379797082,0.5960265452373581,-1.1218881797871467
15,1,3,12,2,positive,0.3588911822532701,-1.2259654253851946,-0.3301611094297795,1.1345588336537402,-1.1345588336537402,0.8573558384417781,-1.24033046179694
15,1,3,13,2,positive,0.22411884566701656,-0.8676458097091762,0.1302549407062236,1.097115357373278,-1.097115357373278,0.6200652860424969,-1.0448327028957962
15,1,3,14,2,positive,0.18902653059576643,-0.5413741838775654,-0.842880100408098,1.9536507429178025,-1.9536507429178025,-0.32779392036581256,-0.21444739897139964
15,1,3,15,2,positive,0.558231189390428,-0.8772004963961816,-0.23298066071748622,0.9083508463166109,-0.9083508463166109,0.6828337238482919,-1.0398257607326524
15,1,3,16,2,positive,0.4117879039490444,-0.33205586768608,0.999672550921306,0.7793786451953629,-0.7793786451953629,0.5427498042444091,-1.0377860951212552
15,1,3,17,2,positive,0.8231070586806625,0.8873856824460602,1.6607487978722528,0.06099967364506557,-0.06099967364506557,-0.07976695481011031,-0.3545422458303975
15,1,3,18,2,positive,0.019577378980007915,-0.6249853726253904,-0.6784344138991264,0.8572620389882112,-0.8572620389882112,0.11961234798961384,-0.2955568551658312
15,1,3,19,2,positive,0.44970245255167096,-0.7189305547666429,0.19914357663756016,0.8050699997956329,-0.8050699997956329,0.6668558978978423,-1.0433535693612583
15,1,3,20,2,positive,0.7410119705773359,0.4354595477924336,0.3223960794601877,0.26082064040774244,-0.26082064040774244,-0.16793041124917324,-0.09624447722632817
15,1,3,21,2,positive,0.7521768582680084,0.32044073226633496,0.17471200743716192,0.24153616104487927,-0.24153616104487927,-0.09198983071290459,-0.14300370058625023
15,1,3,22,2,positive,0.02957521043040756,0.02568283621211981,-0.41918359349243167,0.1424969898672304,-0.1424969898672304,-0.20305129385520465,0.22048702774313186
15,1,3,23,2,positive,-0.10544684766880022,0.19862666058901032,-0.5329330631548209,0.678651404116708,-0.678651404116708,-0.6376370989024533,0.5178166160008209
15,1,3,24,2,positive,-0.18786007381890382,-0.1284185524914666,-1.0283198125541027,1.0596665713118594,-1.0596665713118594,-0.6301969334034886,0.4796713906950366
15,1,3,25,2,positive,-0.20909014120994474,0.23276144221258044,-0.8743153673614357,1.4110963778259276,-1.4110963778259276,-1.064262071011683,0.7744641964982707
15,1,3,26,2,positive,-0.23264671737091758,-0.0620102813573023,-0.3643913325826736,1.006963570503158,-1.006963570503158,-0.47265692546161414,0.2365087436194933
15,1,3,27,2,positive,0.0857093161537606,0.5248005580490935,-0.6560501352591933,1.266596573928101,-1.266596573928101,-1.1371130223936048,0.8099709676018099
15,1,3,28,2,positive,0.7621298096567584,0.11783850809367932,-0.41121675600761237,0.673938973173573,-0.673938973173573,-0.22551381460182165,-0.05761801873089367
15,1,3,29,2,positive,0.5564666072694484,-1.0409389916642404,-0.43951960268596163,1.1266271038756546,-1.1266271038756546,0.7043789585668512,-1.0994124939559837
15,1,3,30,2,positive,0.5175416312248515,-1.5566628859744114,0.5025724055416142,1.2757144151889193,-1.2757144151889193,1.4714627598335936,-2.0667199043576443
15,1,3,31,2,positive,0.3926411331787698,-1.112526252188677,0.8594602308619255,1.3480719888392219,-1.3480719888392219,1.0805360439225014,-1.7385769342090245
15,1,3,32,2,positive,0.0780462595407451,-0.578201932098555,0.4743544719977243,0.9333746870261823,-0.9333746870261823,0.4512106136026507,-0.8544022978677897
15,1,3,33,2,positive,0.10061524241658626,-0.013210548286557516,0.8987091624979358,0.7485742941669393,-0.7485742941669393,0.09679391853575174,-0.5128727507438186
15,1,3,34,2,positive,-0.10257260993162132,-0.23516316223522193,-0.26394801971453025,1.3536782132121434,-1.3536782132121434,-0.3382364520508764,-0.05190284741214615
15,1,3,35,2,positive,-0.30110960437940587,-0.6015866465657213,-0.6924259633018426,2.1224647094072697,-2.1224647094072697,-0.43708011246378475,-0.104818862725097
15,1,3,36,2,positive,-0.29917615670190695,-0.3420917691278871,-0.6884560936031155,1.6895871447394029,-1.6895871447394029,-0.5503146958869215,0.1517243560246242
15,1,3,37,2,positive,0.46200363600153027,-0.4157444814700196,-0.720524539445992,0.4294627354657494,-0.4294627354657494,0.1864166018332825,-0.2864840297477887
15,1,3,38,2,positive,0.6757906221201464,-0.43865723525426215,-0.7901399851401703,1.4933512745514228,-1.4933512745514228,-0.09724297726955344,-0.3814825537442502
15,1,3,39,2,positive,1.1323303532493283,-0.8154761440885181,-0.7493624601874282,1.2408262810576993,-1.2408262810576993,0.5295233480899184,-1.0069600906194682
15,1,3,40,2,positive,0.8530827036297364,-0.33203466265116194,-0.8158368153912328,1.5433563115067068,-1.5433563115067068,-0.1700021451049058,-0.35065760677041374
15,1,3,41,2,positive,0.2577065659426486,-0.9956004100212059,-0.6778350588779495,2.0323736511233825,-2.0323736511233825,0.17809969533497816,-0.7855361635535555
15,1,3,42,2,positive,0.10070366065942002,-0.6498889726843347,-0.4973180969420869,1.4023078068917465,-1.4023078068917465,0.050248224959530186,-0.4515817545430012
15,1,3,43,2,positive,0.0308372247000811,-0.7922147748475699,-0.7884318486550533,2.179061066041972,-2.179061066041972,-0.18667045515141145,-0.41341746287008374
15,1,3,44,2,positive,0.7327512959295273,-0.6013338197515588,-0.6342798803358757,1.7191741960337545,-1.7191741960337545,0.0610995596048578,-0.6505695275483845
15,1,3,45,2,positive,0.7193681992918135,-0.2960779448368992,-0.6089275185463517,0.8758925111363928,-0.8758925111363928,0.04092733470658888,-0.3512982852096301
15,1,3,46,2,positive,0.7694792105194618,-1.252660725907241,-0.12264842843806968,2.281318815378214,-2.281318815378214,0.7078313814749672,-1.5760761169479371
15,1,3,47,2,positive,0.2428065025905896,-0.8094111102260557,-0.7478779285778303,2.0603651059934927,-2.0603651059934927,-0.04573440043418875,-0.5568753972324354
15,1,3,48,2,positive,0.42135964884146054,-0.6426740953161918,-0.6173025475270879,2.2439715336949764,-2.2439715336949764,-0.17063071547734276,-0.5447026459733781
15,1,3,49,2,positive,0.495692736720036,-0.7322945594687595,-0.5783096833912055,1.8096051964269606,-1.8096051964269606,0.10155384510271614,-0.6909860861331748
15,1,3,50,2,positive,0.3402352870066624,-1.1500908176585645,-0.18290965332390194,1.1487586449490352,-1.1487586449490352,0.8196131472364729,-1.2287536344999448
15,1,3,51,2,positive,0.04842655565137044,-1.4246551464264632,-0.08849605679540332,2.0015543860097043,-2.0015543860097043,0.7441138507085509,-1.4046203958544468
15,1,3,52,2,positive,-0.052324401046776714,-1.3293491252217287,0.4484329961629376,1.1630079128230066,-1.1630079128230066,1.0737160193194468,-1.527403422779809
15,1,3,53,2,positive,-0.11869505068067154,-1.0358007989513307,1.1119301152420389,1.0232578905613456,-1.0232578905613456,1.0257931902846713,-1.5324183312320143
15,1,3,54,2,positive,0.043850149966247254,-0.6749832608431571,1.740369759715929,0.45587931773196066,-0.45587931773196066,1.1177634581598956,-1.5670932156842454
15,1,3,55,2,positive,0.0973975945705906,-0.11272378515296687,1.29086317786865,0.008058621164771768,-0.008058621164771768,0.572791168911123,-0.8068541713725871
15,1,3,56,2,positive,0.5058536048889484,1.5709399345019426,-0.5685968485640923,0.6486833832114969,-0.6486833832114969,-1.8080821434641563,1.6023115563395145
15,1,3,57,2,positive,1.0366438493954195,0.9063523642302312,-0.045099432572446044,0.47276420514363676,-0.47276420514363676,-0.7334256270037857,0.4105801558187445
15,1,3,58,2,positive,0.3534515699458682,-0.14273813684188796,0.34569493730071155,1.053394219528044,-1.053394219528044,0.02465556608139989,-0.4923113904651778
15,1,3,59,2,positive,0.018885091449718283,0.025328519690918497,0.510809763611418,1.1272887300994228,-1.1272887300994228,-0.22452647803701398,-0.2395189078396497
15,1,3,60,2,positive,-0.2014860969464642,-1.2292531621411598,0.1383664890058773,2.2841956582999043,-2.2841956582999043,0.4468147400609961,-1.1976933581708664
15,1,3,61,2,positive,-0.5908368758078753,-1.35736511021966,0.03422007051571328,2.625888497343834,-2.625888497343834,0.2965300093409948,-1.079056707573579
15,1,3,62,2,positive,-0.5398530751881669,-1.392132743608983,0.2329965412639804,1.6308850925688727,-1.6308850925688727,0.7462188681112966,-1.2387044766468898
15,1,3,63,2,positive,-0.37387129231994587,-1.00069952060437,0.3934791873668694,1.7204712460279954,-1.7204712460279954,0.4337450702773461,-1.0105034681278318
15,1,3,64,2,positive,-0.44389046567545704,-0.3141580012041751,-0.5311840389884311,1.7784632279824752,-1.7784632279824752,-0.6036879096779462,0.17337925112776903
15,1,3,65,2,positive,-0.3670320685568847,-0.5639182368150281,0.0443570800727016,1.079914302187342,-1.079914302187342,0.09638847325785299,-0.4025807425729365
15,1,3,66,2,positive,0.3662395942837826,0.5025592533970187,0.03000086511059437,0.7064016035950035,-0.7064016035950035,-0.6059463014638942,0.3044390236998302
15,1,3,67,2,positive,1.077800994915255,-0.7372130782968974,-0.10444219309865478,1.3134543495217068,-1.3134543495217068,0.6238478957285285,-1.2238924792051975
15,1,3,68,2,positive,0.8573642243187876,-0.7066796199080743,-0.1848022786865714,1.316328980517025,-1.316328980517025,0.49209060827980466,-1.0429605927241823
15,1,3,69,2,positive,0.367269020694299,0.3425576265473299,-1.0052156432317234,1.188785474127422,-1.188785474127422,-0.951468325435612,0.6615309378160421
15,1,3,70,2,positive,0.21490543181826935,-0.6053775151779444,-0.6371329948023355,1.4632779561381,-1.4632779561381,-0.02312432452944435,-0.3942637336859113
15,1,3,71,2,positive,-0.006797737091678302,-0.6072848699410437,-0.3557456032699276,1.2568802189030839,-1.2568802189030839,0.06747701685281382,-0.42601319976024077
15,1,3,72,2,positive,0.1428442791296041,-0.1299501745052089,-0.19601873957156427,1.1976676945294693,-1.1976676945294693,-0.2869972104852676,-0.10336294428422882
15,1,3,73,2,positive,-0.10464593517665591,0.14341131091421844,-0.3015509702186555,0.9388854355159676,-0.9388854355159676,-0.591772091217978,0.34650976361187413
15,1,3,74,2,positive,0.13376278721499332,-0.7292557241329196,-0.25869832899474204,1.567891458274968,-1.567891458274968,0.16498005744801414,-0.6667879532430453
15,1,3,75,2,positive,0.626435966147816,-0.015367127442281952,0.5595296848762881,0.8501012042644853,-0.8501012042644853,0.12732194302882155,-0.608349952954334
15,1,3,76,2,positive,0.4437037343933424,-0.4594201490505423,0.21207157555913836,0.7935525042460579,-0.7935525042460579,0.4134944176193499,-0.7873078040267827
15,1,3,77,2,positive,0.213921552309741,-0.16767952598662314,0.46881495913472726,0.9199329009814692,-0.9199329009814692,0.08861406280762282,-0.5090477817088572
15,1,3,78,2,positive,0.48760673021265644,-0.32016534037414973,0.31500448084221777,1.6329991622669695,-1.6329991622669695,0.04336935663678465,-0.7214709459015869
15,1,3,79,2,positive,1.0292340077250948,-0.7960518835957859,-0.36612242616209395,1.2076919774082049,-1.2076919774082049,0.6145250849807179,-1.1276076743772863
15,1,3,80,2,positive,0.6212421199553531,-0.6688581570469281,-0.7346972243238187,0.9741540137043728,-0.9741540137043728,0.30632178435598195,-0.6121306048626953
15,1,3,81,2,positive,0.6238986999178371,1.0041442438457928,-0.6716631319431904,0.6877557891090499,-0.6877557891090499,-1.2493176508905939,1.0280264598584694
15,1,3,82,2,positive,0.6539102698602972,0.3508233090661104,-0.6793283462121767,1.256256902756738,-1.256256902756738,-0.7780483021023162,0.3635323472420502
15,1,3,83,2,positive,0.45972656487175745,-0.9361640199278801,-0.5499009692269927,1.4379440840276405,-1.4379440840276405,0.4267911904669215,-0.8910768177502625
15,1,3,84,2,positive,0.9430840258626164,-1.0683367490112226,-0.3219999291066436,1.949909283913094,-1.949909283913094,0.6253950199588487,-1.378878797389209
15,1,3,85,2,positive,2.149702276688828,-0.9703570675986751,-0.49611723992841655,2.4188089293887174,-2.4188089293887174,0.7152824367225731,-1.7971495859788806
15,1,3,86,2,positive,2.144824555294018,-1.3369566344352455,0.1796658901812316,1.9373080836620378,-1.9373080836620378,1.4660174217063162,-2.4992018571728707
15,1,3,87,2,positive,2.132616438089452,-1.1214387292610888,-0.5724978514209894,1.363775742406225,-1.363775742406225,1.186886344015168,-1.90149802259532
15,1,3,88,2,positive,1.7331620727313481,-1.4387063888124376,0.19127570191873264,1.5519245947028468,-1.5519245947028468,1.562877448794849,-2.400925276137478
15,1,3,89,2,positive,0.4159971352102036,-0.7050571367656511,0.29688098252038914,1.0044700882294515,-1.0044700882294515,0.6078598132660314,-1.0614961956309474
15,1,3,90,2,positive,0.05864770429717292,-0.38227609071485835,-0.550387997923993,0.6837897617025798,-0.6837897617025798,-0.009567261061608268,-0.13640594390144833
15,1,3,91,2,positive,0.22008934007237568,-0.6705029569082909,-0.5024101516141939,0.42383381709172974,-0.42383381709172974,0.4351180806971082,-0.5293425511373817
15,1,3,92,2,positive,0.8941087792532445,-1.1055705624106236,-0.34380463661290384,0.5314829128444233,-0.5314829128444233,1.1118443056759293,-1.3807226337307938
15,2,3,0,1,neutral,-0.22403435323143744,1.2802462774258248,-0.6442146115717131,0.7365632210713837,-0.7365632210713837,-1.8151836727173363,1.7143707598274
15,2,3,1,1,neutral,-0.7756521471284747,-0.000765099307666852,-0.5213956816927711,0.6743876109168326,-0.6743876109168326,-0.6563800472716926,0.6477588151029561
15,2,3,2,1,neutral,-1.095249301640346,0.7109351108489563,-0.9283428984502804,0.534762713099013,-0.534762713099013,-1.5637200819121695,1.7227312108942696
15,2,3,3,1,neutral,-0.09600975101544787,2.623443323626957,-0.34714212237284686,-0.17944589205740902,0.17944589205740902,-2.7113453174039193,2.8450192603211044
15,2,3,4,1,neutral,0.7063515908280674,1.883286282813568,0.44931037554737774,0.12620760972407172,-0.12620760972407172,-1.5401348305964433,1.3054552996258453
15,2,3,5,1,neutral,0.5607120149499777,1.0429112075396316,0.6855973471445046,0.5470330568351804,-0.5470330568351804,-0.809819105786531,0.4197565264923905
15,2,3,6,1,neutral,0.10163301802463795,1.4062318862054477,0.26336792318732977,0.46463300582405376,-0.46463300582405376,-1.4394425744094763,1.2237314155994639
15,2,3,7,1,neutral,-0.22799628756958457,1.0746514973703742,0.20689882896011821,0.2997966631534394,-0.2997966631534394,-1.181616204624676,1.0852002266751075
15,2,3,8,1,neutral,0.4051771195142733,0.9468342857823233,-0.11853061284398775,0.1837492415184254,-0.1837492415184254,-0.91253519739837,0.8035110324471806
15,2,3,9,1,neutral,0.5981939334939878,1.7843303276364244,-0.9560235894509406,0.7780102387956486,-0.7780102387956486,-2.1629436258872916,1.9632451556149009
15,2,3,10,1,neutral,-0.056540580890207484,1.6474720832406122,-0.769980799149525,0.32461484650617206,-0.32461484650617206,-2.031184158755914,2.0607327732604785
15,2,3,11,1,neutral,0.532641457304784,1.4384238607030655,-0.22920865431763113,0.4036505570079523,-0.4036505570079523,-1.4718297787099988,1.2867074592094891
15,2,3,12,1,neutral,0.2756537648965261,1.8399075805218579,-0.5320307062574383,0.7055135213762402,-0.7055135213762402,-2.1605377347675754,1.968096051202314
15,2,3,13,1,neutral,-0.38133743277717713,0.24232273574480628,-0.07496720610919404,0.9218813403284001,-0.9218813403284001,-0.7017180621497301,0.4704750551879919
15,2,3,14,1,neutral,-0.14880534704519932,1.5174727749643042,-0.26510278377189844,0.8895036126477086,-0.8895036126477086,-1.9519433561192396,1.724426840372853
15,2,3,15,1,neutral,-0.5986501278671799,0.6089367100368535,-1.0500842303100302,1.3934670548237353,-1.3934670548237353,-1.6230038477038353,1.4333038891254586
15,2,3,16,1,neutral,-0.5382343417917881,1.227648999247722,-1.0114339026005696,0.6926534643726674,-0.6926534643726674,-1.9750895688360637,2.002483121443901
15,2,3,17,1,neutral,-0.0694341974819056,3.4692528364160857,-0.8310206932308423,0.3813865667944402,-0.3813865667944402,-3.8965333222518153,3.9194802817724597
15,2,3,18,1,neutral,-0.08344974903484581,3.561894220637414,-0.6952496121179621,0.22852721598566297,-0.22852721598566297,-3.897636413016904,3.9512439012138176
15,2,3,19,1,neutral,0.00976272495235736,3.077343716214118,-0.5040749891556647,0.2923679782680321,-0.2923679782680321,-3.3395704637045647,3.3244998483157717
15,2,3,20,1,neutral,-0.34489914696631485,1.2508978445664054,-0.50010764596981,0.8835236859939055,-0.8835236859939055,-1.8270746708764154,1.6734012410344679
15,2,3,21,1,neutral,-0.4192257226968164,1.7091670956605478,-0.3905418998437693,0.627281923336079,-0.627281923336079,-2.1881836109527693,2.1140509069308404
15,2,3,22,1,neutral,-0.44862988376409096,1.674277887070185,-0.5497905267144224,0.8189053880670798,-0.8189053880670798,-2.2800531532520494,2.1734880923094417
15,2,3,23,1,neutral,-0.7433201961867746,0.20137426977588918,0.1400384963906216,0.6194185316510992,-0.6194185316510992,-0.6089410135916399,0.5030151196739656
15,2,3,24,1,neutral,0.44251157623461657,0.9003870783727368,0.698322417958911,0.38133588170589267,-0.38133588170589267,-0.6472210408768584,0.32997008127597294
15,2,3,25,1,neutral,0.24911169644069708,1.7752840444846691,-0.28154192065427897,0.3331374134726337,-0.3331374134726337,-1.8971399237134077,1.7914991565914602
15,2,3,26,1,neutral,-0.2905921796015881,0.44657556567152995,-0.7814379546717154,1.2156181599022835,-1.2156181599022835,-1.2091249970633922,0.9825906328081817
15,2,3,27,1,neutral,0.0958664751299735,0.15206295435614714,-0.3717031973512824,1.2278683857079649,-1.2278683857079649,-0.6532979903325717,0.2899813154668016
15,2,3,28,1,neutral,0.04861246514368128,-0.08619800788089116,1.0286496869712134,0.3932890882588466,-0.3932890882588466,0.3141890291662405,-0.6248290839383385
15,2,3,29,1,neutral,-0.005197994611792739,-0.022754504189154826,0.5479495633123717,0.46081645590889025,-0.46081645590889025,0.050066208453051056,-0.2941302885394443
15,2,3,30,1,neutral,0.07715426974375034,-0.07892468913823389,-0.33632638411715043,0.7313495220395442,-0.7313495220395442,-0.2512491896660809,0.05066136804846616
15,2,3,31,1,neutral,0.3414865341662543,0.5470018824713977,-0.1250421113877849,0.5321704652188222,-0.5321704652188222,-0.6522438966181819,0.438779671082163
15,2,3,32,1,neutral,-0.23681455724065406,1.4372989481348863,-0.599037452756792,0.2528974691252739,-0.2528974691252739,-1.800215441175793,1.8552249531336094
15,2,3,33,1,neutral,-0.3111408779547029,0.4000021438083917,-0.446226719544623,0.9391990602646084,-0.9391990602646084,-0.9655243630630365,0.7786859425580547
15,2,3,34,1,neutral,-0.30755430944228057,0.14965088607031019,-0.19798217222967307,1.1722169714245056,-1.1722169714245056,-0.7089020371024632,0.402419126906287
15,2,3,35,1,neutral,0.1830601036729618,1.3605111944329518,-0.21262002020437976,0.053139731144922965,-0.053139731144922965,-1.3880777436583986,1.3752911526986606
15,2,3,36,1,neutral,0.0009675859968696077,0.5563599377210857,-0.33041485272245347,0.22782269073885478,-0.22782269073885478,-0.7421165902092319,0.7210835710838777
15,2,3,37,1,neutral,-0.2449347564057808,1.1923148779155845,0.08998591461657106,0.2346643059673427,-0.2346643059673427,-1.3221859271677687,1.2697892988101893
15,2,3,38,1,neutral,0.8079258639286958,5.365346093510195,-0.44113422023301807,-0.3984731355035733,0.3984731355035733,-5.110257833777111,5.181950271662356
15,2,3,39,1,neutral,0.5082903206577669,5.880820978626739,-0.9344987011835912,0.05956357346157742,-0.05956357346157742,-6.042744963289206,6.093925168889651
15,2,3,40,1,neutral,-0.095684077957894,1.19934948017674,-1.0730404708219283,1.2892343215223634,-1.2892343215223634,-2.0186691036108018,1.7837117545666512
15,2,3,41,1,neutral,0.20961259904369606,1.1523210892782714,-0.33812098202969376,0.6025794480503153,-0.6025794480503153,-1.3960170329570423,1.2165752807712702
15,2,3,42,1,neutral,0.5612847899996689,2.308731787752971,-0.27061661000596227,0.7380879989806299,-0.7380879989806299,-2.457871727415279,2.163397697756118
15,2,3,43,1,neutral,0.18755439971156507,1.8656164744873664,-0.6186774228540067,0.6159440230512269,-0.6159440230512269,-2.214638823218589,2.081177986058587
15,2,3,44,1,neutral,0.07027197439496857,0.938946709265383,-0.6429057918082881,0.936197126154677,-0.936197126154677,-1.441890357121382,1.2252636179720429
15,2,3,45,1,neutral,0.07813736142389428,1.2748424062479562,0.08052184824478496,0.22412017264651127,-0.22412017264651127,-1.2966627272405669,1.1955128014136165
15,2,3,46,1,neutral,0.3143022873294228,0.7718472185876796,0.9861894279700304,0.42036511354265155,-0.42036511354265155,-0.47847168466874573,0.12160136093795304
15,2,3,47,1,neutral,-0.13341926641516205,1.0433744416999469,-0.024705210130033524,0.5970367367581125,-0.5970367367581125,-1.295094846134383,1.1224366799725447
15,2,3,48,1,neutral,-0.4190979843450513,2.301319245113535,-0.7327824006988235,0.6263995941020535,-0.6263995941020535,-2.894079238162178,2.8772594376354723
15,2,3,49,1,neutral,0.051544142024509104,2.8111635780206528,-0.5994807815607114,0.46104792796704763,-0.46104792796704763,-3.1474917671884026,3.085131897788754
15,2,3,50,1,neutral,0.22487774709589856,2.1117865917637415,-0.3644536433886731,0.4630587179619621,-0.4630587179619621,-2.31266479651532,2.181574539910129
15,2,3,51,1,neutral,-0.08884739252715637,1.775764243232152,-0.7283954560672452,1.034744462305811,-1.034744462305811,-2.393093346865556,2.184385667529353
15,2,3,52,1,neutral,0.4415052562740187,1.6009112675402521,-0.3011001994630238,0.3481855597028905,-0.3481855597028905,-1.670171435170884,1.5307087391347547
15,2,3,53,1,neutral,0.20632032350419865,1.3105436092426506,-0.2713611119532564,0.09107090285686932,-0.09107090285686932,-1.3625808396779595,1.3430640034671795
15,2,3,54,1,neutral,-0.11704934660684468,1.6861899881831444,-0.4248221047315182,0.0954731995233598,-0.0954731995233598,-1.8986382051370518,1.9571257138523257
15,2,3,55,1,neutral,-0.007136205647450433,4.946962581495143,-1.079653708953002,0.38473567946751724,-0.38473567946751724,-5.437471112851132,5.490357538795369
15,2,3,56,1,neutral,-0.11179400048092936,4.13914513654025,-0.8685399809861805,0.30872652064777656,-0.30872652064777656,-4.568831970578546,4.629312127273805
15,2,3,57,1,neutral,-0.14778315754908672,1.2997516993611988,0.25272338165716807,0.5338362591745248,-0.5338362591745248,-1.4427170443833466,1.247281587307158
15,2,3,58,1,neutral,0.4674267041220401,2.5439427955117373,-0.6602284911283466,0.18419909671964332,-0.18419909671964332,-2.6696097567537205,2.6403436890148906
15,2,3,59,1,neutral,0.10231884506910177,1.4870894184601642,-1.0222943744293918,0.8240781940953542,-0.8240781940953542,-2.0684406596120457,1.9470771831403093
15,2,3,60,1,neutral,-0.19013660893582718,1.8251251034063292,-1.0940455327276781,1.539853981856065,-1.539853981856065,-2.7664704779128524,2.467216174238082
15,2,3,61,1,neutral,0.3699032662338767,2.3755694096229147,-0.778057411385909,0.1905553303910339,-0.1905553303910339,-2.575139234803937,2.579646482198931
15,2,3,62,1,neutral,0.27901779351057143,0.5944859533352301,-0.6253135562751905,0.5460322101885976,-0.5460322101885976,-0.8919286109863023,0.7676338347175397
15,2,3,63,1,neutral,0.3094095888038315,1.3945859856856084,-0.9032842257690061,0.4466184419007329,-0.4466184419007329,-1.7414170119742443,1.6915233041681956
15,2,3,64,1,neutral,0.5033066644078524,1.0865667581538445,-0.06377688104567122,0.41567278156814397,-0.41567278156814397,-1.0786144242224989,0.8668018664727539
15,2,3,65,1,neutral,-0.2913680627826352,0.7952730153583926,-0.9071613809010454,1.3878331434206703,-1.3878331434206703,-1.6573938777265096,1.394537737200233
15,2,3,66,1,neutral,-0.011850953738452422,1.676879502398402,-0.6036016409342078,1.1792495174602513,-1.1792495174602513,-2.275113539776039,1.9846057997347322
15,2,3,67,1,neutral,-0.21114413698674936,1.8766318154263701,-0.7429986440125325,0.871453997264155,-0.871453997264155,-2.485164074847516,2.3537032059260112
15,2,3,68,1,neutral,-0.29363577259581874,1.8784170961704276,-0.5671454168972072,0.45022471441913176,-0.45022471441913176,-2.315419064141147,2.3088076909169404
15,2,3,69,1,neutral,-0.5094776420738899,0.7191881131021806,-0.4330921093255101,0.9300746466764815,-0.9300746466764815,-1.3434029124608078,1.1904729888018806
15,2,3,70,1,neutral,-0.23781633590008514,2.6754044833564072,-0.2025358757726612,0.023921684837270748,-0.023921684837270748,-2.8301624488597463,2.8955805891927806
15,2,3,71,1,neutral,-0.11066964813348826,2.4545413544167154,-0.8082140531655813,0.7004046716230534,-0.7004046716230534,-2.9943041453907564,2.91398320506625
15,2,3,72,1,neutral,-0.44393709643974266,1.201959799183649,-1.1040744930399031,0.8110417099720902,-0.8110417099720902,-1.9883108990008944,1.975965593923472
15,2,3,73,1,neutral,-0.684478269110252,-0.10906669906503927,-0.5474798945908022,0.9870178605921293,-0.9870178605921293,-0.6305919756993552,0.5069123827854878
15,2,3,74,1,neutral,-0.7356627436969194,1.0061663533872272,-1.04386568775194,1.2740777870630298,-1.2740777870630298,-2.0240350928911903,1.8959305691116568
15,2,3,75,1,neutral,-0.7194061328927644,1.1966502158033199,-0.9800152538114788,1.0095732054706543,-1.0095732054706543,-2.099648413194952,2.0463609091554416
15,2,3,76,1,neutral,-0.7706211967338445,1.2013498758590724,-0.9582912557525861,1.2472013108707543,-1.2472013108707543,-2.193387796978134,2.0658061021022878
15,2,3,77,1,neutral,-0.9853068534357475,-0.26624852103938484,-0.6995739186808116,0.9983410118179616,-0.9983410118179616,-0.628158740272122,0.5761918650188949
15,2,3,78,1,neutral,-1.0337641415236747,1.1108557668394148,-1.164469497649157,0.9745518385391176,-0.9745518385391176,-2.1684509260767313,2.2099725864258306
15,2,3,79,1,neutral,0.017804357251652303,2.8066814659334742,-0.661760459783147,0.07823333418978606,-0.07823333418978606,-3.047411278173901,3.1286595171992215
15,2,3,80,1,neutral,0.15266069827243023,2.4152310185544725,-0.34431777732793467,-0.08649625241687002,0.08649625241687002,-2.4502846274340175,2.511059558082225
15,2,3,81,1,neutral,-0.3720275095176196,2.8346638903157464,-0.2539534714911332,0.001300028929402915,-0.001300028929402915,-3.0437575602951314,3.1476543808201227
15,2,3,82,1,neutral,-0.24289360420369271,2.7010572828130135,-0.2724014845516597,0.07377508476107097,-0.07377508476107097,-2.897414007318488,2.9587048271906897
15,2,3,83,1,neutral,-0.13949330693664166,2.241916351490847,-0.5135348423957096,0.5876860946221508,-0.5876860946221508,-2.6554877661423477,2.5684304261570223
15,2,3,84,1,neutral,0.03333324637121719,1.4111392340787035,-0.196345376225032,0.7568776482520055,-0.7568776482520055,-1.7177691601139768,1.492645299005611
15,2,3,85,1,neutral,-0.03324432146550426,0.769194772681551,0.08594307367117361,0.4014986985408335,-0.4014986985408335,-0.885461421459939,0.7428453965787163
15,2,3,86,1,neutral,-0.28903393899045554,1.2853386266835967,-0.4371908992305056,0.5965515661168429,-0.5965515661168429,-1.726264094796198,1.648451045794077
15,2,3,87,1,neutral,0.06922528964135272,2.700034434645469,-0.9539353268361883,0.7965186356663031,-0.7965186356663031,-3.2604439922658486,3.142389453242887
15,2,3,88,1,neutral,0.014507211228411754,2.3683801001875953,-0.687786741825814,0.46359781822087065,-0.46359781822087065,-2.747339216460353,2.7050198654862965
15,2,3,89,1,neutral,0.28796172162511,0.7240000316760786,0.42073757426912434,0.4866901582999088,-0.4866901582999088,-0.6499969858113034,0.3696503837289614
15,2,3,90,1,neutral,0.29497715796707985,0.23528985145563824,0.37121753753883324,0.23662247928669033,-0.23662247928669033,-0.09209911271589735,-0.09780749629731827
15,2,3,91,1,neutral,0.02109562211130539,0.6120408113163103,-0.25184475033431614,0.6066539735557009,-0.6066539735557009,-0.8911751785758808,0.7274153754278156
15,3,3,0,0,negative,-0.5245280715684005,-0.21230851998213285,-0.34916862419909866,1.7855883250949562,-1.7855883250949562,-0.6741198203053523,0.22453982790161675
15,3,3,1,0,negative,-0.5594620834512927,-0.44091550102990706,-0.37339628718646634,1.946277310039051,-1.946277310039051,-0.5187963925290295,0.025513684288972438
15,3,3,2,0,negative,-0.5171368247895536,-0.5262225223692986,-0.8086109354170499,2.3641361170924724,-2.3641361170924724,-0.7037387700637269,0.13665135773400316
15,3,3,3,0,negative,-0.6670936566505766,-0.8483739651732197,-0.5750317105570292,2.47742324803802,-2.47742324803802,-0.3914755732419889,-0.22731128156941682
15,3,3,4,0,negative,-0.501243089154268,-0.12445482264896893,-0.7743034513246609,1.914323735272486,-1.914323735272486,-0.9388352692681695,0.5133184475904956
15,3,3,5,0,negative,4.862498927795807,1.2682424309666946,-0.9809618012351178,-0.11349819917773607,0.11349819917773607,0.06343601094611362,-0.6725261323136498
15,3,3,6,0,negative,4.5425554234454975,1.0323842055954606,-1.081321739638811,0.16586746896420645,-0.16586746896420645,0.06607119935203265,-0.6982326363078826
15,3,3,7,0,negative,-0.7301180789636705,-0.9367175546369813,-0.31273891071232945,2.0791651256118686,-2.0791651256118686,-0.10395648379230815,-0.41528905979898123
15,3,3,8,0,negative,-0.6959482259209777,-0.794375575179606,-0.5519695569741031,2.7247419013359697,-2.7247419013359697,-0.5298443195640776,-0.17041668373206553
15,3,3,9,0,negative,-0.8283426960402117,-0.19029148961932585,-0.5735354118402396,1.8134762274201632,-1.8134762274201632,-0.8814932888142123,0.5106475643208997
15,3,3,10,0,negative,-1.0041560852039302,-0.20066345934285548,-0.425918489344158,0.9319768293425161,-0.9319768293425161,-0.5866870086206792,0.5143738279311886
15,3,3,11,0,negative,-0.9424088998383703,-0.4770544815487092,-0.3355664771034141,1.4388696279573001,-1.4388696279573001,-0.4285605200843189,0.16193320692218294
15,3,3,12,0,negative,-0.7800192409810964,-0.46593088122228266,-0.48940262354259173,1.2223077858180538,-1.2223077858180538,-0.3646456688916312,0.1687800510395614
15,3,3,13,0,negative,-0.32782084247242427,0.0034019472900539693,-0.5775261553893654,1.0910579764324513,-1.0910579764324513,-0.6688702720548009,0.45607544622094875
15,3,3,14,0,negative,-0.3315788366859772,0.6416902666434866,-0.7176109133256756,1.3367013713251499,-1.3367013713251499,-1.4369873070890875,1.166285141649313
15,3,3,15,0,negative,-0.8981568693289165,-0.9459208202956539,-0.09067864059361377,1.686937353770542,-1.686937353770542,0.05399653239796309,-0.45150306533438883
15,3,3,16,0,negative,-0.9297701098548853,-0.3832208141660869,-0.3239718374131125,0.8915155445067175,-0.8915155445067175,-0.3318650164254848,0.24365015946791202
15,3,3,17,0,negative,-0.7288280080188376,-0.1278191683900357,-0.2826975775368495,0.8921858449193305,-0.8921858449193305,-0.5067513084349702,0.3779436243878078
15,3,3,18,0,negative,-0.5632924316538868,-0.568077824382043,-0.6268583302029255,3.167498147901713,-3.167498147901713,-0.8844718122041322,0.026997556546363155
15,3,3,19,0,negative,-0.16127441547059995,-0.38030387279722216,-0.4199584855935796,1.9714471847286694,-1.9714471847286694,-0.4705894891337275,-0.08968742226513238
15,3,3,20,0,negative,-0.5213201712566529,-0.9536487662319648,0.25146791915242295,1.6809443677923275,-1.6809443677923275,0.30338322626644565,-0.8187226401798499
15,3,3,21,0,negative,-0.7619827683628329,-0.690362090714039,-0.32523113182663055,1.3827061569380952,-1.3827061569380952,-0.13294459499514732,-0.14675514061930728
15,3,3,22,0,negative,-1.0309483554589955,-0.18772042255161137,-0.8277516417963463,0.8801722686697196,-0.8801722686697196,-0.7252369994234092,0.7416295760760596
15,3,3,23,0,negative,-0.9608884821002946,0.02654056814285219,-0.5124933118134803,1.4465787985148968,-1.4465787985148968,-0.9998607656190762,0.7632314650997397
15,3,3,24,0,negative,-0.8617515929361728,0.13548527903493834,0.36762150941873223,0.7086037457299544,-0.7086037457299544,-0.5363965554507366,0.3825503207936586
15,3,3,25,0,negative,-0.9206185266471794,0.20039389624976278,-0.5561586492637667,0.8552071183607796,-0.8552071183607796,-0.9777219943403379,0.9387824842052358
15,3,3,26,0,negative,-0.6862426080214424,0.19906771075500426,-0.463720755244644,0.8787121213064184,-0.8787121213064184,-0.8752928722791725,0.7740493923880475
15,3,3,27,0,negative,-0.24809500481847674,-0.3878070335311308,-0.16596658232165626,1.4734620479725142,-1.4734620479725142,-0.24136751150641833,-0.1807762399610643
15,3,3,28,0,negative,-0.2856474547088915,-0.25327607764438137,-0.285747022604329,1.4174266043349892,-1.4174266043349892,-0.4096642829050218,0.03242116101222886
15,3,3,29,0,negative,-0.8472583884169588,-0.7504706643922889,-0.32108661746207423,1.0728738397226874,-1.0728738397226874,0.003397715858382222,-0.16629816145277243
15,3,3,30,0,negative,-0.7873570041240867,-0.48004885924222895,-0.07398842606376468,0.9326026815521602,-0.9326026815521602,-0.11793384467110823,-0.04937614414830327
15,3,3,31,0,negative,-0.5670667720399328,0.07997658912876766,0.3962219282307783,0.7511438857832085,-0.7511438857832085,-0.38730616565955533,0.16539901103334492
15,3,3,32,0,negative,-0.36843324034796665,0.5358646591214864,0.17304984510132085,0.4202044119177241,-0.4202044119177241,-0.7410605948429431,0.6335563567448093
15,3,3,33,0,negative,-0.42233073479000327,0.5535232197101136,-0.10924049786463425,0.17684761710178667,-0.17684761710178667,-0.7896628362955884,0.8193088360374324
15,3,3,34,0,negative,-0.31563902102156527,-0.029952101300915634,0.3193594449396711,0.4867787468845289,-0.4867787468845289,-0.13106733968789205,-0.031812313259968555
15,3,3,35,0,negative,-0.4069615070404011,-0.008588524256964492,0.35230369506253817,0.5407574936666496,-0.5407574936666496,-0.18988324429120637,0.018740381731966987
15,3,3,36,0,negative,-1.0485643014915111,-0.25743199025958935,-0.21710829034503581,0.8457944018411623,-0.8457944018411623,-0.44639034096631364,0.37540430565868416
15,3,3,37,0,negative,-1.2022217840328244,-0.3010339454116969,-0.39709201944579386,1.3207890586924227,-1.3207890586924227,-0.6723336753119835,0.4986229563276122
15,3,3,38,0,negative,-1.1459575059962361,-0.39361042884962155,-0.11372740489957049,1.243660695735797,-1.243660695735797,-0.44083810669424633,0.23623202659828174
15,3,3,39,0,negative,-0.8138943928718283,-0.4503691586926646,-0.48942242875761505,1.8927697577548281,-1.8927697577548281,-0.614993034435426,0.20128925212205706
15,3,3,40,0,negative,-0.7196660772940853,-0.1576378566480249,-0.8337877852309364,1.0029276789372708,-1.0029276789372708,-0.6944893238394061,0.619089074614486
15,3,3,41,0,negative,-0.7434929751625382,1.0529901466914706,-1.3455777917227576,1.064204986159689,-1.064204986159689,-2.104082064373132,2.0975255301341185
15,3,3,42,0,negative,-0.7215497479107962,0.4774929942602735,-0.5971449174438654,0.5972226074538863,-0.5972226074538863,-1.116132085196456,1.1368403269376044
15,3,3,43,0,negative,-0.8338797510174094,0.5558228915914141,-0.1312380071479278,0.7041300267290916,-0.7041300267290916,-1.1122388198895572,1.0383817706740825
15,3,3,44,0,negative,-0.6752909608557507,0.43798903121927957,-0.31835958078740006,1.2173085152736718,-1.2173085152736718,-1.1749753835248868,0.9348143020408549
15,3,3,45,0,negative,-0.596969656048788,0.2830396048938408,-0.23007789588133049,1.065699662491714,-1.065699662491714,-0.9139553430344516,0.6965633808589
15,3,3,46,0,negative,-0.6131048203855193,-0.2832092701668114,-0.49519524861814473,0.8795658836853297,-0.8795658836853297,-0.37941271406285315,0.27094076433502057
15,3,3,47,0,negative,-0.5319512935797637,-0.3179005706191474,-0.5785696968657092,1.4372627283648132,-1.4372627283648132,-0.5313606689842811,0.23735992460358907
15,3,3,48,0,negative,-0.37052733177766634,-0.6166957563091828,-0.23553164671557184,1.8638549220338578,-1.8638549220338578,-0.20660887719984922,-0.31366626706256373
15,3,3,49,0,negative,-0.29864059980667323,-0.9287288186389336,0.3080013836854187,2.2016922005048642,-2.2016922005048642,0.19795167976356076,-0.9334092105783064
15,3,3,50,0,negative,-0.4106818417346507,-0.6591511794690547,-0.48677617272452517,1.0500835563945135,-1.0500835563945135,0.009970655851158194,-0.2104221722394667
15,3,3,51,0,negative,-0.931187698913175,0.27595529992824175,-0.7344763120249024,1.4497767222604974,-1.4497767222604974,-1.3144355443277667,1.1087873053972803
15,3,3,52,0,negative,-0.8423901291662692,0.14825294412716078,-0.682550842783852,1.2051377394660185,-1.2051377394660185,-1.058279181265874,0.9107234301022213
15,3,3,53,0,negative,-0.7948513251285343,-1.0072546185569886,-0.22003757062992252,1.2633283198377578,-1.2633283198377578,0.24784888002491712,-0.49981017067776023
15,3,3,54,0,negative,-0.34480579776174924,-0.43209444716466006,-0.25628984339252336,1.715902829847402,-1.715902829847402,-0.3402383765025647,-0.13154662658752375
15,3,3,55,0,negative,-0.46633992148661796,-0.49987641544553074,-0.01639675999936442,2.0905301756289574,-2.0905301756289574,-0.35787920359278247,-0.25850807470253956
15,3,3,56,0,negative,-0.011855348075180294,0.4871956741512409,-0.15378542981545595,0.2882926627572675,-0.2882926627572675,-0.6385068210338755,0.570016063096559
15,3,3,57,0,negative,0.00013317301716425645,0.604044321220957,0.046022191304353754,0.31941997454112664,-0.31941997454112664,-0.6951325246274932,0.580966639060198
15,3,3,58,0,negative,-0.829781414933809,-0.3386525807255494,0.36653645393666606,1.0550306514773984,-1.0550306514773984,-0.1674392900992977,-0.10703010022697793
15,3,3,59,0,negative,-1.169468013878944,-0.9444267090696394,-0.01015394083485848,1.543130465545695,-1.543130465545695,0.03684256898314031,-0.3546157317127382
15,3,3,60,0,negative,-0.8962896152056051,-0.8950482481243485,-0.4423107608579697,2.006607971277102,-2.006607971277102,-0.22002120098921063,-0.225748060092561
15,3,3,61,0,negative,-0.5874009564822164,-0.8862658903511786,-0.6473103207345872,1.5393769346278232,-1.5393769346278232,-0.038430180263697045,-0.26891025174277683
15,3,3,62,0,negative,-0.3679227634333766,-1.1255959736244263,-0.03759800851750057,1.550765655099884,-1.550765655099884,0.47350049794083926,-0.9228355876489878
15,3,3,63,0,negative,-0.7080830526748668,-1.3201578611847644,-0.1688839145414177,2.1177208483501837,-2.1177208483501837,0.32192858932927493,-0.8816743775766221
15,3,3,64,0,negative,0.10225274321424019,3.3208796969317222,-1.5762025236892987,1.4399823119269912,-1.4399823119269912,-4.292190394399072,4.057854587169252
15,3,3,65,0,negative,0.18764156566584728,3.1111155532381014,-1.4340542892110437,0.6781748084095979,-0.6781748084095979,-3.752644730556366,3.7343219150106997
15,3,3,66,0,negative,-0.3531897968155231,0.861977334305888,0.5529432028528813,-0.005233247995259417,0.005233247995259417,-0.7936484496283487,0.7621006312872088
15,3,3,67,0,negative,-0.15651586489987684,1.943054532241251,0.9433958115328089,-0.8344807352761872,0.8344807352761872,-1.402600971604878,1.5496145589247847
15,3,3,68,0,negative,-0.6984998919191885,0.2993143197179074,0.21952528414375327,-0.2149892044167138,0.2149892044167138,-0.3873094541708145,0.538801623605625
15,3,3,69,0,negative,-0.8345266606740814,-0.029698915835889517,-0.6098206366524827,1.5018590488298595,-1.5018590488298595,-0.9523698662162516,0.6924747328273926
15,3,3,70,0,negative,-0.7993146504132823,0.3860234252900156,-0.17917948948463439,0.7691749343874776,-0.7691749343874776,-0.968579783385147,0.8752704952389739
15,3,3,71,0,negative,-0.20355443190664743,1.9926413594494954,-0.3598343362399679,0.6837627417977498,-0.6837627417977498,-2.4083585294309504,2.274335743522803
15,3,3,72,0,negative,0.13760319590171094,0.7728597643684965,-0.6259592019215957,0.7924366021348743,-0.7924366021348743,-1.199790633753416,1.0170377673784388
15,3,3,73,0,negative,0.16455887652810142,-0.3116724584865438,-0.675692076871586,1.5260692396715687,-1.5260692396715687,-0.36739502151847403,-0.05610585831480153
15,3,3,74,0,negative,-0.5585880393076152,-0.5399612592251424,-0.682212988012197,0.6500058984852705,-0.6500058984852705,-0.09030771604321852,0.08043925443476374
15,3,3,75,0,negative,-1.0051734193955235,0.5574035021785123,-1.224454310594601,1.2358922400969188,-1.2358922400969188,-1.71257682554086,1.6722173671735745
15,3,3,76,0,negative,-0.4594832857322515,0.6348666795409242,0.25373377408486,0.3764500673044224,-0.3764500673044224,-0.8289332058581955,0.73774143536462
15,3,3,77,0,negative,-0.5428030944090371,-0.174591274213885,0.31578082701097343,1.0068385116662808,-1.0068385116662808,-0.23669565214089652,-0.06108014051485319
15,3,3,78,0,negative,-0.8071921479386646,0.010820396560184187,-0.36677719339781195,1.4494821983570814,-1.4494821983570814,-0.8853042431247033,0.5978050672284224
15,3,3,79,0,negative,-0.8447430031641712,-0.26217511706400354,-0.4802878715589223,0.9594387886626464,-0.9594387886626464,-0.4993147707312431,0.4003403202975432
15,3,3,80,0,negative,-0.8473003372505127,-0.454487240836657,-0.3339965576525346,0.5942202100754789,-0.5942202100754789,-0.1373517941561851,0.1361612066148667
15,4,3,0,0,negative,-0.8704624393812075,-0.818907753271756,-0.49937305811517085,1.7200782212083592,-1.7200782212083592,-0.21106348629648986,-0.1339900045235668
15,4,3,1,0,negative,-0.6794111935241337,-0.8677715554361607,-0.6381300420760265,1.4394082895488314,-1.4394082895488314,-0.05121161961350318,-0.20900093763608063
15,4,3,2,0,negative,-0.6966954856756761,-0.6611797252028236,-0.6738796831771491,0.5548535985100868,-0.5548535985100868,0.019370136081853007,0.024107859223588934
15,4,3,3,0,negative,-0.845919598341172,-0.061183640517076,-0.9442216261938619,1.232559310697,-1.232559310697,-0.9463832045602687,0.8338869717504409
15,4,3,4,0,negative,0.3426678450123284,-0.42703112174602786,-0.7603194157380561,1.6995206358778205,-1.6995206358778205,-0.27869294712182147,-0.21820533638316403
15,4,3,5,0,negative,0.474754716750353,-1.1038153034551292,0.5377395516541595,1.738413140750142,-1.738413140750142,0.8618423460065862,-1.6100624376573855
15,4,3,6,0,negative,-0.5088398376237964,-0.7360948735489257,-0.289132329310137,1.1779996781562847,-1.1779996781562847,0.07743759185218624,-0.337108790081959
15,4,3,7,0,negative,-0.6929268792047953,-0.9337760865607541,-0.16468014072778603,1.303625080870688,-1.303625080870688,0.21336538629299762,-0.5049725765944634
15,4,3,8,0,negative,-0.8839777572262855,-0.27576927626245007,-0.7093280997226221,1.302299281242375,-1.302299281242375,-0.6894324364679775,0.5208836522120037
15,4,3,9,0,negative,-0.5403379950286386,-0.46335083382137915,-0.5956646281009744,1.2705140258792136,-1.2705140258792136,-0.3388213825148964,0.10465047774342734
15,4,3,10,0,negative,-0.6285018336449107,-0.8692035300261237,-0.10861652518867176,1.5777880926036465,-1.5777880926036465,0.09756804621371407,-0.5006443506093324
15,4,3,11,0,negative,-0.3319745395918419,0.1902362035938259,-0.5490948501908998,1.3973627060118783,-1.3973627060118783,-0.9497135688586992,0.6307708984851967
15,4,3,12,0,negative,-0.2646874670990749,-0.21972956037699207,-0.577194749673534,0.8467466810449271,-0.8467466810449271,-0.34314673889551994,0.20121154800931243
15,4,3,13,0,negative,-0.09787915683553372,-0.6959642031526188,-0.4079018561266349,1.668887030609562,-1.668887030609562,-0.028925144704624817,-0.44307369667153446
15,4,3,14,0,negative,-0.5039851940283255,-0.9379830989701736,-0.3066667872314712,1.5394119071484564,-1.5394119071484564,0.15462846950075593,-0.5326571083402752
15,4,3,15,0,negative,-0.925663377527556,0.10994231361277722,-0.9005798054154368,1.372909552438365,-1.372909552438365,-1.1763265587398966,1.0230639050842736
15,4,3,16,0,negative,-0.9206750979891889,0.5269244812428864,-0.8949295720442402,1.0650596377017079,-1.0650596377017079,-1.4871459171545989,1.434726816259601
15,4,3,17,0,negative,-0.6931716099665607,-1.1735788337515787,0.09899687700592245,1.96388106810993,-1.96388106810993,0.320893566728056,-0.8764914672712596
15,4,3,18,0,negative,-0.5432389776488009,-1.0608771128476606,-0.010187440315289722,1.520310117607741,-1.520310117607741,0.3696316009903834,-0.7841639038656153
15,4,3,19,0,negative,-0.24963518616230934,-0.6783952286393189,-0.33037954899379063,1.0002451636633864,-1.0002451636633864,0.15164192903282336,-0.3883878610612689
15,4,3,20,0,negative,-0.46313377758095076,-0.5044318804285712,-0.4586101534651158,1.7486668959205167,-1.7486668959205167,-0.3857050618936232,-0.043559914905537955
15,4,3,21,0,negative,0.14624986609476703,-0.5126181362494258,2.1856008481572013,1.3096599877983812,-1.3096599877983812,0.8533483784006215,-1.67854349337541
15,4,3,22,0,negative,0.09168827248395145,-0.38090488663766386,1.8998750164436644,1.5596270041757352,-1.5596270041757352,0.524883648221624,-1.3766865311014718
15,4,3,23,0,negative,-0.18933963026366418,-0.5658966923242418,0.11961664822219929,1.1983776121767304,-1.1983776121767304,0.14319649425151,-0.5310352013035093
15,4,3,24,0,negative,-0.23384460868161996,-1.0501032533201864,0.30943271239029024,1.1872794341573272,-1.1872794341573272,0.6795394765039675,-1.0878973051745215
15,4,3,25,0,negative,-0.04362679634717215,1.090587144537113,-0.6670476306806461,0.553422962438472,-0.553422962438472,-1.5119529410258763,1.445924358051022
15,4,3,26,0,negative,0.9343165307866104,-0.4371865384540111,0.4851638257783132,2.0833964132102767,-2.0833964132102767,0.21588118623889338,-1.146926716736473
15,4,3,27,0,negative,0.9826960839238303,-1.1241480024649524,0.8037942134289756,2.6504256956859265,-2.6504256956859265,0.8361695363539123,-2.0173931511413556
15,4,3,28,0,negative,0.07127351642834925,-0.6623719100236516,0.3938305957507079,0.8207272622814911,-0.8207272622814911,0.543830859989507,-0.8949239661131801
15,4,3,29,0,negative,-0.1732017717063364,-1.0011892592214555,-0.4552651564326217,0.9094308173671037,-0.9094308173671037,0.48855667738610153,-0.6869557951519765
15,4,3,30,0,negative,-0.05424423431883557,-0.06417337471195741,-0.7155054716383609,0.13607383457887376,-0.13607383457887376,-0.23776780546673268,0.32070147826664086
15,4,3,31,0,negative,-0.058891140671062436,-0.267737889364709,-0.7284756827037498,0.32485107683857556,-0.32485107683857556,-0.10300141070642027,0.12594552232269718
15,4,3,32,0,negative,0.6090990551181708,0.27249457880191386,-0.6571752340106892,1.4477397902629396,-1.4477397902629396,-0.7710999018537332,0.2965326682481731
15,4,3,33,0,negative,0.5043467198790904,0.561183653628073,-1.0281781768833802,1.0470170134182004,-1.0470170134182004,-1.0847998104355696,0.8230993821302179
15,4,3,34,0,negative,-0.27252136877005323,-0.05955436024342692,-0.8687022471866379,-0.20940390047700871,0.20940390047700871,-0.25105221158313384,0.5110574477349186
15,4,3,35,0,negative,-0.66191655643848,-0.4116397982097548,-0.7977773727404185,0.19939074208941573,-0.19939074208941573,-0.1413884255463499,0.3182071663796944
15,4,3,36,0,negative,-0.8016513645787582,-0.7099649022718393,-0.7257066150934768,0.72263181388674,-0.72263181388674,-0.04003169558115249,0.0537140875642782
15,4,3,37,0,negative,-0.40169167659701543,-0.6945750606054268,-0.4435957252509464,0.6008167396631012,-0.6008167396631012,0.21254034676840577,-0.2719313596814459
15,4,3,38,0,negative,-0.1526617445122552,-0.8380818158156581,-0.5986215787064721,0.5652208651952413,-0.5652208651952413,0.39924708634433526,-0.4624401542062944
15,4,3,39,0,negative,0.3157638561480531,-0.3814558579773757,0.3557243091535271,-0.1806250084814779,0.1806250084814779,0.6654935825717283,-0.7171999406281657
15,4,3,40,0,negative,0.25074800835577304,-0.2721759534222751,-0.05548956868693631,-0.20287681555422551,0.20287681555422551,0.40488770516329586,-0.36980517325669343
15,4,3,41,0,negative,-0.11456773652843362,-1.056288427989797,-0.6673484346110639,0.9051351126009918,-0.9051351126009918,0.4939380000763006,-0.6653303424200483
15,4,3,42,0,negative,0.011378590270303121,-0.5534039589677469,-0.7699525802702781,0.5306522545693142,-0.5306522545693142,0.12366187744465046,-0.17411696396775933
15,4,3,43,0,negative,0.10237771636588369,-0.737854404898997,0.22050322012996698,0.4357254756974327,-0.4357254756974327,0.7002395584984696,-0.8992948731469224
15,4,3,44,0,negative,0.2631831938030935,-0.5063743586152745,-0.49818173512256236,0.49137485013907917,-0.49137485013907917,0.26424989479575844,-0.38887508795554004
15,4,3,45,0,negative,-0.1679109415356346,-0.7319261976635618,-0.5859281155562592,0.08297552667699037,-0.08297552667699037,0.4529880030739338,-0.3550066691176149
15,4,3,46,0,negative,-0.5267564470018624,0.4179915496939486,-0.957465660409384,-0.9384366153434868,0.9384366153434868,-0.5999200470498685,1.1601026033995718
15,4,3,47,0,negative,-0.15999497326260523,0.5777516628875935,-0.6892439592248661,-0.3283793304150766,0.3283793304150766,-0.7513715302450584,1.0023711291313293
15,4,3,48,0,negative,-0.3413079431574264,-0.4705155418693884,-0.24447674370041722,1.208552723317601,-1.208552723317601,-0.12759692818909318,-0.1776231984404666
15,4,3,49,0,negative,-0.5174064712724545,-0.4512183118563251,-0.5367463063713985,0.49225519526538636,-0.49225519526538636,-0.06425101244675469,0.07585807696560143
15,4,3,50,0,negative,0.014137816017492755,1.029640623253552,-0.39552467758533644,-0.3162522229130533,0.3162522229130533,-1.0513521694718155,1.2203340540374739
15,4,3,51,0,negative,-0.22993925074326116,0.9583238431521495,-0.23455658511521385,0.07666163319223333,-0.07666163319223333,-1.1387096661690523,1.190571761081387
15,4,3,52,0,negative,-0.5461771962670022,-0.6779114478368632,-0.3298030602508907,0.49377397610192153,-0.49377397610192153,0.22132670363025836,-0.23992131957791674
15,4,3,53,0,negative,-0.4936372177313679,-0.4134650681840913,-0.4493935360080294,0.9164016202805896,-0.9164016202805896,-0.20634572315590433,0.0580503086856074
15,4,3,54,0,negative,-0.09236053393018415,0.7299193977083007,-0.5260508778354118,0.15478335152914227,-0.15478335152914227,-0.9876509854732134,1.0391251035910987
15,4,3,55,0,negative,0.12084238378173692,0.03958127464402922,-0.09384438128943924,-0.39376985708186396,0.39376985708186396,0.10067467854735798,0.026082273397880378
15,4,3,56,0,negative,0.2538692924205182,-1.3614374118902905,-0.18918044220563088,1.247854193136604,-1.247854193136604,0.9670489642497182,-1.3937818369977342
15,4,3,57,0,negative,-0.06754462446365049,-0.7558902574643755,1.044168275547113,0.2790317728993908,-0.2790317728993908,0.9884208835257328,-1.2442020830061067
15,4,3,58,0,negative,-0.014124983839548633,0.6563192817206867,0.8681440200056982,-0.42693305271714843,0.42693305271714843,-0.2293352520929206,0.22930976363761185
15,4,3,59,0,negative,-0.21613086044317822,1.097960788900106,-0.7271619411726279,0.46517302777323083,-0.46517302777323083,-1.5674493986964515,1.569607189708009
15,4,3,60,0,negative,-0.06290910891119907,1.3755206264094175,-0.6737444632086641,0.6940157726982136,-0.6940157726982136,-1.852410408015443,1.743847412469349
15,4,3,61,0,negative,0.1888845026041249,-0.19256913529542768,0.38163071409430743,-0.19530963627106587,0.19530963627106587,0.4478440862852604,-0.47782674364464384
15,4,3,62,0,negative,-0.3233104603244211,-1.005133195184907,0.24969965804912433,0.1784267171274012,-0.1784267171274012,0.921120688717341,-0.9683277940472585
15,4,3,63,0,negative,-0.7901075017404475,-1.2044688392772138,-0.3138165618874824,0.38592677354285215,-0.38592677354285215,0.7078518935536198,-0.6525068074632489
15,4,3,64,0,negative,-0.30830120604593075,-0.05386291554858824,-0.31583797067021163,-1.1857295545902096,1.1857295545902096,0.2410597081732773,0.25820667280948295
15,4,3,65,0,negative,0.6137749077601365,1.6252666059303795,0.3567312424056364,-1.283110708370665,1.283110708370665,-0.8740609864182335,1.140013530847493
15,4,3,66,0,negative,0.08989996596256045,0.7396560233400689,0.06673150771238394,0.18103610327178712,-0.18103610327178712,-0.7477908998723498,0.6613402865025967
15,4,3,67,0,negative,-0.566526927681229,0.3542724240912897,-0.2403027315199949,-0.5856901193348389,0.5856901193348389,-0.42798560404675134,0.7576872536919017
15,4,3,68,0,negative,0.28353135398867024,2.860263392254593,-0.2161605709243811,-0.9247812758163981,0.9247812758163981,-2.529546039294364,2.8265780007224484
15,4,3,69,0,negative,-0.23934814699465753,2.3130702531644767,-0.44030871769350927,-0.5175296448412287,0.5175296448412287,-2.3671126597801226,2.65289868550856
15,4,3,70,0,negative,-0.7958990786158074,-0.06127067483289893,-0.1443660654523142,-0.2037241007587726,0.2037241007587726,-0.18424300627021745,0.4088618972011619
15,4,3,71,0,negative,0.11989802502556896,-1.0071014350305916,-0.30870571469748476,0.386286764533847,-0.386286764533847,0.8154032836286706,-0.9126975901946337
15,4,3,72,0,negative,0.4098526468904919,0.3882868994538847,0.45207277199397294,-0.7392572549130122,0.7392572549130122,0.14544065847860765,-0.04267580998834769
15,4,3,73,0,negative,0.14781604567036405,0.5933912443568132,0.7418648271228753,-0.7401475348042262,0.7401475348042262,-0.050115108490991433,0.1485508079601936
15,4,3,74,0,negative,-0.3642135768704264,-0.3471483397868713,-0.25392702484241664,1.3387312471011787,-1.3387312471011787,-0.30514227648446923,-0.03807803893044981
15,4,3,75,0,negative,-0.018878079146465998,-0.6402474474786056,0.23291957982874162,-0.06215775469731377,0.06215775469731377,0.7323138659384687,-0.7472681978197434
15,4,3,76,0,negative,-0.35244366567144825,-0.31213880209385503,0.214981490001704,-0.2892361857652523,0.2892361857652523,0.3627301387923577,-0.2434077142589829
15,4,3,77,0,negative,-0.3976921493505363,-0.22101776201018714,-0.7194907126795669,0.514483393921676,-0.514483393921676,-0.32287098997373925,0.33757366900486446
15,4,3,78,0,negative,-0.6509138229139528,-0.28402263568092867,-0.3918256961024469,0.7368735027904681,-0.7368735027904681,-0.30918170492136055,0.2373471238272712
15,4,3,79,0,negative,-0.5258519073335958,0.7276390188757955,-0.8590062519265139,0.17324412652455853,-0.17324412652455853,-1.2470064474706848,1.4200680985058503
15,4,3,80,0,negative,-0.469265158209647,0.6626201400461129,-1.2258497114159788,0.9593671586809004,-0.9593671586809004,-1.5474474828149551,1.510177574858926
15,4,3,81,0,negative,-0.7226783245103789,1.205548844140514,-0.9636560895939256,0.47006976726655364,-0.47006976726655364,-1.9243502379308,2.0487160511926663
15,4,3,82,0,negative,-0.33115436891755284,3.0381818180322093,-0.9866733271383772,0.3376280884244695,-0.3376280884244695,-3.590000412859009,3.697095666060174
15,4,3,83,0,negative,-0.5515050482674669,0.48786423598509254,-0.7866621777829922,0.7937792543528063,-0.7937792543528063,-1.1985130627861809,1.1569478490103222
15,4,3,84,0,negative,-0.472676338949036,-0.38396668234204623,-0.831340543450813,0.6418624980027567,-0.6418624980027567,-0.26465977779215566,0.2680417588578783
15,4,3,85,0,negative,-0.374496596778227,-0.006194152106113541,-0.6982696398997837,0.09537345863853151,-0.09537345863853151,-0.3831857463327339,0.5301889662328918
15,4,3,86,0,negative,0.32607559302470057,0.386006698394587,-1.0618940767350724,0.1635327214802016,-0.1635327214802016,-0.6857904334581115,0.7539159402497729
15,4,3,87,0,negative,0.16520638369482776,-0.021959347407927488,-0.7033252610066908,0.7235077260449518,-0.7235077260449518,-0.3985828537110108,0.24710009124800403
15,4,3,88,0,negative,-0.47697267037844204,-0.5750897688810586,-0.31654396622223285,0.7922239844921771,-0.7922239844921771,0.046509561850107795,-0.17833145058072108
15,4,3,89,0,negative,-0.012511071982153128,0.04417751765337743,-0.02265691594558661,0.4417352895777685,-0.4417352895777685,-0.20314527682188016,0.0617615116172473
15,4,3,90,0,negative,-0.20327982825089386,-0.2836738719798705,-0.0727623422808216,0.8153336783285452,-0.8153336783285452,-0.08011807764021633,-0.14565278671401277
15,4,3,91,0,negative,-0.2814217806131405,0.17788380829574857,-0.291922544916168,0.5316188402392902,-0.5316188402392902,-0.5462048635519481,0.4645559710604028
15,4,3,92,0,negative,-0.31711537270932755,0.08159634023628026,-0.7302136986154923,-0.03374663682923703,0.03374663682923703,-0.41945715173480785,0.6052608758986902
15,4,3,93,0,negative,-0.6573515946538447,-0.01108413161012882,-0.9922338414457005,0.7148389580249036,-0.7148389580249036,-0.7770573330980208,0.8137085864396438
15,5,3,0,1,neutral,-0.13583877132551805,1.3553948274537084,-0.7621175318573037,1.0164776074846944,-1.0164776074846944,-1.9935394643428803,1.8043729790451193
15,5,3,1,1,neutral,-0.011405932569488908,1.676125310626852,-0.7997450720616641,1.0895897522975626,-1.0895897522975626,-2.309705562936424,2.0817008129424286
15,5,3,2,1,neutral,-0.8463466728682927,1.8279974932988656,-1.2154400011910538,1.4423178802000176,-1.4423178802000176,-2.996032344718654,2.858890830328539
15,5,3,3,1,neutral,-0.5763409788092263,0.8447785350295899,-0.42732909123425705,1.033668358002486,-1.033668358002486,-1.5238913443782462,1.3466135700513315
15,5,3,4,1,neutral,0.08545369929450869,2.5128068843456415,-0.22072054048046305,0.24425369004871247,-0.24425369004871247,-2.6393137280905306,2.5804403049386186
15,5,3,5,1,neutral,0.08626321646961699,2.2133218279945774,0.014450924830605148,-0.16217058817971355,0.16217058817971355,-2.125693584834599,2.1629647573444664
15,5,3,6,1,neutral,-0.2639485290759033,0.21982446895598134,0.3004393591060237,0.2548082121423551,-0.2548082121423551,-0.29259692966005957,0.20157905394092115
15,5,3,7,1,neutral,-0.19870668141831255,0.9816354717970763,-0.14989953443743634,0.24492897813977585,-0.24492897813977585,-1.1794805364622514,1.1559385797249508
15,5,3,8,1,neutral,0.1899530363429548,1.5434617225315654,0.7286372413151089,-0.4905625143221865,0.4905625143221865,-1.0737441252048154,1.0841665837025336
15,5,3,9,1,neutral,0.10800907493374351,0.23024436561417974,0.4097399275602495,-0.11432203680781855,0.11432203680781855,-0.01955401918024252,-0.028630135632816772
15,5,3,10,1,neutral,0.06768785466712551,0.7775935512365378,-0.7861891522657654,0.4591460602219957,-0.4591460602219957,-1.170142670510083,1.1368442000358576
15,5,3,11,1,neutral,-0.47067230058348375,0.7880594012512858,-1.0835626399165417,-0.031385919036422995,0.031385919036422995,-1.2956757417391533,1.5651768715012986
15,5,3,12,1,neutral,-0.3729400398340327,0.03564492368713552,-0.8573992570151874,0.23355184425788092,-0.23355184425788092,-0.5236086373895026,0.6508145721117456
15,5,3,13,1,neutral,-0.349542584086085,-0.7393572138153117,-0.5172877272020554,1.2212540720214815,-1.2212540720214815,0.04332908604543784,-0.30594205817124154
15,5,3,14,1,neutral,-0.5202285551400467,-0.5963117191082357,-0.40780392200629656,1.1350100027952335,-1.1350100027952335,-0.09136910753895655,-0.13229548053506401
15,5,3,15,1,neutral,-0.9194831842492968,-0.37780751984026717,-0.6759823429221155,0.8454382185770809,-0.8454382185770809,-0.4358270620758973,0.41992524374543894
15,5,3,16,1,neutral,-0.8021432957608277,-0.8067647626363762,-0.021559044762654085,1.0403181782430775,-1.0403181782430775,0.18542458971418974,-0.3949135923746353
15,5,3,17,1,neutral,-0.817512474781318,-0.3892123548292068,-0.5147730598033574,0.5399637565988343,-0.5399637565988343,-0.23487074223196314,0.2769304124631309
15,5,3,18,1,neutral,-0.32006624381908444,0.7446345093681226,0.10923230143218952,0.10629354516758531,-0.10629354516758531,-0.8503436718862827,0.85005148056157
15,5,3,19,1,neutral,-0.204437239446109,0.8493454888824424,0.03091611587601895,-0.4033022727104579,0.4033022727104579,-0.7727517725023199,0.9361060506674874
15,5,3,20,1,neutral,-0.3890512292283147,-1.0610824502917864,0.6585637434007985,0.04085181487276416,-0.04085181487276416,1.1373026833916928,-1.1958387073780283
15,5,3,21,1,neutral,-0.5966727115362831,-0.7851099582180723,0.8345144385062819,-0.09457039596687135,0.09457039596687135,0.895913999197029,-0.9040308217030717
15,5,3,22,1,neutral,-0.6519761173058332,-0.5398358872127816,0.16726217966915316,0.054697584530192245,-0.054697584530192245,0.3600320464904909,-0.2974789183944416
15,5,3,23,1,neutral,-0.6657842898632307,-0.3493381400383985,-0.365751670447356,0.39455199155154724,-0.39455199155154724,-0.1260245105823128,0.16642984011689482
15,5,3,24,1,neutral,-0.8028600271913726,-0.30569674798627733,-0.139735506825777,0.43857687947296703,-0.43857687947296703,-0.15469405651042822,0.1656010190222975
15,5,3,25,1,neutral,-0.5979341269785701,0.641584005606334,-0.6435857617057653,-0.011472296638391555,0.011472296638391555,-1.0515998696216486,1.2623439499485016
15,5,3,26,1,neutral,-0.2723659372816315,1.3109740600799462,-0.3121934962546786,-0.018550607914764223,0.018550607914764223,-1.4996436686204615,1.6032537768481012
15,5,3,27,1,neutral,-0.18872172210625737,1.9245743453045459,-0.5775473839215353,-0.282632707389081,0.282632707389081,-2.0857864781841164,2.307708898318442
15,5,3,28,1,neutral,-0.08853081728377764,1.3636741828067145,-0.3544359552797361,0.27987097307773545,-0.27987097307773545,-1.6046200980204641,1.5851575690884714
15,5,3,29,1,neutral,-0.2770845877524598,0.6490278301742041,-0.4475338263529025,-0.21026515481459018,0.21026515481459018,-0.8204789166044615,1.0113370372268853
15,5,3,30,1,neutral,-0.3492168868375012,-0.5888685180139328,-0.6895373974631707,0.7572137734639766,-0.7572137734639766,-0.009787501240949958,-0.06949137586359688
15,5,3,31,1,neutral,-0.045315114542270246,1.0244373437769791,-0.1314158734736068,0.04750823984290483,-0.04750823984290483,-1.0991837530632398,1.1128028377849177
15,5,3,32,1,neutral,-0.4356960076049934,1.0214016288798105,-0.39179544921531195,-0.0772304027797917,0.0772304027797917,-1.271488646893315,1.4351473572899631
15,5,3,33,1,neutral,-0.5372675830273396,-0.2728631110012419,0.19217758191842557,0.2929706466404811,-0.2929706466404811,0.060176228418110184,-0.1003181104467849
15,5,3,34,1,neutral,-0.9441706896166264,-0.649029351091988,-0.759899076119641,0.8810647939761186,-0.8810647939761186,-0.21268216881214064,0.20300553177614566
15,5,3,35,1,neutral,-0.6024535096986723,0.6435108923017409,-0.4466195995337605,-0.2779704352800715,0.2779704352800715,-0.900545116952528,1.1680474469179574
15,5,3,36,1,neutral,-0.6208224285426119,0.3946315578941155,-0.7654592747017548,0.23903554476990055,-0.23903554476990055,-0.9364039738988713,1.0877724095162988
15,5,3,37,1,neutral,-0.43034984297443624,1.0926387039578094,-1.0198690990132433,0.637405766126134,-0.637405766126134,-1.7885136066624137,1.817748174951649
15,5,3,38,1,neutral,-0.49260125687646916,1.3955412872135609,-0.9957163114806635,0.22234226132655668,-0.22234226132655668,-1.9657612304414573,2.1397000713921273
15,5,3,39,1,neutral,-0.7605668635672385,0.14665117176404593,-0.795995018773781,0.5150928735072705,-0.5150928735072705,-0.8372027570468092,0.9249321129345557
15,5,3,40,1,neutral,-0.5553372189676229,-0.3643250443869508,-0.7244165955697859,0.5385478473324837,-0.5385478473324837,-0.24177550956968008,0.2755518628817536
15,5,3,41,1,neutral,-0.2540448781883544,0.057125768330800554,0.03071264130823949,0.6471852706316159,-0.6471852706316159,-0.3472982708347109,0.16879188677085802
15,5,3,42,1,neutral,-0.3969245749984325,-0.2383307736688641,-0.5379475390904274,0.4407433162428636,-0.4407433162428636,-0.22020770310837703,0.22910528337556582
15,5,3,43,1,neutral,-0.16334434144550108,0.5458872061301674,-0.9712330560187904,0.2965710666040296,-0.2965710666040296,-1.022936694152941,1.113175904862313
15,5,3,44,1,neutral,-0.49388747025325225,-0.20801177145983835,-0.7467017376791909,0.42782903839010383,-0.42782903839010383,-0.34812764398101065,0.41228283250638326
15,5,3,45,1,neutral,-0.023009890633816282,-0.37173511755928373,-0.7551936416273793,0.7910513372927902,-0.7910513372927902,-0.1513498389587115,0.01736664857131409
15,5,3,46,1,neutral,-0.5062325021451102,-0.41499696557202737,-0.7761463936898819,0.717904581753633,-0.717904581753633,-0.251764193624181,0.22619248234546863
15,5,3,47,1,neutral,-0.7875193410089614,-0.45445518417557484,-1.2261196985205793,1.8700314417335606,-1.8700314417335606,-0.8401016429121257,0.5523643355891956
15,5,3,48,1,neutral,-0.8746041007565083,-0.05691007571498215,-1.2022842285021824,1.3085848649364216,-1.3085848649364216,-1.071580989016722,0.9815340889143632
15,5,3,49,1,neutral,-0.8223705879304526,0.9549192112636629,-1.3296910003460578,0.4554527101597623,-0.4554527101597623,-1.8240906440757536,2.030950005401918
15,5,3,50,1,neutral,-0.5893367443567465,-0.6287310784393655,-0.886696079674571,0.541107959395482,-0.541107959395482,-0.04364918270290097,0.10928533357629322
15,5,3,51,1,neutral,-0.5954334407655961,1.8282033464739509,-1.4711992675876637,0.6642228172515082,-0.6642228172515082,-2.7384885216755404,2.8615197006505806
15,5,3,52,1,neutral,-0.8039510009476474,0.6155133904482714,-1.079625077086186,0.7017818055038743,-0.7017818055038743,-1.4772993516275073,1.5573014294651881
15,5,3,53,1,neutral,-0.6199478302000294,0.3717970167157589,-0.8458491643622341,0.18707247056343232,-0.18707247056343232,-0.9227535050909907,1.1046955139968906
15,5,3,54,1,neutral,-0.30070547364136657,0.9218012609766073,-0.7766084414737362,0.23319763813327823,-0.23319763813327823,-1.3586384453927343,1.4604582185341588
15,5,3,55,1,neutral,-0.11223690188648211,2.1467460081281287,-1.014216514071987,-0.5953895520405459,0.5953895520405459,-2.32376729610077,2.7099727161073632
15,5,3,56,1,neutral,0.11718535773790184,1.934990258182381,-0.8376823607522397,0.2626035036541102,-0.2626035036541102,-2.2626904270718637,2.29523875968955
15,5,3,57,1,neutral,0.42333217307971494,2.181202077771499,-0.08661093808569162,-0.19268066287629326,0.19268066287629326,-2.004734778481393,2.0128414602744873
15,5,3,58,1,neutral,0.053125831510403176,1.2543645879951075,-0.20428687854284996,-0.46037616523354546,0.46037616523354546,-1.1512928819280746,1.329945111511331
15,5,3,59,1,neutral,0.24151781239044562,1.2983953980588183,-0.46848117116323224,-0.7952391822365618,0.7952391822365618,-1.1089701235708933,1.4118770774452116
15,5,3,60,1,neutral,-0.01229001582250766,0.37876710460594804,-0.7726426815719978,-0.017049545323396902,0.017049545323396902,-0.6347281552963175,0.7712334533032008
15,5,3,61,1,neutral,-0.15250359545352085,1.005467584278566,-1.0770910876551727,0.4355960014855073,-0.4355960014855073,-1.5605311458099664,1.6202649258329127
15,5,3,62,1,neutral,-0.17377159076905938,1.9525085121863075,-0.6748173690464087,-0.3018938636463086,0.3018938636463086,-2.1347402109093605,2.3768029920940417
15,5,3,63,1,neutral,-0.28610903927813697,0.22608000197386657,-0.09325288896709943,0.08946910162323767,-0.08946910162323767,-0.3823570119300246,0.4157609660964848
15,5,3,64,1,neutral,-0.3374758786290261,-0.04021982347621575,-0.9451798392805533,0.38703689969434557,-0.38703689969434557,-0.5163443823917593,0.6011080354785739
15,5,3,65,1,neutral,-0.5547177924355491,-0.3049117723119361,-0.8743222195083387,0.7101661754290994,-0.7101661754290994,-0.40815695681239295,0.40960823366000776
15,5,3,66,1,neutral,-0.21867063499143558,0.813817980525414,-0.057449721052083486,-0.5459975450654247,0.5459975450654247,-0.723858917518112,0.9518781585471735
15,5,3,67,1,neutral,-0.3735736611125072,0.3960173320625046,-0.7756799402943159,-0.028937234190374195,0.028937234190374195,-0.7694561211346542,0.9706441327659161
15,5,3,68,1,neutral,-0.33286899284746774,-0.016873839475338506,-0.4186958195834209,0.8131949964730637,-0.8131949964730637,-0.5047127634926456,0.35890856674010585
15,5,3,69,1,neutral,-0.08533096422492226,-0.09109960932720498,1.5163796587541776,-0.17117186347871446,0.17117186347871446,0.6251731286631949,-0.8066239565918326
15,5,3,70,1,neutral,0.05149039861484696,0.7066530345338016,0.8625282612699852,-0.47625993265018823,0.47625993265018823,-0.24322683702212816,0.24964370459138552
15,5,3,71,1,neutral,-0.03598756176400984,0.48128808046104493,0.8244578384824803,-0.06697720364075499,0.06697720364075499,-0.1961389203413031,0.0870529421018097
15,5,3,72,1,neutral,-0.2893986297399724,-0.9627187040819638,-0.06515750700341166,1.5763639765224482,-1.5763639765224482,0.31907866632668636,-0.7854406357102718
15,6,3,0,2,positive,-0.5556447084274776,-0.9193246484852612,-0.49937736458353127,-0.18106619473939775,0.18106619473939775,0.6280060223947241,-0.3918136119797567
15,6,3,1,2,positive,-0.5725733105614779,0.24964824847810502,-1.26307714347666,0.1922614457808225,-0.1922614457808225,-0.9256188817510917,1.1674734754971738
15,6,3,2,2,positive,-0.27601866719594664,2.3181264109756863,-0.9830055082437336,-0.4677588638555667,0.4677588638555667,-2.5818815148370575,2.947638498695526
15,6,3,3,2,positive,0.016381145337201364,0.10767692885073472,-0.6751495209454963,-0.6609662817577945,0.6609662817577945,-0.1069442934675682,0.4370611166548822
15,6,3,4,2,positive,0.49772452169190523,-0.5854405794654134,-0.10096306322142021,-0.135528553684801,0.135528553684801,0.7628705835171754,-0.7838213087006559
15,6,3,5,2,positive,0.6483693742787143,-0.39948290094769096,-0.38847693479252915,0.059911897350592026,-0.059911897350592026,0.4661430816595553,-0.5294291206907835
15,6,3,6,2,positive,0.37625988920895576,-0.4783595320970252,-0.8806962097590764,0.10876170135426837,-0.10876170135426837,0.27396019146222894,-0.22614137182196492
15,6,3,7,2,positive,0.42735271076328124,-1.0873688483173163,-0.043465800658942844,0.29672996859246453,-0.29672996859246453,1.1164211621546076,-1.2793123033694855
15,6,3,8,2,positive,0.5517759261113375,-1.0315116460727296,-0.4626251221424866,0.5196191369245858,-0.5196191369245858,0.8880222017541513,-1.0760870480571552
15,6,3,9,2,positive,-0.21094128091703207,0.5059709673626976,-0.7500919436935518,-0.6780691230913916,0.6780691230913916,-0.6002923345357618,0.9864875796679896
15,6,3,10,2,positive,0.1556982150473956,1.714003704855115,-0.9920713841412664,-0.800571647144285,0.800571647144285,-1.725937545504977,2.1321902894020504
15,6,3,11,2,positive,0.40280764330130386,-0.43862006908555334,-0.519070121672331,-0.4788071034771781,0.4788071034771781,0.5594682774542703,-0.38048882990003974
15,6,3,12,2,positive,-0.2016418284759139,-0.23812261763145026,-0.9310244443325962,0.19185156405489912,-0.19185156405489912,-0.20338332798968622,0.3282105187728048
15,6,3,13,2,positive,-0.6047958042588909,-0.9198102069134328,-0.8004590993262939,-0.11114727575568406,0.11114727575568406,0.4884409976369326,-0.2171827551208405
15,6,3,14,2,positive,-0.09285492159434036,-0.6126877698919138,-0.12321172092687062,-0.27893692781402174,0.27893692781402174,0.6336445316561841,-0.5046544486313083
15,6,3,15,2,positive,0.294754440476584,-0.5409054806245809,0.11339952052377905,-0.7361769596921536,0.7361769596921536,0.9223491208554198,-0.7449824611247624
15,6,3,16,2,positive,1.0182658404253522,-0.5588712599083421,-0.26899509724317844,-0.3113648121103345,0.3113648121103345,0.9124164450058447,-0.9335066314994289
15,6,3,17,2,positive,1.112126588724057,-0.6193339419347503,-0.840382082517835,0.08090235020103043,-0.08090235020103043,0.6829479939364809,-0.7552061950378613
15,6,3,18,2,positive,0.4091228632445297,-0.6123128815699326,-0.549253924452647,-0.15152366863013755,0.15152366863013755,0.6161104173772727,-0.542247350965874
15,6,3,19,2,positive,0.2185281774193217,0.03450184328022608,-0.24381342833925335,-0.35051537652423975,0.35051537652423975,0.07390819858787662,0.0471444687401919
15,6,3,20,2,positive,-0.007525582652482973,0.27058052619829887,-0.6459641504098722,-1.6605191519011857,1.6605191519011857,0.06509594674797797,0.5973253927294764
15,6,3,21,2,positive,-0.30548702900635016,0.012808532999965844,-1.044771683344629,-0.18571353346565997,0.18571353346565997,-0.40099025929507226,0.6879378891754555
15,6,3,22,2,positive,0.2979421343793168,0.07363345095622567,0.2952129230328332,-0.8062662338925212,0.8062662338925212,0.39284031281199805,-0.22294407774984934
15,6,3,23,2,positive,0.49625157453305635,-0.5334959156441468,-0.6679910878979577,-0.7222477259533179,0.7222477259533179,0.716998653173619,-0.4476261589616961
15,6,3,24,2,positive,0.27639425083391594,-0.5339656268733441,-0.3701591117965816,-0.6840327812094374,0.6840327812094374,0.7307216002889347,-0.4870831963920113
15,6,3,25,2,positive,0.27562540015816517,0.9805406505584583,-0.964984167981594,-1.2377982707323378,1.2377982707323378,-0.7977274829221553,1.3252200344701728
15,6,3,26,2,positive,0.3258294810967719,0.48034572722093744,-1.2422280101337884,1.3515012188751054,-1.3515012188751054,-1.2363123098583113,0.9385449917394457
15,6,3,27,2,positive,0.31703587710396,0.34189320004073265,-0.7701557975036588,0.3392891997424469,-0.3392891997424469,-0.6060295734214478,0.568453160240582
15,6,3,28,2,positive,0.9017492367662484,-0.5637502244672858,-0.8245748823591289,1.5539677234580063,-1.5539677234580063,0.07148576811699026,-0.6023374016708456
15,6,3,29,2,positive,0.4699924202327813,-0.2940301259411575,-0.1346460537214451,-0.19264077648622965,0.19264077648622965,0.47002584027367944,-0.4617033091968256
15,6,3,30,2,positive,0.4193016031758268,0.3755951788800852,0.5125172220512496,-0.6545492038680562,0.6545492038680562,0.15319416415162568,-0.09031423373345304
15,6,3,31,2,positive,0.46471585862301135,1.1143958649367092,-0.5443426207096138,-0.3520947929816558,0.3520947929816558,-1.0235731879716914,1.1542092459800104
15,6,3,32,2,positive,-0.25425923739558304,-0.6193756067345983,-0.4769185212378913,0.8274641779500765,-0.8274641779500765,0.09982829454008135,-0.2537867274178612
15,6,3,33,2,positive,-0.07863093820134492,1.8704166721787971,-0.8687056094423689,0.0632536437392152,-0.0632536437392152,-2.20728006930644,2.344084946000654
15,6,3,34,2,positive,0.23347146601627097,2.2866731631180723,-1.1062887544384818,-0.1816333742055346,0.1816333742055346,-2.5170678011902976,2.723081807329178
15,6,3,35,2,positive,0.5200222092310495,1.3785890890778072,-0.7863240021415052,0.218989603137799,-0.218989603137799,-1.5403528877605588,1.5117399855330351
15,6,3,36,2,positive,0.14713927015319345,0.56355334671499,-0.7299128596316845,0.5022960361754847,-0.5022960361754847,-0.925243221932982,0.8549401414542356
15,6,3,37,2,positive,-0.0582347283384232,0.5397594503198798,-0.4121810069944488,-0.44174345656017433,0.44174345656017433,-0.5493168765774457,0.7749673179863158
15,6,3,38,2,positive,-0.07339660016418535,1.8744995776558122,-0.3263095166934344,-0.7152376087799895,0.7152376087799895,-1.769322413681689,2.074352636084622
15,6,3,39,2,positive,-0.2936825694492351,1.4508408229677674,-0.5780279256873686,0.11512308199514665,-0.11512308199514665,-1.7797853486783508,1.8866960705360691
15,6,3,40,2,positive,-0.6712949605573594,0.3135560496808497,-0.4498646070714926,-0.649443602587192,0.649443602587192,-0.4707947046947364,0.8741358334952757
15,6,3,41,2,positive,-0.33703100369775885,1.067397723153551,-0.7689523747369814,-0.43441274079517916,0.43441274079517916,-1.291254602366738,1.620389412370921
15,6,3,42,2,positive,0.04615208613951516,0.7583102724674684,-1.0182494996545612,-0.3675851513969104,0.3675851513969104,-0.9598143598401803,1.2443589792249914
15,6,3,43,2,positive,0.4027420084601634,-0.39513766276767776,-0.7922336232328121,-0.3083242021113489,0.3083242021113489,0.3680818585472445,-0.2003918553813534
15,6,3,44,2,positive,0.36548374241404746,-0.7952280496604474,-0.5128237906543798,0.12290652132118601,-0.12290652132118601,0.7051458598066079,-0.7215580255402811
15,6,3,45,2,positive,0.7802254899196785,-0.30065967724911746,1.4202977124081455,-0.7227816385579316,0.7227816385579316,1.2750946242110361,-1.4009212784130296
15,6,3,46,2,positive,0.6987918703227218,0.8667344845063971,0.966832301598705,-1.17786668298625,1.17786668298625,0.0810958004628286,0.033922398545683685
15,6,3,47,2,positive,0.18931435102522112,0.07987452807905446,0.15790326832809548,-0.8567178178680832,0.8567178178680832,0.32143728432807883,-0.09373428159760386
15,6,3,48,2,positive,0.08056139981043581,-0.40623294561393003,-0.8817460103144242,-0.966094387739107,0.966094387739107,0.4612028713589696,-0.005640640361935845
15,6,3,49,2,positive,-0.09895574245499333,0.31955307999915405,-0.2397872462552599,-0.5939112530781022,0.5939112530781022,-0.23449699187653772,0.48892457435428066
15,6,3,50,2,positive,1.1769833233417444,1.9047772972019343,-0.16357318373431368,-0.6570687782755433,0.6570687782755433,-1.347950991240943,1.398072227398219
15,6,3,51,2,positive,1.141975817290497,-0.6560379089396201,-0.15150644377703287,0.7776889521145417,-0.7776889521145417,0.7269647160725943,-1.1512725956963523
15,6,3,52,2,positive,0.8050141783847204,0.3534371171210944,0.09137682651609218,-0.026873650610769257,0.026873650610769257,-0.04568223195056709,-0.09475838532931191
15,6,3,53,2,positive,0.44670184421126435,1.107458627207828,-0.25366028677794533,-0.36504851929163334,0.36504851929163334,-0.9214286016328438,1.0109378484911684
15,6,3,54,2,positive,0.07960815143557104,1.7533009362872776,-0.7568499647921693,1.4016726019005794,-1.4016726019005794,-2.44627240803967,2.0919218429655766
15,6,3,55,2,positive,0.3574980460981497,1.0520123634897516,-0.7177673724521687,0.9294077550601204,-0.9294077550601204,-1.4819047239611314,1.2321470266667611
15,6,3,56,2,positive,0.12723286810715345,0.26581739252853825,-0.46267998295074153,0.20800573922876944,-0.20800573922876944,-0.44696834388599077,0.4335409499503323
15,6,3,57,2,positive,0.40355119863504224,0.36795917650859067,0.5395965195353102,-0.7436459097395964,0.7436459097395964,0.19430536612805893,-0.10361468257658557
15,6,3,58,2,positive,0.13164918574117843,1.2100115765846349,0.8199472870993119,-0.5436146674307191,0.5436146674307191,-0.7116078631608984,0.7342133401643898
15,6,3,59,2,positive,-0.26892468884268766,1.4567671958739532,-0.5364143525817192,-0.5986450584822537,0.5986450584822537,-1.5256651901880043,1.8594367165861567
15,6,3,60,2,positive,-0.16672807749255356,1.325828676064574,-0.7888448875113587,-1.0455390890321679,1.0455390890321679,-1.2958399680551556,1.8036151585665303
15,6,3,61,2,positive,-0.08475242074087425,-0.3877981373186332,-0.9281330199211255,-0.16280622270294007,0.16280622270294007,0.10443839799894666,0.11864458301236669
15,6,3,62,2,positive,0.2977055531726477,-0.25935942689829694,0.32415294464869604,-0.18960939835274257,0.18960939835274257,0.5298487256229925,-0.5702886758089688
15,6,3,63,2,positive,0.4682379983905227,1.1175541785293097,-0.294128582304906,-0.7761178337166775,0.7761178337166775,-0.800811761928545,1.0304994704865014
15,6,3,64,2,positive,0.30569797551971784,1.0286386517420405,-0.7044983433355304,-0.509869258797857,0.509869258797857,-0.991615688081359,1.2280388356499468
15,6,3,65,2,positive,0.13877696123764918,-0.19470057556150053,0.22623515201076347,0.08359436832080641,-0.08359436832080641,0.28850649053736926,-0.3772066321857068
15,6,3,66,2,positive,-0.1036943046929894,-0.2806571273903081,-0.19952406187276012,0.05122219785881157,-0.05122219785881157,0.16251027258212108,-0.12904794410743337
15,6,3,67,2,positive,-0.34782992279430724,-0.9296976196481033,-0.8283472368068989,1.6511217977861277,-1.6511217977861277,-0.012735366147674676,-0.34160903984750024
15,6,3,68,2,positive,0.023825135993767566,-0.40668211180762753,-0.9280786927884137,0.7559281739143917,-0.7559281739143917,-0.14671179842871845,0.04544466658969554
15,6,3,69,2,positive,0.46955201402707325,0.14184944873254085,0.059464987490893344,-0.7141769542132191,0.7141769542132191,0.2725485365111877,-0.12265905202644245
15,6,3,70,2,positive,0.8823130072549366,0.13763505314941013,-0.27181863773818926,-0.6557244846859714,0.6557244846859714,0.2844378982514961,-0.16761213160896352
15,6,3,71,2,positive,1.046789004677337,1.4037293622133886,0.5108483889349335,-1.0932985423065322,1.0932985423065322,-0.5200840502404545,0.6249106654072534
15,6,3,72,2,positive,0.3139606977112632,2.894741893424391,-0.6823960360787055,-1.0055841909567882,1.0055841909567882,-2.682358942561276,3.0789595626081123
15,6,3,73,2,positive,0.5876932680785278,1.440008375445054,-0.5038340439927464,-0.010373235032742019,0.010373235032742019,-1.4085975557388795,1.3980787634021632
15,6,3,74,2,positive,0.40226053364345343,1.3955064043593328,-0.4047198817281216,-0.559530093005716,0.559530093005716,-1.2098161560523168,1.396736078401667
15,6,3,75,2,positive,0.24318830884935355,1.3591277200456933,-0.5076644056855919,-0.7843898019622048,0.7843898019622048,-1.1858231516703712,1.4913657684638124
15,6,3,76,2,positive,0.25935096104268746,2.404330486473972,-0.7981778112595486,-0.877023787993029,0.877023787993029,-2.291598173881916,2.6737439115824024
15,7,3,0,0,negative,0.45883346608882897,0.6380860939280557,-1.2459886995878433,-0.05577195949311479,0.05577195949311479,-0.8818805185966889,1.031663710677563
15,7,3,1,0,negative,-0.5986925444280915,0.867359748748785,-0.614958476787457,-0.41304231319031665,0.41304231319031665,-1.134229318090529,1.4741852593565592
15,7,3,2,0,negative,-0.39085303558408085,1.380166715115271,-0.7201907207390003,-0.4547234248412244,0.4547234248412244,-1.5989401589425565,1.9356885932768115
15,7,3,3,0,negative,-0.39457468694790326,0.939121189942998,-0.9816727107865522,0.3716543029343338,-0.3716543029343338,-1.5217550901659278,1.6272448888102256
15,7,3,4,0,negative,-0.3860212586178886,2.8122295278039253,-0.745667348086731,-0.27990007306977127,0.27990007306977127,-3.0961590390155416,3.378073831156235
15,7,3,5,0,negative,-0.6183571770121203,1.0430555842642317,-0.8517369670202161,-0.04423149659577774,0.04423149659577774,-1.5183431334097512,1.7781026562803999
15,7,3,6,0,negative,-0.917210827101488,-0.40571617846502317,-1.2072177707664287,0.3532041448858026,-0.3532041448858026,-0.42016140245288336,0.6564981204689353
15,7,3,7,0,negative,-0.5477197044062837,0.2869376055926956,-0.9727260274716518,0.11304582457328693,-0.11304582457328693,-0.8314347910764366,1.0471604715316634
15,7,3,8,0,negative,-0.1920049946495441,0.8135740192433429,-0.9122892810596043,0.2705790866181873,-0.2705790866181873,-1.2718651400191214,1.365721157097917
15,7,3,9,0,negative,-0.3449319434727861,-0.10197320528784785,-0.35633371702077965,0.5547149039081436,-0.5547149039081436,-0.3166869828460553,0.248659624958935
15,7,3,10,0,negative,-0.3837902443235,-0.8421423342440764,-0.527231658535743,0.312249814262126,-0.312249814262126,0.43438509520362006,-0.38663138281445486
15,7,3,11,0,negative,-0.34084857018143316,-1.104880866387307,-0.7218705066651775,1.2931733476922462,-1.2931733476922462,0.31958339154102144,-0.5735213279640018
15,7,3,12,0,negative,-0.4414411643788523,-0.9898357112172562,-0.8047005242383624,0.9056187860769555,-0.9056187860769555,0.2725822196525328,-0.36676486690864896
15,7,3,13,0,negative,-0.10921916461902562,-0.5170227656648427,-0.19587503001202605,0.1289325650489718,-0.1289325650489718,0.37234717910483495,-0.3644756683493169
15,7,3,14,0,negative,0.04706964302288118,-0.025347604618938202,0.1753650417289472,-0.10765416299369167,0.10765416299369167,0.13537722053411155,-0.1365649469948524
15,7,3,15,0,negative,-0.2961074605035646,0.4641597921605083,-0.3549467824851499,-0.04893221368090731,0.04893221368090731,-0.6648671352631107,0.7896869136548655
15,7,3,16,0,negative,-0.6757370889193053,0.6734218833307493,-0.6393630383242659,-0.22447413556618404,0.22447413556618404,-1.0369638805565449,1.330971946952535
15,7,3,17,0,negative,-0.22194150845209357,2.056343866999978,-0.3166547268265653,-0.038078011637924715,0.038078011637924715,-2.2231832748802227,2.3256419846393075
15,7,3,18,0,negative,-0.15912892188872063,2.2502968788958184,-0.6984301895791895,-0.35945048873108654,0.35945048873108654,-2.4163330864747596,2.6790764346297733
15,7,3,19,0,negative,-0.19618510014029242,0.8649074296882494,-0.6786218097957329,0.04417689493875209,-0.04417689493875209,-1.1712353646465086,1.302310884656262
15,7,3,20,0,negative,0.4308313224986351,0.570110974797394,0.18466639367780008,-0.5526368050270861,0.5526368050270861,-0.18073280106288686,0.2623621167091764
15,7,3,21,0,negative,-0.07441932798231014,0.058524799784962125,-0.606441275721794,-0.02554064942041592,0.02554064942041592,-0.2769647845461915,0.39895510163701414
15,7,3,22,0,negative,-0.288622675928064,0.08167779732372571,-1.184487331283177,0.5628828438688617,-0.5628828438688617,-0.7603420810170932,0.8182328009293462
15,7,3,23,0,negative,0.28862734625005426,1.6040110087625603,-0.4771594982368795,-0.10724215160407335,0.10724215160407335,-1.631107675556811,1.698277084755973
15,7,3,24,0,negative,0.05443426728645134,0.20942323209311534,0.004740336705670537,-0.6734280040302835,0.6734280040302835,0.03477763724768643,0.1798359300970544
15,7,3,25,0,negative,-0.27903580054390176,-0.9191010998376475,-0.6736226132491054,0.7338326148378563,-0.7338326148378563,0.3569374236273597,-0.44277189294114394
15,7,3,26,0,negative,0.09734896740652889,0.2161275537999955,-0.5542501666293187,-0.3247985616580873,0.3247985616580873,-0.260161766321563,0.4445781534113904
15,7,3,27,0,negative,0.620647845129128,-0.0531419371004211,0.08207622756181089,0.3270431641289044,-0.3270431641289044,0.17836890662109928,-0.4045039734458905
15,7,3,28,0,negative,0.7356070351953529,-0.3721988821836371,0.7528595746233103,0.15583495089166266,-0.15583495089166266,0.816409435159304,-1.1164321870929688
15,7,3,29,0,negative,-0.08901327477171508,-0.3245878408501872,-0.6073523869032342,0.2116700001706837,-0.2116700001706837,0.0219092869016429,0.02359498998728743
15,7,3,30,0,negative,-0.5555145726063687,-0.4368355304563858,-0.8605707368907336,1.061727949056473,-1.061727949056473,-0.38910222239480596,0.2712071242921654
15,7,3,31,0,negative,0.20799150222914856,1.3454304250226312,0.1545643333588194,-0.49614323274650957,0.49614323274650957,-1.0591974022444721,1.1641525072286472
15,7,3,32,0,negative,0.5028677376157671,0.5322378787902742,0.8512817774927772,-0.5650535020340991,0.5650535020340991,0.10749646025727355,-0.14483687876399798
15,7,3,33,0,negative,0.2757134948834957,-0.19993760588853485,-0.7504045523610929,0.5774341738846528,-0.5774341738846528,-0.1507708045655485,0.03740792285026376
15,7,3,34,0,negative,0.07013205538605997,-0.002135184276779778,-0.006467673738477671,0.860301980947774,-0.860301980947774,-0.26341068215661745,-0.03396737510057093
15,7,3,35,0,negative,-0.12160726457785068,-0.08051300484615877,-0.8840572494504642,0.28389484035757845,-0.28389484035757845,-0.3493401132824724,0.4223192521679987
15,7,3,36,0,negative,0.0013190675019395318,0.2529645745294472,-1.4219135186373792,1.3011822232723447,-1.3011822232723447,-1.1602234659987087,0.9632618000971671
15,7,3,37,0,negative,0.14570181996263842,-0.6498757577605864,-1.1352873319902157,0.7682857783787759,-0.7682857783787759,0.06391866095846865,-0.15508300174679773
15,7,3,38,0,negative,-0.15340958373050884,0.035294123476374256,-1.1290266481181916,0.12137514451273972,-0.12137514451273972,-0.5032312489301877,0.6765122394007245
15,7,3,39,0,negative,0.16045664611978772,0.22230178733536238,-0.8086619875335107,-0.034206957161000806,0.034206957161000806,-0.4269679154196031,0.5464044580422238
15,7,3,40,0,negative,0.011088361680126283,0.8585289067050705,-1.3418808178456176,0.2338041995115693,-0.2338041995115693,-1.3800611252640906,1.5239251347878162
15,7,3,41,0,negative,-0.6826508871587128,-0.3816197086137031,-0.4091502360890443,-0.17119613780376522,0.17119613780376522,0.07475138013237242,0.16428085301017548
15,7,3,42,0,negative,-0.4990226733052321,0.06792159392226871,0.7714822713391147,-0.44177939872397753,0.44177939872397753,0.17015807166368468,-0.06830820509467261
15,7,3,43,0,negative,-0.2356647549053565,0.49006780047968657,0.43936232678988424,-0.7060851824842228,0.7060851824842228,-0.18680688235676973,0.3882190145374227
15,7,3,44,0,negative,-0.008384107034668405,1.0750903497731683,-0.4265872455307609,-0.1722612006178614,0.1722612006178614,-1.1626604004223575,1.292576026055883
15,7,3,45,0,negative,0.019788794928454506,2.413808529849804,-0.627618098973266,-0.02485287356384916,0.02485287356384916,-2.6081340066767913,2.7177231818722096
15,7,3,46,0,negative,-0.11164990935221894,1.775354660685152,-0.5696650685893014,-0.08849919512429245,0.08849919512429245,-1.972959921624228,2.116012149655912
15,7,3,47,0,negative,-0.44106130814378836,1.5867091782211815,-0.833056925923009,0.02444014789987155,-0.02444014789987155,-2.019561972210071,2.22376829525458
15,7,3,48,0,negative,-0.22489050706322275,0.3732635082119268,-0.15729347086865905,-0.13648037967407387,0.13648037967407387,-0.4551647076311961,0.5643554971778677
15,7,3,49,0,negative,0.031015008871857555,-0.8921183247718028,-0.1642935358902897,0.41642727695832055,-0.41642727695832055,0.7088830567795519,-0.8254790612625866
15,7,3,50,0,negative,0.22615152153272466,0.37903400994550374,-0.9254039047692426,0.2970642182064584,-0.2970642182064584,-0.7111395437598291,0.7286602015637627
15,7,3,51,0,negative,0.502716779622801,2.5942076373980254,-0.5258683060513507,-0.2391366846628844,0.2391366846628844,-2.5222125846532473,2.6057834006123004
15,7,3,52,0,negative,0.5296013447491147,2.645496895581461,-0.04407648518123829,0.19511741770553281,-0.19511741770553281,-2.54869441496068,2.402734465797523
15,7,3,53,0,negative,-0.27579036923837164,0.13529845489632567,0.5546074316363317,-0.09825242213264289,0.09825242213264289,-0.009608626719458002,-0.004110076302654392
15,7,3,54,0,negative,-0.44870281450991156,0.1903421618706843,-1.2619366178998503,0.11860123979888999,-0.11860123979888999,-0.8000890526069016,1.045661878075565
15,7,3,55,0,negative,-0.45199197607679176,0.7194961951473049,-1.0541800644276598,1.167127047498712,-1.167127047498712,-1.6105958911483595,1.4725822153995307
15,7,3,56,0,negative,-0.5414351784690329,0.46914022683986717,-0.9745316867110828,1.1305978383911701,-1.1305978383911701,-1.3513284613636292,1.227123659429925
15,7,3,57,0,negative,-0.3785528413957654,1.7106859232323337,-1.2690599221828673,-0.09168526250833005,0.09168526250833005,-2.2293284235891013,2.53449230502165
15,7,3,58,0,negative,-0.29993854309476176,1.312759412315188,-1.1323349214434988,-0.1301815937295655,0.1301815937295655,-1.7467900359180863,2.0288961445843183
15,7,3,59,0,negative,-0.43908972970539134,1.4186144293137097,-1.1774136293199313,0.30319663240916794,-0.30319663240916794,-2.0585144264585398,2.2268661088263713
15,7,3,60,0,negative,0.1934413139339366,3.047701606775129,-0.8317433330888104,-0.4268917247043305,0.4268917247043305,-3.11817170492531,3.3668526163525656
15,7,3,61,0,negative,0.16137691097217696,2.697694659225255,-0.9263541707185561,-0.2752769232391642,0.2752769232391642,-2.8609281047276602,3.0801832890984446
15,7,3,62,0,negative,0.11483000401912685,2.437276589535972,-0.7707698501724869,0.21837552424797205,-0.21837552424797205,-2.728715046336416,2.7652465126126518
15,7,3,63,0,negative,-0.35043332953841877,0.308768918543097,-0.5993480289573574,-0.008013942884692296,0.008013942884692296,-0.6226913904134583,0.783659597790985
15,7,3,64,0,negative,-0.2608332936791844,-0.21859381185092572,0.2670762084227403,-0.5092322769867385,0.5092322769867385,0.39041887576102385,-0.22171526922270368
15,7,3,65,0,negative,-0.2889247773951846,-1.137659483772358,-0.3047504591397405,0.0060019289821460625,-0.0060019289821460625,0.9377670952666676,-0.8408218655048953
15,7,3,66,0,negative,-0.14644926105860723,-0.6628209929666049,-0.26420850819641006,-0.6511707328207509,0.6511707328207509,0.7429919808218495,-0.45749210833909626
15,7,3,67,0,negative,0.46564301798340607,-0.3961140548488773,-0.10433269611043608,0.036390856055480425,-0.036390856055480425,0.5044205434547071,-0.5767692157853623
15,7,3,68,0,negative,0.33468034620469184,-0.7053705278927791,-0.6038717815605072,0.6513706863276408,-0.6513706863276408,0.398516487331627,-0.5707748102148714
15,7,3,69,0,negative,-0.06606383569356847,-0.9170620484379781,-0.8751028000751871,0.11768635601396456,-0.11768635601396456,0.5641110511770715,-0.4464787305536003
15,7,3,70,0,negative,-0.3422691589265788,-0.7898968119928267,-0.9133871297988427,-0.17170797733516094,0.17170797733516094,0.42858070819607313,-0.16206866763011596
15,7,3,71,0,negative,-0.3720578502679556,-1.0333395581016351,-0.553901223656968,0.3421537982826897,-0.3421537982826897,0.610635267365764,-0.5703600211391733
15,7,3,72,0,negative,-0.43255870963660786,-1.1994746948132788,-0.38379270355678846,-0.6816971554871097,0.6816971554871097,1.1545899422445167,-0.7912989882165806
15,7,3,73,0,negative,-0.08648155320046824,-1.0661117471887052,-0.6912538712813717,-0.4863621561536109,0.4863621561536109,0.9689873244126288,-0.6772440349477852
15,7,3,74,0,negative,-0.08952738577089969,-0.8610819032560156,-0.9834329789207251,1.5711562206044045,-1.5711562206044045,-0.020290291842660846,-0.32460172091020323
15,7,3,75,0,negative,-0.3438774828002579,-1.0403291231834007,-0.815871945707276,1.0938274201670264,-1.0938274201670264,0.2891368402918806,-0.46045440892963374
15,7,3,76,0,negative,-0.10246994056354643,-0.8682921840542905,-0.3222381600538188,0.22445207548479773,-0.22445207548479773,0.6519054586869029,-0.6559381337456079
15,7,3,77,0,negative,-0.20868340139394165,-0.82457865515665,-0.4718305432682992,0.7420853566903337,-0.7420853566903337,0.35037888803912515,-0.48432168282552956
15,7,3,78,0,negative,-0.37656629541916875,-0.40782932365136243,-0.12629454574403934,0.594013465726622,-0.594013465726622,0.042204554688085705,-0.1563989030697584
15,7,3,79,0,negative,-0.5457831716626402,-0.44198331095216936,-1.155140532387366,0.5535912738762815,-0.5535912738762815,-0.30952168168992655,0.40847854107283377
15,7,3,80,0,negative,-1.0234338633971427,-0.7226200808752974,-1.0251510482699842,-0.006788343833612524,0.006788343833612524,0.04202122493079263,0.30167237495826593
15,7,3,81,0,negative,-0.7946032855319244,-0.5927051695498147,-0.9282564114650573,0.0678441057522724,-0.0678441057522724,-0.004196098033269924,0.26872467894867613
15,7,3,82,0,negative,-0.4566822092451914,-0.6448280791863064,-0.8357182375443755,0.3311873224426406,-0.3311873224426406,0.10363215610890386,0.0013721442084770885
15,7,3,83,0,negative,-0.21608890499021358,-1.1101874832885552,-0.9111257780803595,0.8823506736869774,-0.8823506736869774,0.44033236436937173,-0.5465801417532686
15,7,3,84,0,negative,-0.352868566145649,-0.3651762196154907,-0.82416235853656,0.5632183220301547,-0.5632183220301547,-0.21490686262196373,0.22333924272561373
15,7,3,85,0,negative,-0.6365288476024749,-0.055880571107104884,-0.776918092992587,0.43795479172632806,-0.43795479172632806,-0.5612533396666918,0.650842899190426
15,7,3,86,0,negative,-0.9390229313750906,-0.7191639916136916,-1.082916226921753,0.6587696335351506,-0.6587696335351506,-0.17440560566363983,0.2918055875347303
15,7,3,87,0,negative,-0.7658776999249639,-1.1695004359145085,-0.7909283303538841,1.182286680496939,-1.182286680496939,0.2564695323225795,-0.39109742077508447
15,7,3,88,0,negative,-0.5556229755576427,-1.32409735156582,-0.6548684552497077,0.6420881509986814,-0.6420881509986814,0.7065708242971428,-0.7188516361621449
15,7,3,89,0,negative,-0.6125604813686258,1.1515546086513455,-1.4555909177581254,0.9187207012924263,-0.9187207012924263,-2.1471786421244046,2.185630308214721
15,7,3,90,0,negative,-0.7066254501417235,1.4835495127530642,-1.4180976690504912,0.8444206103511198,-0.8444206103511198,-2.4732640892675093,2.5459110723491714
15,7,3,91,0,negative,-0.6453657730398048,-0.23735782748626422,-1.0178031655759432,-0.16586615967412402,0.16586615967412402,-0.26174309882761043,0.5942266418216098
15,7,3,92,0,negative,-0.5040982370481676,-0.02880715556400888,-1.0200849162995467,0.1774327948508224,-0.1774327948508224,-0.5383981605021699,0.7332844211098483
15,8,3,0,1,neutral,-0.7218250960548911,1.1393598697760619,-0.5635543548488379,0.015732509862271683,-0.015732509862271683,-1.573063856698062,1.7820495952279263
15,8,3,1,1,neutral,-0.28549285657959755,2.9833321147573972,-0.831286852776304,-0.5048271391310459,0.5048271391310459,-3.187316304832349,3.541721969435348
15,8,3,2,1,neutral,-0.038301026204597355,2.2845469730270103,-0.6562911096772502,-0.4636996898786932,0.4636996898786932,-2.361511121694728,2.631843040967934
15,8,3,3,1,neutral,-0.028254161613987694,0.9201547220356832,0.15012357719301594,-0.6145979868600429,0.6145979868600429,-0.6746655878893261,0.859220014246169
15,8,3,4,1,neutral,0.6789190367661414,2.2458896262589727,0.6351899420089202,-0.5808780526001603,0.5808780526001603,-1.614227282467232,1.588835136871442
15,8,3,5,1,neutral,-0.03153395048850388,1.018872459345073,0.4776660494148893,0.12093731842965133,-0.12093731842965133,-0.910474199179495,0.7958064098818803
15,8,3,6,1,neutral,-0.5308826709715285,-0.393668189447986,-0.23125770612699922,0.30595299484167027,-0.30595299484167027,0.037637065467920006,-0.012598000898722095
15,8,3,7,1,neutral,-0.6473919859062014,1.4879402231067453,-1.1503113472615532,0.1605348913750841,-0.1605348913750841,-2.140686297954358,2.3867918896906226
15,8,3,8,1,neutral,-0.12217664731004377,1.4202435906029516,-0.37953633940298115,-0.2560830380399949,0.2560830380399949,-1.5021202401606282,1.671100083959464
15,8,3,9,1,neutral,-0.33524534952424007,1.5071181781956349,-0.9835010248987213,0.5795516718206036,-0.5795516718206036,-2.1398841936101567,2.1664913654071154
15,8,3,10,1,neutral,-0.4988673297232128,1.3935443681788486,-1.1462845923617349,0.6011586490851183,-0.6011586490851183,-2.1423145585688705,2.2161203292213223
15,8,3,11,1,neutral,-0.19610749093330765,1.9946508263805234,-0.5557964956116503,-0.5394679749745234,0.5394679749745234,-2.065462830237335,2.3706028196530022
15,8,3,12,1,neutral,-0.9980258038919732,1.2410249658562726,-0.849883115118097,0.4045214310360638,-0.4045214310360638,-1.991835082538317,2.1649794253613077
15,8,3,13,1,neutral,-0.9791727944617861,2.0586084348014486,-0.9890359275347832,0.14572318519830382,-0.14572318519830382,-2.763252403866406,3.0427127957997335
15,8,3,14,1,neutral,-0.5753131420396165,3.278920134464479,-1.0758925123632905,-0.286566119400776,0.286566119400776,-3.7337999794651893,4.104522961665932
15,8,3,15,1,neutral,-0.49960634257212944,2.402460403227322,-1.2188264854342896,0.22455042142377332,-0.22455042142377332,-3.050121486370719,3.2616768172305313
15,8,3,16,1,neutral,-0.6123027578699167,0.4404828534680094,-0.69770748464632,0.4485905781346196,-0.4485905781346196,-1.0266831270182948,1.0954879747261277
15,8,3,17,1,neutral,-0.7256121602790243,0.4849269886154888,-0.7950278456128095,-0.13301016998282825,0.13301016998282825,-0.947470267251824,1.2452469915614057
15,8,3,18,1,neutral,-0.6991716552221867,0.7818915091703884,-0.7878072161234384,-0.35948911465758876,0.35948911465758876,-1.1577214280664005,1.525380944843201
15,8,3,19,1,neutral,-0.6968983726517386,0.2166664538138196,-0.3218677239559424,-0.10542764288081653,0.10542764288081653,-0.5211126050561078,0.7260495021176601
15,8,3,20,1,neutral,0.04932844501063183,0.9552836097538009,0.4846134480352631,-0.8819798226492924,0.8819798226492924,-0.4833097045220718,0.6883126632308534
15,8,3,21,1,neutral,-0.41490174684968206,0.2951454628690579,-0.5403626999699722,-0.45727759819546937,0.45727759819546937,-0.46114107907711954,0.7727776862788851
15,8,3,22,1,neutral,-0.594979746531551,0.603728042202729,-0.3458931364442971,-0.08801441423254615,0.08801441423254615,-0.8880141984504963,1.074164483690653
15,8,3,23,1,neutral,-0.548556769814995,0.770888208229071,-0.2025477521957311,-0.04009333939340087,0.04009333939340087,-1.0078919357681795,1.146440469234434
15,8,3,24,1,neutral,-0.15180228327839715,1.8145940108386602,0.3949429308373445,0.2231193055981868,-0.2231193055981868,-1.8079202301850734,1.6930236870591866
15,8,3,25,1,neutral,-0.3737492149674786,2.0586949244967916,-0.17985411420549471,0.08021718262551913,-0.08021718262551913,-2.2699684284296224,2.335496589083278
15,8,3,26,1,neutral,-0.9262020723758431,1.6077343153226593,-0.8596061650535203,-0.3929577157671493,0.3929577157671493,-2.072017822543397,2.500638434037341
15,8,3,27,1,neutral,-0.19132919126304393,4.144908026787113,-0.3519281092830367,-0.3889392458467431,0.3889392458467431,-4.1963473783535585,4.4165366770601535
15,8,3,28,1,neutral,-0.18295619446394057,3.667544652342201,-0.17690880675050374,-0.5900573674713526,0.5900573674713526,-3.590813863589898,3.8474771529494234
15,8,3,29,1,neutral,-0.17124597577198603,2.4188172481132164,-0.5148602980830884,-0.2812763346601675,0.2812763346601675,-2.5537605611781853,2.7618703850407536
15,8,3,30,1,neutral,-0.39361083814374853,0.5398418240952483,-0.6022786495178476,-0.3707539389136441,0.3707539389136441,-0.7482203403445656,1.0377865679260463
15,8,3,31,1,neutral,-0.5810167021126244,1.0806707580570103,-0.9403003869474474,-0.5565953187609588,0.5565953187609588,-1.402244681490048,1.841329302587046
15,8,3,32,1,neutral,-0.1900824879622515,1.298489291562618,-0.6475737995660953,-0.41436303023003024,0.41436303023003024,-1.4395870439953902,1.7173174353267915
15,8,3,33,1,neutral,-0.10245346722722651,1.8950804177392508,-0.8408901457843239,-0.25629629734123294,0.25629629734123294,-2.1240961896293564,2.366752224245026
15,8,3,34,1,neutral,-0.34317673478600574,1.9343545294939943,-0.6927582915067524,-0.16151379579274647,0.16151379579274647,-2.225828272993998,2.4523220426403736
15,8,3,35,1,neutral,-0.48299652334888954,1.1771134015427709,-0.6047137637779195,0.0035593200794029494,-0.0035593200794029494,-1.540869937278175,1.7209685451061754
15,8,3,36,1,neutral,-0.42640378541589835,0.5933641432979692,-0.0638667150215412,-0.2881240303304205,0.2881240303304205,-0.6607463000003089,0.8384993935166889
15,8,3,37,1,neutral,-0.3126997778480137,1.6286195704359054,-0.41675867868334204,-0.049435732423011934,0.049435732423011934,-1.8552938118053535,1.9933487987015832
15,8,3,38,1,neutral,-0.1193796358157421,2.6676537854327265,-0.46993809421399957,0.05113833610903207,-0.05113833610903207,-2.8811391408123175,2.9623126504475974
15,8,3,39,1,neutral,-0.6222076367796576,0.6201440617556284,-0.4782192579592041,0.5628345187763698,-0.5628345187763698,-1.1745645329273722,1.1703575091250593
15,8,3,40,1,neutral,-0.830994065765778,0.20136188168031877,-1.0318399853898215,0.4855825185852812,-0.4855825185852812,-0.9841674049272789,1.1327789072581185
15,8,3,41,1,neutral,-0.539950569342405,-0.49307117224256214,-1.0887872740287885,0.5831790540404284,-0.5831790540404284,-0.24423446022797846,0.3212977494430346
15,8,3,42,1,neutral,-0.4399099778141012,0.7794775512178173,-0.7507677210677568,-0.2585804653081261,0.2585804653081261,-1.090176629075728,1.3748164006587462
15,8,3,43,1,neutral,-0.7941773610354439,0.3804823810624973,-0.93792158932733,1.1565085009864118,-1.1565085009864118,-1.343351531512226,1.2465318562438843
15,8,3,44,1,neutral,-0.5631272815231365,0.6791647577110866,-0.5155695420286179,-0.018692332738723876,0.018692332738723876,-1.0324995879820968,1.2185131694869638
15,8,3,45,1,neutral,0.11038794127577589,1.8972111746812244,-0.14537526741318366,-0.6017839685692197,0.6017839685692197,-1.708278960537287,1.9147048377499283
15,8,3,46,1,neutral,-0.06397210586478158,1.4777436834131334,0.2264387457029905,-0.5663682009626148,0.5663682009626148,-1.2347987364795256,1.396510363494029
15,8,3,47,1,neutral,-0.3809787492254027,0.9470432447974003,0.3509196766883488,-0.269278834812595,0.269278834812595,-0.8673033240388867,0.9620727810659273
15,8,3,48,1,neutral,-0.8500821492362681,1.7696974396572946,-0.8618485395536345,0.39560543961574357,-0.39560543961574357,-2.472209482459177,2.625662784052246
15,8,3,49,1,neutral,-0.46685506865972337,2.6616072225596716,-1.1429934477064603,-0.08286148311602111,0.08286148311602111,-3.170602900309726,3.4665314807427636
15,8,3,50,1,neutral,0.041365202491241426,2.15894680838818,-0.0381930777284778,-0.6097089972691264,0.6097089972691264,-1.954653101044217,2.1573607460067983
15,8,3,51,1,neutral,-0.13406498905531541,3.3594932408124416,-0.7758877415058023,-0.65540258954165,0.65540258954165,-3.444343287818931,3.8144696060930006
15,8,3,52,1,neutral,0.380341481289623,2.307464843940015,0.1641776220549088,-0.8614524516219159,0.8614524516219159,-1.8388076589511992,2.035205292267749
15,8,3,53,1,neutral,0.19082890323615487,0.6363087321202351,0.9800968017872749,-0.4897512226226322,0.4897512226226322,-0.08274975623821446,0.05084587960852016
15,8,3,54,1,neutral,0.21449480199797444,0.9866556763372623,-0.18041413204199194,-0.7251062092436394,0.7251062092436394,-0.7335933832707215,0.969615341359271
15,8,3,55,1,neutral,-0.11637135525817968,1.1299107412414806,-0.24136796939107252,0.04514267981578433,-0.04514267981578433,-1.2642047427298262,1.3087804035661068
15,8,3,56,1,neutral,-0.08173735954694111,2.266830842060697,0.13203879055603152,-1.020482560872879,1.020482560872879,-1.909902844766707,2.2416801265561515
15,8,3,57,1,neutral,-0.08882512805440157,1.9185145386851508,0.6609116633470146,-0.6084787164400158,0.6084787164400158,-1.5249927881076077,1.6324712710388443
15,8,3,58,1,neutral,-0.4430236086047287,0.7133606305336964,1.1773996620018554,-0.35709349325474515,0.35709349325474515,-0.34953744831640576,0.34617260383513304
15,8,3,59,1,neutral,-0.13619328395078947,0.866253060152503,1.0721473093711869,-0.2188026698641008,0.2188026698641008,-0.4813341617243369,0.3982760474423043
15,8,3,60,1,neutral,-0.3727525913540257,0.46047409241193704,-0.05465667344248252,-0.048958067706142826,0.048958067706142826,-0.5866244914420589,0.6741787248101911
15,8,3,61,1,neutral,-0.48884218263076695,-0.0004812134109268007,0.6453119503248548,-0.6514978481397273,0.6514978481397273,0.26980375202219853,-0.07871609725797071
15,8,3,62,1,neutral,-0.08555643573995651,1.2890905221728164,0.0009315387899345628,-0.6690866323203853,0.6690866323203853,-1.0942699437160286,1.3314029706478274
15,8,3,63,1,neutral,-0.252686288477159,1.2548719921152998,-0.10139834252469077,0.24302279180857353,-0.24302279180857353,-1.4539077997187742,1.4319143076162246
15,8,3,64,1,neutral,-0.490208941686594,1.3187419270921543,-0.6623204639251654,-0.24804331454883122,0.24804331454883122,-1.620237290779797,1.8950066298980341
15,8,3,65,1,neutral,-0.2806667360506674,1.8690223808917326,-0.8376758033688354,-0.17128042235757016,0.17128042235757016,-2.18470975324571,2.428193650601484
15,8,3,66,1,neutral,0.10203277962687701,1.2548961319365293,-0.7517626022292424,-0.2314138912245534,0.2314138912245534,-1.3943347757291333,1.579761043237712
15,8,3,67,1,neutral,-0.14723797373331163,0.011277821327990087,-0.5414859017888302,-0.03538312964372963,0.03538312964372963,-0.22905806995412747,0.355639759089061
15,8,3,68,1,neutral,-0.5035827394671275,0.3575606332896842,-0.6074413492826294,0.3142306800639159,-0.3142306800639159,-0.8326455562275751,0.9130726776645626
15,8,3,69,1,neutral,-0.3672526643410805,2.2426000178964056,-0.7523386300839624,0.14207446027259366,-0.14207446027259366,-2.663155269462284,2.802395665108927
15,8,3,70,1,neutral,-0.41553954686672034,2.370722969192341,-0.7563163733944355,0.039889972031010745,-0.039889972031010745,-2.774638266623063,2.956650929322919
15,8,3,71,1,neutral,-0.1837986412739927,0.8724750604836009,-0.04273241691619519,-0.10142779922319316,0.10142779922319316,-0.9141761468059325,0.9857405895786948
15,8,3,72,1,neutral,-0.2765755195240617,0.5623330348081401,-0.12612769560061682,-0.3031978307278271,0.3031978307278271,-0.5955014962737573,0.7636846423704794
15,8,3,73,1,neutral,-0.6300462757786569,1.8002260044509308,-1.1339741567376578,-0.11754061817967647,0.11754061817967647,-2.34905260922981,2.682236220709088
15,8,3,74,1,neutral,-0.6930130002810041,0.6524609600871609,-0.963850378376322,0.016829687355808882,-0.016829687355808882,-1.210358648758206,1.480892649415824
15,8,3,75,1,neutral,-0.5850931269685051,1.5284207160660277,-0.98691634654089,0.03769527132463806,-0.03769527132463806,-2.064988964344039,2.3144254528207253
15,8,3,76,1,neutral,-0.46374313101284637,1.342107604822086,-0.8233082574734901,0.769540486403841,-0.769540486403841,-2.0276382297854783,1.985633299065254
15,8,3,77,1,neutral,-0.19816095670291323,0.8505457811888695,0.04629526338967628,0.47948441053396745,-0.47948441053396745,-1.0609958158046042,0.926478627845488
15,8,3,78,1,neutral,-0.4059200103451025,0.6531455731203044,-0.22165648090026535,0.10198964753243978,-0.10198964753243978,-0.8963342860462403,0.9669338187429883
15,8,3,79,1,neutral,-0.5279630572977185,0.7655057237417965,0.1665090668680689,0.04464339487697407,-0.04464339487697407,-0.9008715188440044,0.9462327189566213
15,8,3,80,1,neutral,-0.9664792586058946,-0.05512923007495732,-0.5013540773911259,-0.0940901385406449,0.0940901385406449,-0.4027851690771679,0.678787437923553
15,8,3,81,1,neutral,-0.6344028749745635,0.2130761950835742,-0.4612304777889247,-0.19586247333297782,0.19586247333297782,-0.5129998215604109,0.7608928714653183
15,8,3,82,1,neutral,0.1910478505163556,2.351963709242452,-0.5946585064320931,0.07746000211118116,-0.07746000211118116,-2.512320595251425,2.5537690372003206
15,8,3,83,1,neutral,0.41603122675358245,2.26159610317494,-0.20516105270029036,-0.09328268563014237,0.09328268563014237,-2.160211816613795,2.1561610161482943
15,8,3,84,1,neutral,-0.13256499437929545,1.2208837471717022,-0.1290293770266639,-0.7416825248769275,0.7416825248769275,-1.0608543626813796,1.351680932874682
15,9,3,0,2,positive,-0.6404849860302542,-1.2541027551124726,0.21580156614105475,-0.5342611620800839,0.5342611620800839,1.2906286691761006,-1.041761045167873
15,9,3,1,2,positive,-0.1553970914855734,-1.1719661099630163,-0.5141299866186125,-0.0023330672052195903,0.0023330672052195903,0.9495681063300275,-0.8372025709109233
15,9,3,2,2,positive,-0.06297852719505528,-1.198946583305219,-0.7250563649338175,1.026023503532132,-1.026023503532132,0.5942604514182176,-0.8049291372407827
15,9,3,3,2,positive,-0.311960727490577,-0.8610523735855216,-1.0840823258086452,0.04982891173756208,-0.04982891173756208,0.3790950519065935,-0.16303084693591052
15,9,3,4,2,positive,-0.3494690757613014,-0.6886864579124055,-1.2003497062662438,0.20467747851355897,-0.20467747851355897,0.10385437106537077,0.08622293310136708
15,9,3,5,2,positive,-0.1691055196414165,-1.3268644201790916,-0.632094328477164,0.9198590441370481,-0.9198590441370481,0.7531781227605486,-0.9262644961198013
15,9,3,6,2,positive,-0.28443381666016704,-0.9201890836554754,-0.7166374012264285,1.2137817505586401,-1.2137817505586401,0.18190476084039686,-0.4196534747121776
15,9,3,7,2,positive,-0.38989095140381985,-0.32825675974787016,-1.3409659369704556,0.1568828781682234,-0.1568828781682234,-0.30098982909962946,0.5371716844392675
15,9,3,8,2,positive,-0.32693123209316055,-0.6077795549439969,-1.125974596426783,-0.43952848573780295,0.43952848573780295,0.2699871073499501,0.11867335931597489
15,9,3,9,2,positive,0.02265015314453478,-1.2040993294811817,-0.6229722952918294,0.3035149475045606,-0.3035149475045606,0.9028202995972299,-0.9039382584075344
15,9,3,10,2,positive,0.566675382516465,-1.543768104266293,-0.4193765642852976,0.8172800876818446,-0.8172800876818446,1.3204410144494005,-1.6174175133818767
15,9,3,11,2,positive,0.6664987127151316,-1.0571048518781097,-0.41979807508863143,0.5737702334902999,-0.5737702334902999,0.9480816532568431,-1.1804551706913597
15,9,3,12,2,positive,-0.05760280232228071,-0.4768175429442496,-0.00417808212020976,-0.01068002172717683,0.01068002172717683,0.4597839220391451,-0.44592710072300434
15,9,3,13,2,positive,-0.43033220009613227,-0.45713469418195135,-0.37119193569743747,0.575872187836744,-0.575872187836744,-0.0019974136948198717,-0.05637262628516648
15,9,3,14,2,positive,0.10996678956143013,-1.1173921351231026,-0.7644460395045289,0.8978925582801333,-0.8978925582801333,0.5999348657153586,-0.7901525101515532
15,9,3,15,2,positive,0.9909948449108433,-1.4364333290908848,-0.3817796511072007,0.7328736958633654,-0.7328736958633654,1.3952138284043105,-1.7410409259927062
15,9,3,16,2,positive,1.6464120709029997,-1.1536004633286994,0.02024902774387077,0.05079332547971053,-0.05079332547971053,1.6922230543844194,-1.9869310126521347
15,9,3,17,2,positive,1.833195393715907,-0.7411329960369785,-0.21433001103147392,-0.4502159230379788,0.4502159230379788,1.430826764611116,-1.550565687379195
15,9,3,18,2,positive,0.9070863506966367,-0.861749847184561,-0.5885350228001762,0.5303231921127725,-0.5303231921127725,0.7911592257791237,-1.0210255111327913
15,9,3,19,2,positive,0.7910542108017932,-1.1999181631422329,0.11746723749437983,0.5988007040603488,-0.5988007040603488,1.303158411220841,-1.6541788872903194
15,9,3,20,2,positive,0.5418598426317945,-1.3806834824274477,-0.046299020838925196,0.10516055635695441,-0.10516055635695441,1.5108169042394193,-1.6284638933238824
15,9,3,21,2,positive,0.0605733268826153,-1.1058902254704475,-0.5313648973804393,0.15546666691861089,-0.15546666691861089,0.8971374796649692,-0.8704944402215354
15,9,3,22,2,positive,0.30298383939240103,-0.9135116115741139,-0.47627759437863204,0.4693185559359369,-0.4693185559359369,0.6993075079333912,-0.8268647340809984
15,9,3,23,2,positive,-0.2249899566467608,-0.8897007617928505,-0.9669275948725891,0.25577062511612875,-0.25577062511612875,0.407138036247691,-0.2937419860331756
15,9,3,24,2,positive,-0.152551789079786,-0.33180225647001677,-1.3165924141558054,0.6558121606119526,-0.6558121606119526,-0.3765165314791646,0.40276984514777897
15,9,3,25,2,positive,2.260936111451177,-0.027815370480822887,-1.225504536506526,0.6743861864971935,-0.6743861864971935,0.14816383329664196,-0.5455311579531483
15,9,3,26,2,positive,2.331052645657093,-0.6396019186095893,-1.063687742253399,0.28912685424678136,-0.28912685424678136,0.96568126832856,-1.273284370311436
15,9,3,27,2,positive,0.08777528101155585,-0.9772971530745688,-0.8700830515922625,-0.19558058644959264,0.19558058644959264,0.7817214250308641,-0.5861432677842154
15,9,3,28,2,positive,0.16082525428205985,-0.26202100861614713,-1.2598336646427721,-0.16179945105690788,0.16179945105690788,-0.05038197781845433,0.287483196564209
15,9,3,29,2,positive,-0.13584731246150028,-1.3103722713366113,-1.1125378598205995,0.18741244896702092,-0.18741244896702092,0.831773064253571,-0.6861796851955614
15,9,3,30,2,positive,0.995354625530777,-1.1664731878671506,-1.055795342768694,-0.341721907437227,0.341721907437227,1.260233584600254,-1.1362528292481922
15,9,3,31,2,positive,1.012624228130955,0.05224186618799154,-1.3933772288114117,-0.05473718304860777,0.05473718304860777,-0.16091380539860783,0.2426183665282199
15,9,3,32,2,positive,0.23229544787529144,-0.6305435397348516,-1.0787089716916454,0.5914310171410818,-0.5914310171410818,0.15126202608237294,-0.2073367778266746
15,9,3,33,2,positive,0.033884143606044415,-1.3063690366657406,-0.7624597343373717,0.5593224705769054,-0.5593224705769054,0.8770696828963296,-0.942081241300077
15,9,3,34,2,positive,0.19662605847004333,-1.1408915989101551,-0.879700783063082,0.8284887558342556,-0.8284887558342556,0.6370371054343904,-0.7993542366136358
15,9,3,35,2,positive,-0.3622179057039675,-1.2398505801133792,-1.1079304238566596,0.22123642287353618,-0.22123642287353618,0.6760556626353248,-0.5047764153330656
15,9,3,36,2,positive,-0.7703799980097059,-1.1096247679141404,-0.7442490633084595,0.3628888415411064,-0.3628888415411064,0.48378546696104985,-0.3523102372550577
15,9,3,37,2,positive,0.011821186801581618,-1.136029989593414,-0.8503282807090712,0.7383283969420232,-0.7383283969420232,0.6104181593102431,-0.7167764426396692
15,9,3,38,2,positive,0.05874564545523664,-1.5298775393858848,-0.7852784154127227,0.06202183256133328,-0.06202183256133328,1.267026005212945,-1.1666111544071418
15,9,3,39,2,positive,-0.5386096147409041,-1.1570326132610367,-0.8054327920144505,0.36139002664166303,-0.36139002664166303,0.5885551354620308,-0.48501140988335933
15,9,3,40,2,positive,-0.08157084043380913,0.003963816653735602,-0.8656461875057591,0.38633000885435526,-0.38633000885435526,-0.4484794955850434,0.47757233062351967
15,9,3,41,2,positive,0.07011794576404312,-0.6527418351215943,-0.9915053127705173,0.20038287732388882,-0.20038287732388882,0.2788184203448066,-0.1920481516183572
15,9,3,42,2,positive,0.025194926155423902,-0.8498206610626627,-1.0324866832766026,0.451199315345514,-0.451199315345514,0.3636569702404318,-0.34617478250207334
15,9,3,43,2,positive,-0.07762125594286129,-0.8693081205857615,-1.2368558509898027,0.758857962190325,-0.758857962190325,0.17819643087809856,-0.21206956711942948
15,9,3,44,2,positive,-0.5309209170668615,-1.2608013723857732,-1.3066830535742897,0.25977632067750017,-0.25977632067750017,0.5616746086128894,-0.3419993870651976
15,9,3,45,2,positive,-0.4592596936037331,-0.4214375630752353,-0.6814476942345049,-0.3046709665840778,0.3046709665840778,0.14275875599051524,0.14891613084388367
15,9,3,46,2,positive,-0.2684636747384065,-0.5487870775487278,-0.9648430082562628,-0.03801039764286951,0.03801039764286951,0.15035498243146117,0.06786626394860684
15,9,3,47,2,positive,0.29338845416461123,-1.6249893223151641,-0.5402538334615855,-0.1399699805525122,0.1399699805525122,1.5893575227336767,-1.501556632666677
15,9,3,48,2,positive,0.1125100660749343,-0.7344312532032926,-1.32762017600154,0.05629037166919132,-0.05629037166919132,0.31063109267136024,-0.12687619823998975
15,9,3,49,2,positive,-0.28428538961739785,-0.7845685500847532,-1.5562719049196816,0.5030526323745966,-0.5030526323745966,0.0033652411141945615,0.13571009718378646
15,9,3,50,2,positive,-0.2213462537751416,-1.269570785176473,-1.1178070697046993,0.6454542613823243,-0.6454542613823243,0.6080349235557513,-0.5999941234365526
15,9,3,51,2,positive,-0.44589520098765933,-1.3930846974823154,-0.9484350623922576,0.055181333863186875,-0.055181333863186875,0.9099141650679474,-0.6959195657923569
15,9,3,52,2,positive,0.20947396269248264,-1.2383117390162917,-0.5177343382008036,0.4412600692129824,-0.4412600692129824,0.9884715907758572,-1.0841815512621311
15,9,3,53,2,positive,0.5341175484960441,-1.2126266871437612,-0.6629922399392095,0.293643313882995,-0.293643313882995,1.0717873520350412,-1.1481893414221784
15,9,3,54,2,positive,-0.6688152246840724,-0.901343029942828,-0.5902604327227606,-0.4036370977343781,0.4036370977343781,0.6161968433853431,-0.27180520123941143
15,9,3,55,2,positive,-0.9274017819050941,0.42969942741163636,-1.167595700071129,-0.840941244346173,0.840941244346173,-0.8477181732883197,1.477198168399748
15,9,3,56,2,positive,0.4879102206821217,-0.3185437887501509,-1.074460983849609,-0.5829632916814558,0.5829632916814558,0.3173479649214737,-0.025268407166407214
15,9,3,57,2,positive,2.621536376796769,-1.158383181624027,-0.9367275405144295,-0.7250512671184999,0.7250512671184999,1.9616698827576404,-2.000787599765197
15,9,3,58,2,positive,2.987991568969021,-0.3024490585566478,-0.5756194827624111,-0.10847183628544599,0.10847183628544599,1.1427303660539998,-1.5086351016599526
15,9,3,59,2,positive,1.411720569822063,-0.23191603320280046,-0.9789187005824748,-0.18205090172739016,0.18205090172739016,0.4368669568584599,-0.44831696782259456
15,9,3,60,2,positive,0.20084004897313978,-0.8540932576523457,-0.9497168757550751,0.07725807355685717,-0.07725807355685717,0.5787149575394148,-0.479654844261378
15,9,3,61,2,positive,-0.22955304464163673,-1.2768845404687907,-1.154388022245746,0.24456790919839047,-0.24456790919839047,0.7340482151068662,-0.5849140070250993
15,9,3,62,2,positive,-0.6978082435485105,-1.0312197915915395,-1.2844343680080395,0.37220671752307427,-0.37220671752307427,0.24640334856499813,-0.040098485813264584
15,9,3,63,2,positive,-0.936052702140463,-1.1263185111613399,-1.1361375927189294,-0.4097436184533474,0.4097436184533474,0.5721696190259915,-0.09022336373164364
15,9,3,64,2,positive,-0.6909020202661059,-0.4136260547401792,-1.1071221270985432,0.046642684731959226,-0.046642684731959226,-0.20126288929202363,0.4853860189421454
15,9,3,65,2,positive,-0.30703965996809357,-0.5058168926122522,-0.8580545888151087,0.41174207093900295,-0.41174207093900295,-0.01979521396181627,0.07673023177934901
15,9,3,66,2,positive,0.0504570885131882,-0.7016662041715258,-0.6982498018030346,0.3259964023885699,-0.3259964023885699,0.3770698322787203,-0.3777698475266026
15,9,3,67,2,positive,0.4767844266415062,-1.1871546091492278,-0.8631282673521353,-0.20024809134531465,0.20024809134531465,1.125122692694123,-0.9939826887939132
15,9,3,68,2,positive,0.2595859731436587,0.7356135860834256,-1.4204689555404397,0.07515975342703109,-0.07515975342703109,-1.1476278313580297,1.316055077281816
15,9,3,69,2,positive,0.006569587202360894,2.0407915597505304,-1.3909196284363434,0.010187068156343774,-0.010187068156343774,-2.505637262880639,2.7329665803675214
15,9,3,70,2,positive,0.014689049244989177,0.8646663539430597,-0.5330186923609876,-0.5480324046681085,0.5480324046681085,-0.8547654334256897,1.123831175501059
15,9,3,71,2,positive,-0.09870140729772126,-0.13835190123146385,-0.49043329732751945,-0.5619186178750432,0.5619186178750432,0.12927987231473134,0.15621545108115648
15,9,3,72,2,positive,-0.5249708577919168,-0.3026052310878874,-0.25312043511827287,-0.8681308541154605,0.8681308541154605,0.33261841815631105,0.08644041536720742
15,9,3,73,2,positive,-0.2637596738362836,0.3950789998371089,1.0427182293025787,-0.4534391365702093,0.4534391365702093,0.015720230841725857,0.005599722103961369
15,9,3,74,2,positive,-0.17077836585942052,-0.3898453259379986,-0.9451759719749251,0.4814668278408085,-0.4814668278408085,-0.14262839595371946,0.16813184297917427
15,9,3,75,2,positive,0.3914794439503594,-0.7088389259493217,-0.9451985663121888,0.18478653499372202,-0.18478653499372202,0.4626703734974713,-0.43197936476840704
15,9,3,76,2,positive,0.1339925022156695,-0.882448028682327,-0.7109039792532909,-0.14172649414823066,0.14172649414823066,0.7373863677191967,-0.5939922901635163
15,9,3,77,2,positive,-0.14425519331790582,-0.24706464376519277,-0.2513947983161816,-0.5424727657617068,0.5424727657617068,0.29600556847439924,-0.04923964794814906
15,9,3,78,2,positive,0.15613321451262102,0.6003756753761627,1.0431887321058073,-0.6396446627550583,0.6396446627550583,0.012613194414999529,0.0007147020669484583
15,9,3,79,2,positive,0.05173356012931092,-0.14370715390612132,1.1596155946530056,-0.06920484405967575,0.06920484405967575,0.5705584868534521,-0.7493817312972796
15,9,3,80,2,positive,-0.25055110247492307,-0.5253305036243037,-0.3752484475191969,0.12310185417393431,-0.12310185417393431,0.27569670223495224,-0.21243072862724366
15,9,3,81,2,positive,-0.5080998577873647,-0.5528335087444088,-0.32608978802688116,-0.470097811473897,0.470097811473897,0.4314695639642926,-0.13573868583728593
15,9,3,82,2,positive,0.06767933514016461,0.14760141214414796,-0.7055237834740146,-0.6666456446600529,0.6666456446600529,-0.13800101336874696,0.4665236363110729
15,9,3,83,2,positive,-0.2569451545345499,-0.3772291117170835,-1.3571805507297616,0.2877655420196991,-0.2877655420196991,-0.2567346373775867,0.4298337409150722
15,9,3,84,2,positive,-0.7532929630639402,-0.5170930635892945,-1.101732142108357,0.1355727563176222,-0.1355727563176222,-0.14643955690734523,0.4104194889968541
15,9,3,85,2,positive,-0.5289294919634676,-1.1158667426638758,-0.4537546558702646,0.24036243113488717,-0.24036243113488717,0.708184549674336,-0.6245246687470096
15,9,3,86,2,positive,-0.5615464520799881,-1.345811335508214,0.13137919250658908,-0.06014604279299466,0.06014604279299466,1.2224709299147458,-1.1307277057215144
15,9,3,87,2,positive,-0.9513443215892972,-1.18993921724678,-0.6642079809341673,-0.21646124160079236,0.21646124160079236,0.723575530272556,-0.3821630659850477
15,9,3,88,2,positive,-0.7703707979210732,0.44945706038029526,-0.9377298423447263,-0.013300457546793728,0.013300457546793728,-1.0143904546199638,1.303507380513195
15,9,3,89,2,positive,-0.8058753817268252,0.3128630698744971,-1.1270931364528647,-0.05317736171592672,0.05317736171592672,-0.9394601220290848,1.279347328964342
15,9,3,90,2,positive,-0.7072747759611574,0.10484852121841828,-0.44378186865699387,-0.9815884548902823,0.9815884548902823,-0.16133791779437462,0.680376843527494
15,9,3,91,2,positive,-0.2748835460116497,1.8761485121477226,-0.03018882915304037,-0.9554742549361199,0.9554742549361199,-1.659347885557246,2.028684699730068
15,9,3,92,2,positive,-0.9547204752487394,0.8035009930645489,-0.21882192283428195,-0.6676728832431538,0.6676728832431538,-0.9721241646778381,1.3902721921060595
15,9,3,93,2,positive,-1.2490799851324457,0.5116912919736022,-0.6124095286583776,-0.790483986597541,0.790483986597541,-0.868693134371363,1.442436048869014
15,9,3,94,2,positive,-0.5556946891247743,0.05954520578857807,-0.767903483394381,-0.8294362230186647,0.8294362230186647,-0.2242658556220749,0.7213442920481556
15,9,3,95,2,positive,-0.0177499942194288,-0.758469810256423,-0.9006837733539731,-0.22464451509605396,0.22464451509605396,0.527206726097307,-0.29925292646972207
15,9,3,96,2,positive,-0.10241246697041007,-1.2301477337373332,-1.012156854664399,-0.3023080939707674,0.3023080939707674,0.9593939911826526,-0.6728630729199286
15,9,3,97,2,positive,-0.39596192654445234,-1.0316171934464688,-1.2681340611687022,0.434916356278179,-0.434916356278179,0.3319464121160244,-0.1995691995898916
15,9,3,98,2,positive,-0.5622215257123415,-0.9672701032124431,-0.9884341164893778,0.26068398824366207,-0.26068398824366207,0.363490226397316,-0.19194228211158348
15,9,3,99,2,positive,-0.7671177330995259,-0.054158028092398516,-0.8346666621062558,-0.20252511251672853,0.20252511251672853,-0.4122617328039526,0.7467341695104923
15,9,3,100,2,positive,-0.8852466615782971,1.7095593623230962,-1.2409403422521557,-0.4124902914970479,0.4124902914970479,-2.2807915997675643,2.7726528642383226
15,9,3,101,2,positive,-0.977767942638798,1.817779191446285,-0.8322901227380665,-0.4474190781066399,0.4474190781066399,-2.2719921872030264,2.7228082241347176
15,9,3,102,2,positive,-1.095496249987096,0.8181975089115766,-0.8752970535153123,0.3231304749526709,-0.3231304749526709,-1.582838768396603,1.8035941606627808
15,9,3,103,2,positive,-1.1466682253134353,0.5074602591521922,-0.9996264005112111,0.1288506300387481,-0.1288506300387481,-1.265842011106657,1.5806075720645154
15,9,3,104,2,positive,-0.6222353045363753,-0.5856751699219844,-0.6612205341547708,0.2732667892657284,-0.2732667892657284,0.06676762726969299,0.05605274942358862
15,10,3,0,2,positive,0.5970284415049808,-0.8740911969412641,-1.011220547436593,-0.6152688659757405,0.6152688659757405,0.9411167836226403,-0.666995143975458
15,10,3,1,2,positive,-0.05100293797101091,-0.9760328486166792,-1.258322453977974,0.02183628584161759,-0.02183628584161759,0.5323122893531449,-0.3213701526421867
15,10,3,2,2,positive,0.10128357470653876,-0.968687814692488,-1.2689309733722633,-0.1213559802144928,0.1213559802144928,0.6199240085420774,-0.3848641153596257
15,10,3,3,2,positive,0.3077687227034779,-0.9882019087432505,-0.7629802043491849,-0.516823155023188,0.516823155023188,1.008739133202411,-0.760596167920397
15,10,3,4,2,positive,0.5322406399383416,-0.8928203701460036,-0.9120455531823307,-0.008157526949732688,0.008157526949732688,0.7689379080479181,-0.702917913524009
15,10,3,5,2,positive,0.3708037860459207,-0.42928457125210295,-0.22527909604505153,-0.004526191535865716,0.004526191535865716,0.4793015317643479,-0.5020469162525375
15,10,3,6,2,positive,0.27275657450634017,-0.24450896328974553,-0.2495349757592565,-0.01176247320623188,0.01176247320623188,0.2561703206075174,-0.25611976266328734
15,10,3,7,2,positive,0.7349351585636261,-0.2790162300125614,-1.0326035157884217,-0.1146131621570327,0.1146131621570327,0.2179978316566404,-0.1301820514001636
15,10,3,8,2,positive,1.6530035190469246,-0.0030689348160761742,-0.9889251980536987,-0.5318838966542957,0.5318838966542957,0.40172300736525,-0.3351080953126891
15,10,3,9,2,positive,0.8347493303835297,-0.8531607439582825,-0.5461983378429897,-0.25098789663066834,0.25098789663066834,1.0330070403486853,-0.9974362402285525
15,10,3,10,2,positive,0.0167272003042348,-0.5792158400072057,-1.3744000221095518,0.8341242214393073,-0.8341242214393073,-0.15138317440766913,0.09962057089545284
15,10,3,11,2,positive,0.08495384713864096,-0.37304215323570084,-0.781542986732672,0.0864750424907822,-0.0864750424907822,0.11202075920742977,-0.024747583438685328
15,10,3,12,2,positive,-0.03810250332571624,0.15842458828599576,-0.6835820264128276,-0.47430076754558675,0.47430076754558675,-0.2408858423503148,0.5192668531552678
15,10,3,13,2,positive,-0.35896630740315677,0.1496103606773214,-0.5544595535676661,-0.70733571936674,0.70733571936674,-0.21830707454534898,0.6063232911627328
15,10,3,14,2,positive,-0.19790519710710625,-0.827675612266968,-0.6302524006008378,-0.9968112665549222,0.9968112665549222,0.8838935018826274,-0.4135968134129959
15,10,3,15,2,positive,0.21932192913736775,-0.4661602607699876,-0.80289189310151,-0.46642714460138485,0.46642714460138485,0.42711265431573514,-0.17437527878791648
15,10,3,16,2,positive,-0.2391435000331283,0.984261303718257,-1.110890772422284,0.029307605374345718,-0.029307605374345718,-1.4440419296615097,1.6592784399459632
15,10,3,17,2,positive,-0.06649694022253971,-0.08638379726113413,-0.9799544040546285,-0.17983960626755024,0.17983960626755024,-0.20248678207540524,0.4368418748774501
15,10,3,18,2,positive,0.16492076202183703,-0.6157720356791853,-1.036667364924741,-0.7752798041778038,0.7752798041778038,0.5836164361041518,-0.17989873422773323
15,10,3,19,2,positive,0.27246057657695233,-0.27271799283849635,-0.21067192565303866,-0.8324609998053324,0.8324609998053324,0.5708012097482451,-0.3036123183004532
15,10,3,20,2,positive,0.6655870258600514,-0.11504563703738618,-0.824927759145448,-0.47404744811848104,0.47404744811848104,0.21994787531508098,-0.03537527039468785
15,10,3,21,2,positive,1.0185316242624283,-0.9931563210368177,0.28743727492078797,-0.6184696097635276,0.6184696097635276,1.6346358240190657,-1.646140770628426
15,10,3,22,2,positive,1.4837887348721717,-0.39708104982479203,-0.9995355439776925,-0.7539711099545096,0.7539711099545096,0.8098224834411216,-0.6392076452720317
15,10,3,23,2,positive,1.508463237260306,-0.7392660423533026,-1.2837755415380712,-0.47416415013599095,0.47416415013599095,0.9722166576393779,-0.85160989021442
15,10,3,24,2,positive,0.9470325253533927,-0.43680006320878284,-1.2037106031909535,-0.4591180355897022,0.4591180355897022,0.5042800491261633,-0.30846102429000244
15,10,3,25,2,positive,0.3845788499984638,-0.1526315586145088,-1.153153751786284,-0.13555234661194307,0.13555234661194307,-0.05837595977745025,0.23165589227940128
15,10,3,26,2,positive,0.11118280244412959,0.11295189596308489,-1.188864627609203,-0.7594850657476225,0.7594850657476225,-0.21901748243556846,0.6517928085456215
15,10,3,27,2,positive,-0.21535690594871199,-0.29270928516905637,-1.119318775605198,-0.6232002880525537,0.6232002880525537,0.055550820668604256,0.37462855560789865
15,10,3,28,2,positive,-0.19388298794764003,-0.7742301178172837,-0.919347135493871,-0.151776008567724,0.151776008567724,0.4537454128593547,-0.2176150560965282
15,10,3,29,2,positive,0.12405132642658007,-0.33596042938801374,-0.7623609543428717,-0.7360754868310755,0.7360754868310755,0.368549049026275,-0.016805615429867915
15,10,3,30,2,positive,0.18974963801747924,-0.4522356808091835,-0.10826591766660361,-0.598043557708764,0.598043557708764,0.67874477349573,-0.4929775409846213
15,10,3,31,2,positive,-0.3916045451222332,-0.018174910299451258,-0.6539273191656796,0.023221060679239486,-0.023221060679239486,-0.3380760646895995,0.5045910218445051
15,10,3,32,2,positive,-0.29123232884187245,0.036515605939895834,-1.1440581377547927,-0.19941885724980588,0.19941885724980588,-0.44847280905551556,0.7541608392382284
15,10,3,33,2,positive,-0.37903731013425745,-0.25492022074462584,-0.301390257808897,-0.37236593809186164,0.37236593809186164,0.15223301079419493,0.08529356322695136
15,10,3,34,2,positive,-0.5601880102144909,-0.7347092196684445,-0.9549036020866243,-0.008907633281990865,0.008907633281990865,0.23264789332873637,0.022836586482113064
15,10,3,35,2,positive,-0.20991268616356787,-0.04284917864075227,-0.9719888201630645,-0.20396839925716703,0.20396839925716703,-0.2831285237157362,0.5481015745225639
15,10,3,36,2,positive,0.073963297672695,-0.4967815732441198,-0.5301192470524045,-0.1839023347375023,0.1839023347375023,0.4060303683633841,-0.26870359855426507
15,10,3,37,2,positive,0.3629871648181746,-0.641563776146332,-0.7084757925343674,0.045062555819082396,-0.045062555819082396,0.5113800483012403,-0.46881946228823557
15,10,3,38,2,positive,0.7909098975102469,-0.34641729334906984,-0.7778369215911656,-0.9314226461891019,0.9314226461891019,0.6612491673851308,-0.3529537813086105
15,10,3,39,2,positive,0.5264550270421737,-0.5906959536285705,-0.9820241461660068,-0.6586460162489672,0.6586460162489672,0.6583882526702819,-0.362911394066654
15,10,3,40,2,positive,0.0727639050207074,-0.21439497980349154,-0.7629827472877111,-0.8027151467633041,0.8027151467633041,0.251893747968925,0.1307144413300103
15,10,3,41,2,positive,-0.15114414772951085,0.6035586740353345,-1.3069686286161322,-0.3738245897673937,0.3738245897673937,-0.9649880695614175,1.332615062208156
15,10,3,42,2,positive,-0.45982456334489014,0.5509193835773869,-1.2395846493726517,-0.333152524471381,0.333152524471381,-1.0063382796594404,1.4006239899361579
15,10,3,43,2,positive,-0.3004723943836298,-1.0563608155203905,-0.5034118946329342,0.13544497237511355,-0.13544497237511355,0.7432510617231647,-0.6544186710121085
15,10,3,44,2,positive,0.05176205527252631,-0.9983912182345576,0.4432684380683498,-0.226695418918981,0.226695418918981,1.2389665223211765,-1.2459064649049956
15,10,3,45,2,positive,-0.4234238961850971,0.5925477892924487,-1.1312506804803586,-0.2948059482751819,0.2948059482751819,-1.0125039987558733,1.3698850776251765
15,10,3,46,2,positive,-0.6710696393159713,0.35336233367032716,-1.2163319749291832,-0.08764131995264007,0.08764131995264007,-0.9532824317678319,1.2970631407929043
15,10,3,47,2,positive,0.12650847343344085,-1.302349921109217,-0.7448780606094709,-0.00735784531715337,0.00735784531715337,1.0986793404895916,-0.9931651275212021
15,10,3,48,2,positive,0.5236070598938074,-0.5151690234394062,-0.17230471478417803,-0.019709518693141154,0.019709518693141154,0.6388396447069964,-0.6908201959942208
15,10,3,49,2,positive,-0.06522851223254256,1.0830907812302475,-0.7272578133015123,-0.47549034359138115,0.47549034359138115,-1.188756108544472,1.479333943997275
15,10,3,50,2,positive,-0.3651744644133115,1.0559858808310572,-1.037959034473113,0.40164158224449137,-0.40164158224449137,-1.6575775745413623,1.7575526302742694
15,10,3,51,2,positive,-0.29561734691866465,0.3511181657869315,-0.6480561927077564,-0.5537493868982115,0.5537493868982115,-0.4810928833630014,0.822954935600142
15,10,3,52,2,positive,-0.5835478054328761,0.8819019226194253,-0.8684941885770927,-0.7186259613269281,0.7186259613269281,-1.1263739335137724,1.6079229196244098
15,10,3,53,2,positive,-0.5776461972285505,0.5088989671774559,0.1450991996407457,-0.7992357909322672,0.7992357909322672,-0.3866693693959684,0.7251724659713583
15,10,3,54,2,positive,-0.2267326123579352,1.3187303435236717,-0.6805633138474263,-1.0518361765967117,1.0518361765967117,-1.2705502600598884,1.7723783066263525
15,10,3,55,2,positive,0.19718613687352707,0.9190026552635403,-0.8307170979057399,-1.3022366417408786,1.3022366417408786,-0.696100761693985,1.2357681357796468
15,10,3,56,2,positive,0.02492213735928106,-0.0728910606206398,-0.20543133332527963,-1.0054234786690284,1.0054234786690284,0.34786248818831644,0.017363537362359488
15,10,3,57,2,positive,-0.31866867502254,0.6471164893030766,-0.7278713624345803,-0.4692240707920761,0.4692240707920761,-0.8395551448580914,1.170386508031637
15,10,3,58,2,positive,-0.547593519159984,0.3090896103813107,-0.17427907368311607,-0.607077032599023,0.607077032599023,-0.34735479712933637,0.6700259068028607
15,10,3,59,2,positive,-0.11526078302656337,-0.21250506153031137,0.5606232359057699,-0.9300210512767023,0.9300210512767023,0.670966229582281,-0.43518628796991465
15,10,3,60,2,positive,0.3829667470749036,-0.5977635599753346,-1.0015738972289574,-0.6609332390158716,0.6609332390158716,0.6118722562626072,-0.2884599848983077
15,10,3,61,2,positive,0.6122158372461404,-0.6744499065583286,-0.9126716844983878,-0.35354090315478404,0.35354090315478404,0.6921449251925075,-0.5242219829322049
15,10,3,62,2,positive,0.5172217537803596,-0.8825228852283656,-1.164906450564692,-0.1477188088564532,0.1477188088564532,0.7158675892524059,-0.5586805368361994
15,10,3,63,2,positive,0.4780109865376894,-1.4506778418931288,-0.9251323279025369,-0.031290164189623014,0.031290164189623014,1.3120674495013873,-1.227117171210705
15,10,3,64,2,positive,0.7388461396374083,-1.1004743038856677,-1.2653668258463346,-0.10871099016430241,0.10871099016430241,0.9612044052041264,-0.8372139607812046
15,10,3,65,2,positive,0.2535228194354635,-0.5550182430163879,-0.9055973318311866,0.3385387057760074,-0.3385387057760074,0.22481383695914442,-0.22898098681852636
15,10,3,66,2,positive,-0.060439292206739714,-0.6533692146140917,-0.9769479327933,0.3677940478669703,-0.3677940478669703,0.184975456991755,-0.1346756021140718
15,10,3,67,2,positive,0.08838251556144816,-1.1985949059131895,-0.9157292682180772,0.3750895270415175,-0.3750895270415175,0.797782812680474,-0.784921529584875
15,10,3,68,2,positive,0.2675789279792808,-1.1160623254867827,-0.3777494703706186,0.11337594239049258,-0.11337594239049258,1.041546830559506,-1.0609770542911139
15,10,3,69,2,positive,0.1521382566082186,-0.7085313361182515,-0.5666502036301635,0.5315843950690907,-0.5315843950690907,0.393165888754573,-0.501275362607279
15,10,3,70,2,positive,0.3378333645300472,-0.4634048834390153,-0.891397522502789,0.3532059032425991,-0.3532059032425991,0.16114819636723504,-0.1866228044526444
15,10,3,71,2,positive,0.2872822007358872,-0.3287822045468473,-1.0168377631139458,-0.18798796560788356,0.18798796560788356,0.14825967229012232,0.03599557664218195
15,10,3,72,2,positive,-0.3201978660113417,-1.328590853703979,-0.5138545474455926,-0.06890967950665638,0.06890967950665638,1.073543275720553,-0.9115646469755119
15,10,3,73,2,positive,-0.30399387004374034,-1.0495527654470675,-1.015883977805899,0.1562793371493988,-0.1562793371493988,0.5575003704473882,-0.3896138415222479
15,10,3,74,2,positive,-0.12022072850910315,-0.8118822488581366,-0.9457418942004683,0.1064803833006142,-0.1064803833006142,0.4210679135214081,-0.278900937503351
15,10,3,75,2,positive,0.026200143962779032,-1.1417641142738502,-1.143572221242254,0.3487407863088752,-0.3487407863088752,0.6530598264110667,-0.5830780756341126
15,10,3,76,2,positive,0.7271747110274348,-0.8244092820514645,-1.319238488421808,0.11559256157555602,-0.11559256157555602,0.5885238357281547,-0.5283773933542779
15,10,3,77,2,positive,0.5187527569499953,-0.566639611435852,-0.5593902411959069,0.46078709037139404,-0.46078709037139404,0.3994980865634168,-0.5463208693128963
15,10,3,78,2,positive,0.4922912949598209,0.4117551724325273,0.0276080687767622,-1.0415302095100658,1.0415302095100658,0.1087213519830223,0.15180549056423576
15,10,3,79,2,positive,0.34143308541100165,-0.3050962527180138,-1.005607124178423,-0.9680309756631331,0.9680309756631331,0.4063818983499178,0.02699076666569683
15,10,3,80,2,positive,0.4785230257506268,-0.6171738087054927,-1.0673167094316984,-0.31655592884994266,0.31655592884994266,0.5264278904284496,-0.3227769668649568
15,10,3,81,2,positive,0.36006878123287733,-0.2006728841255082,-0.6180021348793933,-0.7077234952348722,0.7077234952348722,0.350602931321627,-0.07170620730225025
15,10,3,82,2,positive,0.5652537299950839,0.4681263261744306,-0.014347291484555592,-1.0957142276876553,1.0957142276876553,0.08074722922496391,0.19267310691916645
15,10,3,83,2,positive,0.22372231179938656,0.07897329659496674,-0.4752556867746139,-0.9147205329372262,0.9147205329372262,0.14208908939236622,0.2047399840825804
15,10,3,84,2,positive,-0.327481150577558,-0.046358687193171544,-0.9264807385222855,-0.9030085637067731,0.9030085637067731,-0.07062575460451857,0.5806222573567501
15,10,3,85,2,positive,-0.27871627482039885,-0.1761576392178277,-0.8183647495512159,-0.12651445810092476,0.12651445810092476,-0.14736454953906894,0.3723828729679797
15,10,3,86,2,positive,-0.09220906733634698,-0.32629134471774823,-0.12271549063249634,-0.1558076495700191,0.1558076495700191,0.3065857085848068,-0.21882906573332656
15,10,3,87,2,positive,-0.27928338371776446,0.6221494419147124,-0.49228050279843594,-0.9764634216219618,0.9764634216219618,-0.5538495968794587,1.0079313851728127
15,10,3,88,2,positive,0.24837516307685117,1.8549811758231103,-0.3524423144519644,-0.7012109897117714,0.7012109897117714,-1.6559332297108909,1.9070147515106668
15,10,3,89,2,positive,0.34169899775730717,2.906801888899213,-1.097720412045286,-0.4877047600647293,0.4877047600647293,-2.996240773640296,3.2848125960432024
15,10,3,90,2,positive,0.7364490805339527,1.6782492183227529,-1.0807468760965222,-0.33624393883875414,0.33624393883875414,-1.6809338372306912,1.8503981161040377
15,10,3,91,2,positive,-0.17627692911883563,-0.7641711065175079,-0.8439059780189793,-0.12489998619702658,0.12489998619702658,0.46574346620391177,-0.25407965294860047
15,10,3,92,2,positive,-0.37495532045465174,-0.9647986000171022,-0.8419256229166366,0.06902553276404196,-0.06902553276404196,0.5361631079719921,-0.35635812833145797
15,11,3,0,1,neutral,-0.18564131656306865,1.6510805339157033,-0.40753218965239657,-0.555439446139225,0.555439446139225,-1.6636585539411168,1.947667287023436
15,11,3,1,1,neutral,-0.3455672727503303,1.7357863767082313,-0.619151611156543,-0.24943862714995926,0.24943862714995926,-1.974213128960536,2.218145818661668
15,11,3,2,1,neutral,-0.5342668402839805,1.3750769274673322,-0.9615864735576217,0.16191278280278562,-0.16191278280278562,-1.9276656263487948,2.123003584388133
15,11,3,3,1,neutral,-0.7400269191997662,1.5533232613297496,-1.1582927807918988,0.0078061873512559705,-0.0078061873512559705,-2.1886985571107234,2.5024831113255823
15,11,3,4,1,neutral,-1.0709389774517986,1.7235338226809094,-0.7199346632536786,-0.4607676454861731,0.4607676454861731,-2.166902487754011,2.6189706430336477
15,11,3,5,1,neutral,-0.8533733448843915,1.3247140388376646,-0.9053160320583936,-0.18888689246320045,0.18888689246320045,-1.8479815336641927,2.2040587273090573
15,11,3,6,1,neutral,-1.0133363500609875,1.7953655678615543,-1.096151985290301,-0.13527630774325142,0.13527630774325142,-2.4534362437309003,2.850109735537199
15,11,3,7,1,neutral,-0.9087065405575213,0.7362674140339601,-0.7730445985700212,0.1559947639130254,-0.1559947639130254,-1.3488493817141496,1.5771429835977315
15,11,3,8,1,neutral,-0.8953983322014135,2.140812118041117,-1.0229956608411412,-0.14957212419793756,0.14957212419793756,-2.7304194076559893,3.1000091145623943
15,11,3,9,1,neutral,-1.574324381386995,1.1860132160420118,-1.2293308831553755,-0.2670458538069154,0.2670458538069154,-2.0315496862871636,2.587840848313197
15,11,3,10,1,neutral,-1.0143541179918627,1.6123541281101046,-1.0936573558375444,0.3827266151598045,-0.3827266151598045,-2.442600157773175,2.666359865024808
15,11,3,11,1,neutral,-0.6749409375241867,1.3385419790014659,-0.6088474733204109,-0.15332101373362927,0.15332101373362927,-1.715364444705122,1.9804361844237648
15,11,3,12,1,neutral,-0.9620637204531526,1.544748831311062,-1.1055629067975477,0.14122830607403988,-0.14122830607403988,-2.2810338090859754,2.578562144936412
15,11,3,13,1,neutral,-1.0964244718317948,1.457871607391788,-1.1996548916834204,0.42605080942511897,-0.42605080942511897,-2.3652483317052324,2.6059112891493954
15,11,3,14,1,neutral,-0.9836782507573775,0.3162509353005973,-0.8476366163321437,0.06781921982132011,-0.06781921982132011,-0.9492956309375444,1.2319083688453578
15,11,3,15,1,neutral,-1.0812846394749145,1.6774626314992616,-1.0050640567711082,-0.4344570235546341,0.4344570235546341,-2.228093189063058,2.720636979622273
15,11,3,16,1,neutral,-1.0993252535225846,1.5924636526661233,-1.1608061546353055,-0.5017464849995076,0.5017464849995076,-2.1785919603855843,2.7225293567450684
15,11,3,17,1,neutral,-1.145626621133665,1.279277727549718,-0.7780674961302511,-0.331563280307223,0.331563280307223,-1.8099880065352822,2.2411247861816763
15,11,3,18,1,neutral,-0.6524006019071102,1.3431911821466547,-0.25064261004302996,-0.19279713490452213,0.19279713490452213,-1.579939874495194,1.7947127881217249
15,11,3,19,1,neutral,-0.8798135427136431,0.8164190547675028,-0.7147727116748649,-0.46526530154089674,0.46526530154089674,-1.1928593723833731,1.6137121819617568
15,11,3,20,1,neutral,-1.4707600361347266,0.12030190363995998,-1.21330864846389,-0.45678476847457095,0.45678476847457095,-0.8627298756813085,1.4623362459392684
15,11,3,21,1,neutral,-1.4465189993496466,-0.2468627645477635,-1.1135717188518226,-0.008073206753265097,0.008073206753265097,-0.6038097392683044,1.0331825945529711
15,11,3,22,1,neutral,-1.1320635282346792,2.044019337462814,-0.8165625650464545,-0.561264785600397,0.561264785600397,-2.5064731066897266,3.018332384103381
15,11,3,23,1,neutral,-0.8406232229367561,1.934495856401048,-1.0193022591960235,-0.0783411489345727,0.0783411489345727,-2.52835730080045,2.8644585974674377
15,11,3,24,1,neutral,-0.39448349619430123,0.7769502234119169,-0.5026190945347428,0.20480692158821664,-0.20480692158821664,-1.1442533941843371,1.2255015187764389
15,11,3,25,1,neutral,-0.5893094669562791,1.2542255633057189,-0.2886068559018315,-0.15944678094073012,0.15944678094073012,-1.4937154106115125,1.6931837247347743
15,11,3,26,1,neutral,-0.5222451258779924,0.8060622588673604,0.06572622914383612,-0.43467666865419224,0.43467666865419224,-0.8133430015606817,1.0343217072344386
15,11,3,27,1,neutral,-0.37479171250559884,0.8581243448777252,-0.07899478917438546,-0.7381699176109219,0.7381699176109219,-0.7633298729007459,1.0850175957177173
15,11,3,28,1,neutral,-0.3608940961016647,0.7714738681301085,-0.2545936834556851,-0.7296607746886418,0.7296607746886418,-0.7334162030863446,1.0792177579087834
15,11,3,29,1,neutral,-0.8254479497970099,0.07106648536405055,-0.5290613494179794,-0.46528527786705154,0.46528527786705154,-0.36747449248002984,0.7483211349715453
15,11,3,30,1,neutral,-1.3102101976937692,1.951738515094902,-1.37832708354133,0.02448397464544677,-0.02448397464544677,-2.8560789337217507,3.2960071557124517
15,11,3,31,1,neutral,-0.8692627740111744,2.903296339810164,-1.2845046655266819,-0.048858858511576585,0.048858858511576585,-3.6049325334855906,3.980180059579092
15,11,3,32,1,neutral,-0.7212802511462566,1.0805716209266627,-1.309388028450633,0.18105904710483553,-0.18105904710483553,-1.817814063160571,2.0959057607251075
15,11,3,33,1,neutral,-0.59328755691869,1.4702797776869772,-1.0200467582616706,-0.43888688377032065,0.43888688377032065,-1.8617622548236572,2.2769469352771576
15,11,3,34,1,neutral,-0.9072263230518848,0.9246294463954203,-0.8537010891566038,-0.4908413088479477,0.4908413088479477,-1.347991480848934,1.8050931524996647
15,11,3,35,1,neutral,-0.8565172064965295,-0.47648028479162696,-1.1913596272872875,0.555855467830818,-0.555855467830818,-0.3914304824132514,0.5474581321002816
15,11,3,36,1,neutral,-0.3222347062150608,1.3368962139049283,-1.3580925213244137,-0.30997553386085963,0.30997553386085963,-1.7936801117977998,2.1770598276746655
15,11,3,37,1,neutral,0.05578349491637205,1.3139939870857216,-0.8369014164732508,-0.6739680285379531,0.6739680285379531,-1.3497106180920302,1.704552947864161
15,11,3,38,1,neutral,-0.05953524269920332,1.8326171625075962,-0.15810384030916083,-0.47986645749003637,0.47986645749003637,-1.745208037680372,1.9414367040117784
15,11,3,39,1,neutral,0.20062272673450715,1.5163803454273288,0.09034704874333299,-0.15867759216165608,0.15867759216165608,-1.3664978895474968,1.3708954576884087
15,11,3,40,1,neutral,-0.2609211610928291,1.2951207783988878,-0.4537561776542008,0.07320840493229952,-0.07320840493229952,-1.557749359625331,1.6524594477724028
15,11,3,41,1,neutral,-0.8867694557222894,0.6233318755355894,-0.5501450368652823,-0.43750533396183183,0.43750533396183183,-0.9564682617441693,1.3417891218293754
15,11,3,42,1,neutral,-0.5831507181236331,1.1727122548705493,-0.6824033668060351,-0.8671139924493816,0.8671139924493816,-1.3055256190306448,1.8054892973353833
15,11,3,43,1,neutral,-0.565219957596431,1.5414660803304931,-0.6799057308813257,-0.6569251117901983,0.6569251117901983,-1.7375329392263459,2.1640289245693713
15,11,3,44,1,neutral,-1.0389602271422305,1.8431818161091806,-0.9628550112657055,-0.2993399419719621,0.2993399419719621,-2.4106735815878384,2.8440894353131485
15,11,3,45,1,neutral,-1.1250358868577275,1.2179118424654822,-0.8551651761488891,-0.4185366749383199,0.4185366749383199,-1.738466638488248,2.2080123739687902
15,11,3,46,1,neutral,-0.9621779758983664,0.08541662050608116,-0.8119441381327736,-0.2648393441374679,0.2648393441374679,-0.5885108771373051,0.972477677521651
15,11,3,47,1,neutral,-0.6154374545198634,-0.16990575293906593,-0.7000289999829524,-0.09443813473719198,0.09443813473719198,-0.23710368698280868,0.48782747431234197
15,11,3,48,1,neutral,-0.3569902409498827,0.9123232283084197,-1.2073809971781453,-0.10970680176924918,0.10970680176924918,-1.3972113737613459,1.6945088473724337
15,11,3,49,1,neutral,-0.37405942117420204,0.6179510086358425,-0.898974551859399,0.00704595322019889,-0.00704595322019889,-1.0446443173871092,1.254467995152643
15,11,3,50,1,neutral,-0.3489677060375401,1.532369389246786,-0.09421430431054031,-0.6006615880868512,0.6006615880868512,-1.4798761966671958,1.7539603944208262
15,11,3,51,1,neutral,-0.4487714295854892,2.6724210160599524,-0.6075373498732847,-0.5040967312450965,0.5040967312450965,-2.856491698797845,3.2005754057893396
15,11,3,52,1,neutral,-1.1472780308931827,2.130094207997126,-0.9949970442601672,0.14462051024417158,-0.14462051024417158,-2.8923927364629662,3.201231745573801
15,11,3,53,1,neutral,-0.8780687238577092,0.5660467072775484,-0.40606625351566544,-0.3762598609716521,0.3762598609716521,-0.8686717460781226,1.2081141959642356
15,11,3,54,1,neutral,-0.5225755651447193,0.9313534454423209,-0.1850779445696532,-0.6455582319646199,0.6455582319646199,-0.9520518713589051,1.2851802002995072
15,11,3,55,1,neutral,-0.4608908553335955,1.2662200100086924,-0.42358895719207995,-0.5740042741154786,0.5740042741154786,-1.3697118561454247,1.7084599162715302
15,11,3,56,1,neutral,-0.7798218490426714,0.6145940614443881,-0.8757802264112953,-0.5481039018551536,0.5481039018551536,-0.9837601193106591,1.4423950991713714
15,11,3,57,1,neutral,-0.9291294005965081,1.5746928166066914,-0.9707082475109982,-0.24590600837861085,0.24590600837861085,-2.1260033631829898,2.5246116406604444
15,11,3,58,1,neutral,-0.738873388143632,1.9819140648537092,-0.5701036118774293,0.34255941627259273,-0.34255941627259273,-2.5324262036182605,2.63640256486424
15,11,3,59,1,neutral,-0.43749407750626124,0.7969344190232858,0.44628810983971595,-0.5698572761876566,0.5698572761876566,-0.6040506495162486,0.7925374028565584
15,11,3,60,1,neutral,-0.29707946651076067,0.6836323798878036,0.12906751782284942,-0.7710128315383243,0.7710128315383243,-0.4826320856043326,0.7676383542317592
15,11,3,61,1,neutral,-0.21409814464794535,1.4833450652229212,-0.049582224071514414,-0.6067447447657581,0.6067447447657581,-1.3689902732074883,1.615185249582651
15,11,3,62,1,neutral,-0.7424231503311978,1.682328698920029,-1.1590920281000094,-0.7957155930876721,0.7957155930876721,-2.0509285607012075,2.6330862881356327
15,11,3,63,1,neutral,-0.8971862681317068,-0.36185185006036813,-1.0801135396827346,-0.0889504832100314,0.0889504832100314,-0.26759792480776856,0.6267980538468526
15,11,3,64,1,neutral,-0.5350971373888348,1.2326323910183998,-1.188111801573534,-0.2058026992036889,0.2058026992036889,-1.7384344709379598,2.094236860499584
15,11,3,65,1,neutral,-0.3753899995708187,0.9666891762618797,-0.9525363551334811,-1.0697583883604815,1.0697583883604815,-1.0527451650431525,1.6306523536140296
15,11,3,66,1,neutral,-0.3164739469792204,1.3244833758715624,-0.5235824898511915,-0.5956260020732601,0.5956260020732601,-1.4059601874572796,1.7445115942867684
15,11,3,67,1,neutral,-0.3978000023199238,1.4454530864211574,-1.002985147594831,0.09976520522764377,-0.09976520522764377,-1.9456365381352905,2.1458456613785346
15,11,3,68,1,neutral,-0.8849079122280716,1.2838353632858461,-1.078967894828621,-0.5177250130516361,0.5177250130516361,-1.7658856279541983,2.2657732668141923
15,11,3,69,1,neutral,-0.7185084717773703,0.685596637037593,-1.137066620077205,-0.12807146279184753,0.12807146279184753,-1.2614311800585023,1.6133841829648807
15,11,3,70,1,neutral,-0.5950020917206443,0.9548185754108434,-0.7079597777634625,-0.5337797389646743,0.5337797389646743,-1.211212618917321,1.6062995101528967
15,11,3,71,1,neutral,-0.07805485491680883,2.2569210493846237,0.06538163935997886,-0.8737187337705379,0.8737187337705379,-1.969905876646721,2.2632576571630385
15,11,3,72,1,neutral,-0.005624900449967968,1.7301990620658807,-0.36305603944492737,-0.7576254937642432,0.7576254937642432,-1.6005508774427648,1.9145395320133285
15,11,3,73,1,neutral,-0.6338889816342359,0.7472962162180263,-0.745357860230867,-0.42346052924442107,0.42346052924442107,-1.0658916537582537,1.4369196371505777
15,11,3,74,1,neutral,-1.1606707147801598,0.12055396598613677,-0.6912375923642285,-0.13055524958788012,0.13055524958788012,-0.6943383185049729,1.046508119558331
15,11,3,75,1,neutral,-0.8214395897857318,0.9928738737444347,-0.677418390050904,-0.7797187018756558,0.7797187018756558,-1.2325869663980948,1.7423028636627527
15,11,3,76,1,neutral,-0.908117319947537,1.6846563946943176,-0.6264116124876524,-0.4572059015032506,0.4572059015032506,-2.0437640716716308,2.4519208609119123
15,11,3,77,1,neutral,-0.8553215316561624,1.2152769153194833,-0.9644919384511244,-0.4000722545711775,0.4000722545711775,-1.6885239871648532,2.1251836503731267
15,11,3,78,1,neutral,-0.5930489349087977,0.42859254283456305,-1.0824973279255774,-0.46670342380755847,0.46670342380755847,-0.8315401558435019,1.2663656742517506
15,11,3,79,1,neutral,-0.39952713877788937,0.10245357588463122,-0.9501855672673543,-0.074429717883296,0.074429717883296,-0.5275479052719472,0.777309928907253
15,11,3,80,1,neutral,-0.32785316860439245,1.111111333479792,-0.7504239511331352,-0.7754169778491034,0.7754169778491034,-1.2120647141092666,1.6502498933485557
15,11,3,81,1,neutral,-0.8648537890008519,1.1979743022848661,-1.2061069564771825,-0.635146456814628,0.635146456814628,-1.6765790651726682,2.233454675023883
15,11,3,82,1,neutral,-0.8134019842609496,0.3119387158513325,-1.2144081742320012,-0.4324145750486626,0.4324145750486626,-0.8437372436660953,1.325843795097808
15,11,3,83,1,neutral,-0.5532133956441482,-0.4233835480533077,-0.5163075225589594,0.11431607734320481,-0.11431607734320481,0.028771216204536876,0.1113769110482461
15,11,3,84,1,neutral,-0.26095564218051126,0.5487526018950841,0.384822406254699,-0.6408094003666837,0.6408094003666837,-0.2938605470814603,0.48681921985799026
15,11,3,85,1,neutral,-0.6101605814989051,0.6696776379485423,-0.6011925512123069,-0.2691356698720502,0.2691356698720502,-0.9837501255615961,1.2753542043041484
15,11,3,86,1,neutral,-0.781497444920865,1.2186007949638369,-0.7952297109869777,-0.041591877343946926,0.041591877343946926,-1.7303125544851354,2.006964372917758
15,11,3,87,1,neutral,-1.0364810300135978,0.43129333001424536,-1.0287390024861816,0.37904268843941963,-0.37904268843941963,-1.2460475703273117,1.463903346264135
15,11,3,88,1,neutral,-1.1429890812348509,-0.18354306485986957,-1.0197040045286365,-0.06437602246896694,0.06437602246896694,-0.5158959562383039,0.8978034780218741
15,11,3,89,1,neutral,-0.8935647047627935,0.08549787191975332,-0.47071873363058764,0.05454585981204171,-0.05454585981204171,-0.5584409713215609,0.7676395911164439
15,11,3,90,1,neutral,-0.8078877345351083,-0.05533968612444956,-1.11436610662851,0.0369651173590931,-0.0369651173590931,-0.5977333000497875,0.9057872344573596
15,11,3,91,1,neutral,-0.9286042066732179,1.1354876591638523,-1.2652702940215859,-1.0497109226911625,1.0497109226911625,-1.5168755184983995,2.2324249095112543
15,11,3,92,1,neutral,-0.8274798829677114,1.3583309035631177,-0.7542938723198156,-0.5600548396050303,0.5600548396050303,-1.6989038754572832,2.149217781206881
15,12,3,0,0,negative,-0.7372761945664386,-0.42813129896587665,-0.9191532340332527,-0.7585221771425732,0.7585221771425732,0.128828881813504,0.40008341533396896
15,12,3,1,0,negative,-0.5748375586795489,0.5077929184183815,-0.11770770235447964,0.6573734403181232,-0.6573734403181232,-0.9577658188690987,0.8540655489353958
15,12,3,2,0,negative,-0.6868898253615672,1.1906473300097766,-0.2423968608841436,0.4686522225751495,-0.4686522225751495,-1.6566269662833968,1.655290673132632
15,12,3,3,0,negative,-1.1579903420959183,0.11162511753863444,-0.0036007993462728455,-0.6348743138446542,0.6348743138446542,-0.2871973934044801,0.69242068825973
15,12,3,4,0,negative,-1.2895312568740254,0.13496404128841072,-1.0193661643532481,-0.22394495196947176,0.22394495196947176,-0.8299481977076779,1.2894127519020475
15,12,3,5,0,negative,-0.05739413581690539,0.016124471584367774,-0.5985125927921248,0.5485286430084547,-0.5485286430084547,-0.41760292879019606,0.3440778358888828
15,12,3,6,0,negative,0.25893842224974956,-0.4679034695496732,-0.4505994837527791,0.24566196146766162,-0.24566196146766162,0.32212912855944287,-0.37207293879815845
15,12,3,7,0,negative,0.20023076634027756,0.07342165683920088,0.44517716924631245,-1.1013477147126614,1.1013477147126614,0.5088302265938829,-0.24928231095409414
15,12,3,8,0,negative,0.2333761049273845,1.9552744144944856,0.030074083741911794,-0.987467516851857,0.987467516851857,-1.5383018459874345,1.8235493201598374
15,12,3,9,0,negative,-0.7412917134049486,0.18799521937126606,-0.6485475780510221,-0.28493553049159864,0.28493553049159864,-0.5562964730260568,0.8829148650992514
15,12,3,10,0,negative,-0.9864238728472299,-0.39297683590768606,-0.9057243509460081,-0.1942249537045766,0.1942249537045766,-0.172997587455201,0.5530972759889329
15,12,3,11,0,negative,-0.43339909794889175,0.8972985650685831,-0.45636363865188384,-0.3629429774606656,0.3629429774606656,-1.0729051514486199,1.3421799333689708
15,12,3,12,0,negative,0.03339132216247562,1.6125933216987183,0.15707515656285462,-0.9430352851910194,0.9430352851910194,-1.2347594003932685,1.5173600823360531
15,12,3,13,0,negative,-0.7493523191285975,-0.011537183690727384,-1.2645292526985366,-1.056227614087032,1.056227614087032,-0.30768080222264005,0.9954036022228396
15,12,3,14,0,negative,-0.5349892030598733,-0.1989798005079218,-0.17922839592003068,-0.503001809575382,0.503001809575382,0.1285745373730811,0.1581289989820302
15,12,3,15,0,negative,-0.6871904568065917,-0.5304243523390823,-1.0665937494969353,-0.2793377926110263,0.2793377926110263,0.03894221444158197,0.34646775081268133
15,12,3,16,0,negative,-0.8584954235966047,-0.8434228899315328,-1.202357020824311,-0.1540524156892135,0.1540524156892135,0.20782288035429874,0.18700333227892507
15,12,3,17,0,negative,-1.0016000606321782,0.4153410411890579,-0.8257335442903634,-0.7971043070699056,0.7971043070699056,-0.7587508071399367,1.3290078436503288
15,12,3,18,0,negative,-0.9794289679733159,1.0915499571155673,-0.9802014427272803,-0.31893698626395545,0.31893698626395545,-1.6384477652611142,2.0713651624658653
15,12,3,19,0,negative,-0.9796416928947621,0.0845381406898867,-1.1589063621195357,0.4682424460148716,-0.4682424460148716,-0.9534683076996099,1.1538121681970355
15,12,3,20,0,negative,-0.5044276632997178,0.5281408571200106,-1.518715615347272,-0.03050157296052555,0.03050157296052555,-1.1923547590154988,1.5397124964435056
15,12,3,21,0,negative,-0.49214299165007086,-0.537646329825908,-0.47325567722856093,0.5615329110747647,-0.5615329110747647,0.028669136508109205,-0.05494699538659209
15,12,3,22,0,negative,-0.8456848138241719,-0.7106776433297769,-0.17427481834657862,-0.2788433896946237,0.2788433896946237,0.46363889583773465,-0.20069782724440166
15,12,3,23,0,negative,-0.4713174411270804,-0.05337227379166594,-0.841091656502472,-0.7960214442782335,0.7960214442782335,-0.11875694399210703,0.6028322750231102
15,12,3,24,0,negative,0.2405462480016123,-0.4008172955275265,-0.26630632358517164,-0.8086268436690965,0.8086268436690965,0.6617728848893722,-0.38793725773574683
15,12,3,25,0,negative,-0.09088868422713017,-0.9140321600393714,-0.5162047339641924,0.49141672412636717,-0.49141672412636717,0.5478621126001415,-0.6104854509437101
15,12,3,26,0,negative,0.16519093407421565,0.19297668527254158,0.07750010905400226,0.5270963474146512,-0.5270963474146512,-0.2877784533680193,0.07163116370843263
15,12,3,27,0,negative,0.07832546712885244,2.066131875177305,-0.4230982240507724,0.0680899072825291,-0.0680899072825291,-2.2037527632454545,2.2385182536382646
15,12,3,28,0,negative,0.0821502476231793,0.949866735870659,-0.8317599124385622,-0.1889165021462158,0.1889165021462158,-1.1367644567603814,1.3246715682783505
15,12,3,29,0,negative,-0.49445098103543805,-0.46672781520105655,-0.7941628740066696,0.17581114923859428,-0.17581114923859428,-0.021413852892510743,0.17757911231999723
15,12,3,30,0,negative,-0.8899470914685175,-0.06721279698576552,-0.2534232747118486,-0.3805921123321065,0.3805921123321065,-0.1870466209636543,0.5044723861044175
15,12,3,31,0,negative,-1.1832199240024666,-0.8562485532369326,-0.6185954388676966,0.4230222779924822,-0.4230222779924822,0.11463600628271742,0.04465912819814899
15,12,3,32,0,negative,-0.9476794650360656,-1.0090644873272627,-0.8443074366551476,1.1592061231603288,-1.1592061231603288,0.02533347904341532,-0.11307103648165606
15,12,3,33,0,negative,-0.638953596044744,0.2570669635250855,-0.06416349371004589,-0.06009303331041468,0.06009303331041468,-0.4714083156732106,0.6086255084024805
15,12,3,34,0,negative,-0.11952742826069669,2.257418259147215,-0.1192121453961124,-0.9204822267734815,0.9204822267734815,-2.0301707081083245,2.3767880459756197
15,12,3,35,0,negative,0.024594265993150087,1.9020441554275602,0.6430928446359578,-0.7233020797950446,0.7233020797950446,-1.4383810919528428,1.5682006001130062
15,12,3,36,0,negative,-0.22754660518056888,2.4459309243089313,-0.852583009130448,-0.4600196076146222,0.4600196076146222,-2.652634259874396,2.9859957314644396
15,12,3,37,0,negative,-0.3937523805114877,0.8957614907726932,-0.5913069589381675,-0.3768367332806705,0.3768367332806705,-1.098502359495688,1.3882911604975208
15,12,3,38,0,negative,-0.7630871946232491,0.9807573357817749,0.20393577502591534,-0.8904528259757084,0.8904528259757084,-0.8703235336556501,1.2603330455804418
15,12,3,39,0,negative,-0.8520791011001463,1.775346354546955,-0.5968874381906283,-0.4171473933610217,0.4171473933610217,-2.1192860698568725,2.4998296241923423
15,12,3,40,0,negative,-0.7238930236494169,0.39095572986021965,-0.5760965628607573,-0.2525514563634244,0.2525514563634244,-0.7401017732424696,1.0409505231153067
15,12,3,41,0,negative,-0.8376818034385616,-0.8177174172945852,-0.835422571103258,1.147307049400234,-1.147307049400234,-0.12241972401943269,0.018834769976324606
15,12,3,42,0,negative,-0.5275886921056013,-0.9486554461037059,-0.28213723939310065,-0.08737240941045148,0.08737240941045148,0.7078709387409557,-0.5437924803543549
15,12,3,43,0,negative,-0.7200338556724044,-0.33418827061600836,-1.0415817022029477,0.031512420588312044,-0.031512420588312044,-0.26352105553854627,0.5466195083216676
15,12,3,44,0,negative,-0.7561203954737994,0.5793206148173827,-0.6768526350536328,0.03211374260995362,-0.03211374260995362,-1.0676828725298446,1.2958071300810987
15,12,3,45,0,negative,-0.7525172889028704,-0.36052539724668614,0.13287344811372237,0.7813795239835493,-0.7813795239835493,-0.10648239101087964,-0.05070347685211213
15,12,3,46,0,negative,-0.14185453642044585,-0.031314424020304765,-1.3027568869614459,1.1355511903711362,-1.1355511903711362,-0.8287397805640377,0.690991287670641
15,12,3,47,0,negative,-0.14093720744814223,-0.72627613684408,-1.0104699961644836,0.2522099726814709,-0.2522099726814709,0.2584037447460477,-0.15057253503776702
15,12,3,48,0,negative,-0.395289098106779,-0.9767615999207582,-0.69333505052841,0.2988597944760552,-0.2988597944760552,0.51426695221701,-0.43244952560316363
15,12,3,49,0,negative,-0.43574309362816943,-0.7177756591005667,-0.7813680462585518,0.12815135733683614,-0.12815135733683614,0.26935482669271427,-0.10922008915720605
15,12,3,50,0,negative,-0.5382008977244472,-0.32595980075583686,-0.7219957168230225,0.5615591528553998,-0.5615591528553998,-0.2812921217117864,0.3041385065178981
15,12,3,51,0,negative,-0.6656360168347505,-0.7027212955130853,-0.9999116158727025,0.8552951168233692,-0.8552951168233692,-0.13755962099718888,0.13005252084064123
15,12,3,52,0,negative,-1.1264414854843943,-1.013204309452427,-0.4056822591150767,0.8468482916623152,-0.8468482916623152,0.2202136306984983,-0.24714243715269157
15,12,3,53,0,negative,-1.041697154555191,-1.033662679528728,-0.1648588885724589,-1.077255047629212,1.077255047629212,0.9905623476959154,-0.4303846579649031
15,12,3,54,0,negative,-0.64431376062317,-0.677544423019439,-1.0052748935368458,-0.7113479924026859,0.7113479924026859,0.3647975357669956,0.14724990406056904
15,12,3,55,0,negative,-0.288851728912967,0.5433555819085304,-0.3650191514951809,-0.5776986275017121,0.5776986275017121,-0.5687463328773423,0.8702910221126043
15,12,3,56,0,negative,-0.3613527771452816,1.1803866547116795,-0.6327259653358729,0.49063276435247966,-0.49063276435247966,-1.675290490322891,1.6774260259522566
15,12,3,57,0,negative,-0.7001186518332339,0.7901424357203708,-1.0651043778489335,1.2386265221189168,-1.2386265221189168,-1.7914256196540654,1.6727539505614546
15,12,3,58,0,negative,-0.26827007395609037,-0.2668606851423306,-0.9583468266851076,-0.14383465971795273,0.14383465971795273,-0.0940667284987512,0.3464477651782684
15,12,3,59,0,negative,0.05228050841299625,1.0257688438466448,-0.3125001883242289,-1.1522415663459784,1.1522415663459784,-0.7284282150350629,1.155878683802261
15,12,3,60,0,negative,0.15395911530278847,2.1645767582618243,0.004383205056239413,-0.8039420014396815,0.8039420014396815,-1.8438153176622545,2.0854055980823105
15,12,3,61,0,negative,-0.035289753848137886,1.4807886217875397,0.29888021661553726,-0.04298828018305086,0.04298828018305086,-1.378595707470723,1.34899339040384
15,12,3,62,0,negative,-0.5783372681751042,-0.07602952739431024,0.17864851051238764,-0.09718153048745166,0.09718153048745166,-0.024806214997444745,0.12381485143704807
15,12,3,63,0,negative,-1.1748394977484358,-0.6107290959929688,-1.1001717628911682,1.18995144554174,-1.18995144554174,-0.544258472734146,0.5267765343268334
15,12,3,64,0,negative,-0.8017807587926796,-0.1908069717914523,-0.7343470697521217,-0.7805868696423511,0.7805868696423511,-0.06104001450936439,0.5772569424809483
15,12,3,65,0,negative,-0.7505012256423303,0.04630119266371291,-0.12533082583971564,-0.6831128350235248,0.6831128350235248,-0.11054093148321997,0.4842172184047359
15,12,3,66,0,negative,-0.8444022030498806,-0.20866595738842167,-0.12623572206504735,-0.3827783346324222,0.3827783346324222,0.012712760560919772,0.27665300516904234
15,12,3,67,0,negative,-0.8674531211669555,0.8761362490745452,-1.2021111000710467,-0.8505753470429651,0.8505753470429651,-1.2824658738062242,1.9109183596935464
15,12,3,68,0,negative,-0.6134574132998226,-0.9106667621991069,-0.45312993283972036,1.9331248668997023,-1.9331248668997023,-0.08923730881397496,-0.3773730891293354
15,12,3,69,0,negative,-0.32044043498160485,-1.0964769459531447,0.10288106606587286,2.0017807209344594,-2.0017807209344594,0.35669691600308095,-0.9876972614952787
15,12,3,70,0,negative,-0.0022417169001782145,0.22980881895682942,-0.7468188106423662,-0.39940408370148067,0.39940408370148067,-0.34636096690385065,0.6043390827281017
15,12,3,71,0,negative,0.17389829998056144,0.07221052643934256,-0.5046809423138492,0.10847421510513156,-0.10847421510513156,-0.21862947891881565,0.23760184760598643
15,12,3,72,0,negative,-0.27474644210146626,-0.9669586341409753,-0.2799282564508115,0.24254637183327296,-0.24254637183327296,0.7012182773457918,-0.6896212848648364
15,12,3,73,0,negative,-0.7887816050293496,-1.0843181501575536,-0.5437273350803493,-0.3679941954712646,0.3679941954712646,0.7628132352780757,-0.4180636801027042
15,12,3,74,0,negative,-1.3192353795401175,-0.7572030668679095,-0.8999733345630383,0.6236850852944885,-0.6236850852944885,-0.19042819959797186,0.3524012901836684
15,12,3,75,0,negative,0.28570945844345325,0.7296846667367477,-0.4747324069824473,-0.6592007594454782,0.6592007594454782,-0.5729587297679196,0.8241961410062447
15,12,3,76,0,negative,0.23999225327209933,0.4452245647701191,-0.537983791418842,-1.0460135397718027,1.0460135397718027,-0.19588389756176577,0.5942203338434905
15,12,3,77,0,negative,-0.6108433742133421,-0.7186728684296606,-0.12034010969822229,0.26567875922850326,-0.26567875922850326,0.38638545404963803,-0.3530811264738784
15,12,3,78,0,negative,-1.0971426574501142,-0.18685964964845353,-0.2746406760435796,0.056497871876453686,-0.056497871876453686,-0.28923408547492896,0.49903201709839334
15,12,3,79,0,negative,-1.301625770140201,0.07092283172025908,-0.9481843212402314,0.2577222094228225,-0.2577222094228225,-0.9067669319880106,1.1958278774104751
15,12,3,80,0,negative,-1.3159713178298569,-0.3775970166497175,-0.9024580219834082,0.08765270414301594,-0.08765270414301594,-0.39109699800237613,0.731617653256915
15,12,3,81,0,negative,-1.319399281072123,0.08826702627045983,-0.8567724489512729,0.04396552645384866,-0.04396552645384866,-0.8283127784295412,1.1763528912821577
15,12,3,82,0,negative,-1.214132686694767,0.12973529805881784,-1.0805803569847958,-0.7061446605847034,0.7061446605847034,-0.659258092423771,1.2770918198985992
15,12,3,83,0,negative,-1.1385351985435261,0.013082877142368788,-0.8247291365114586,-1.0336230355070917,1.0336230355070917,-0.3229633103249998,0.9947150446698612
15,12,3,84,0,negative,-1.3329579139672847,0.2730478228572677,-1.322853074095936,-0.22395313830027128,0.22395313830027128,-1.0836671061115841,1.600953316888878
15,12,3,85,0,negative,-1.227579564485019,0.995188186944522,-1.198906204135829,0.002052934528478005,-0.002052934528478005,-1.8047010879942973,2.208431071254946
15,12,3,86,0,negative,-1.0080572000079453,0.3334801130085945,-0.5048246167913445,0.3117597913473627,-0.3117597913473627,-0.9416939823908119,1.0899210214082393
15,12,3,87,0,negative,-1.1835524061068754,-0.8181770821839216,-0.6423670160113275,0.19087222971049078,-0.19087222971049078,0.14591319824102367,0.09478262887517985
15,12,3,88,0,negative,-0.8330361631256704,0.15747268433544745,-0.0814574830977194,1.5717636812372193,-1.5717636812372193,-0.9862251268223171,0.6147195074471423
15,12,3,89,0,negative,-0.6684980922180785,0.481923778410273,-0.07013042667580031,-0.21030085852115454,0.21030085852115454,-0.6580329985345145,0.8512380378572124
15,12,3,90,0,negative,-0.9729037248369112,0.5889994850528859,-0.8306754450412914,-0.3865935486657777,0.3865935486657777,-1.0613280254570276,1.4907890699919872
15,12,3,91,0,negative,-0.9961760461147987,0.3726843030893428,-0.6643818621613364,-0.7412972978827632,0.7412972978827632,-0.6791045065538001,1.2029632572274103
15,13,3,0,1,neutral,-1.1316354737604921,0.08113683078894646,-0.82673599731818,-0.3823961498389686,0.3823961498389686,-0.6064619378688476,1.0603225663282825
15,13,3,1,1,neutral,-1.3426697177318456,-0.18576614823749232,-1.173225160780939,-0.24247239141509844,0.24247239141509844,-0.5720413474617365,1.0721812910189
15,13,3,2,1,neutral,-0.564902555364176,0.3975802801854027,0.00352566266179638,-0.10534766471902596,0.10534766471902596,-0.5495900228465206,0.6782687265365925
15,13,3,3,1,neutral,0.06026585224745529,1.5011101212817515,-0.5401261182858909,-0.2576230917306357,0.2576230917306357,-1.5751891793843513,1.7410402543009693
15,13,3,4,1,neutral,-0.27482241421715686,0.8166403665418145,-0.2471311158444857,-0.012168536563033664,0.012168536563033664,-0.9865686977080175,1.0776171315726357
15,13,3,5,1,neutral,-0.6236345523217404,1.6089935857181024,-0.5539200214804638,-0.4873611135232995,0.4873611135232995,-1.8390580724777372,2.1977708726192047
15,13,3,6,1,neutral,-0.8778427457907285,2.3380544781144432,-0.9063780013645724,-0.43988728619634215,0.43988728619634215,-2.7861656317674295,3.2301648516920936
15,13,3,7,1,neutral,-1.1243887116636921,2.1078436980347592,-0.9578521455552387,-0.8353220452827942,0.8353220452827942,-2.5234833020134717,3.1489641266442248
15,13,3,8,1,neutral,-1.1140820365105482,1.3363673743204485,-0.7330500105904036,-0.7323097025010304,0.7323097025010304,-1.7079748225204223,2.2599333978709244
15,13,3,9,1,neutral,-0.5433767932219168,3.7464595441746242,-0.727621190775976,-0.5124638636429851,0.5124638636429851,-3.9993042509595935,4.3819585361735705
15,13,3,10,1,neutral,-0.8048544231673007,3.2312360768880026,-0.7425755270806401,-0.47559034337953476,0.47559034337953476,-3.5885159458441382,4.0049510520119735
15,13,3,11,1,neutral,-1.3323580390089451,2.491584487348981,-1.104813845948448,0.4388416022956135,-0.4388416022956135,-3.45025564976665,3.7101704298276776
15,13,3,12,1,neutral,-0.905238355704984,2.882524811713668,-0.8000352313512866,-0.12907107100077023,0.12907107100077023,-3.407925650398835,3.735161605241803
15,13,3,13,1,neutral,-0.6218000121092644,2.5519002522282284,-0.4106498054754026,-0.24172985320000503,0.24172985320000503,-2.8154735736897822,3.068125161020562
15,13,3,14,1,neutral,0.10190415351700843,1.3342266204652897,0.19009897466708195,-0.28009929091085645,0.28009929091085645,-1.1435258141003075,1.1882250563732446
15,13,3,15,1,neutral,0.40674156140821055,2.6183526687112937,-0.5868000671322993,-0.6406392849117704,0.6406392849117704,-2.4648257423153996,2.7083819215733382
15,13,3,16,1,neutral,0.1378930637911247,2.242868516061922,-0.4953080509244768,-0.7711898919714022,0.7711898919714022,-2.104943547782572,2.4215760096285983
15,13,3,17,1,neutral,0.057834873467525416,1.3017636294217119,0.9841654557388801,-0.8525695283294491,0.8525695283294491,-0.670240343576427,0.7807634648185091
15,13,3,18,1,neutral,-0.8917294271200271,2.477063189381654,-0.5550140144506157,-0.635968973845687,0.635968973845687,-2.747321345289973,3.2004349101669756
15,13,3,19,1,neutral,-0.5330205852761993,2.060386226399501,0.09511729464362847,-0.8959814067083706,0.8959814067083706,-1.9076935210409012,2.2793378717157866
15,13,3,20,1,neutral,-0.38384335489618604,2.0376886963015632,-0.5829001927406404,-0.37343037417402597,0.37343037417402597,-2.2354597541224965,2.5210604701199766
15,13,3,21,1,neutral,0.4046969847388368,3.343049222489144,-0.5484716087187765,-0.4052561107760931,0.4052561107760931,-3.255888726890426,3.414936534479114
15,13,3,22,1,neutral,0.6329188291986765,5.2665802156815795,-0.40244203084175306,-0.43436778283594096,0.43436778283594096,-5.044965355283958,5.151341816503118
15,13,3,23,1,neutral,-0.5512589722284383,2.0249889304155215,-0.5751991268203952,-0.40579094845202124,0.40579094845202124,-2.265211313947792,2.5882179799399383
15,13,3,24,1,neutral,-0.5804442916321972,1.3759558294329277,-0.4131324345648332,-0.6531558892024262,0.6531558892024262,-1.4894294417644625,1.872744192531443
15,13,3,25,1,neutral,-0.571638724355813,1.900706871580375,-1.0975282803707203,-0.23603965278515715,0.23603965278515715,-2.378415988894167,2.7352903739436414
15,13,3,26,1,neutral,-0.46149157132504465,1.6810958068136315,-1.0328179421339847,0.0548155756840086,-0.0548155756840086,-2.1974708365279776,2.428250563543146
15,13,3,27,1,neutral,-0.5232988556592002,2.713183437078859,-1.188043581769105,-0.0248705336581706,0.0248705336581706,-3.2753407383355704,3.5688546557930114
15,13,3,28,1,neutral,-0.8349158538235991,1.090496745205422,-1.0718969871572939,0.041585198106851,-0.041585198106851,-1.73996275823467,2.0439031656958684
15,13,3,29,1,neutral,-1.0065384175731196,0.9690557328350168,-0.963889464795011,-0.4987795127195053,0.4987795127195053,-1.4596051893845585,1.954269674019082
15,13,3,30,1,neutral,-0.7636798776472187,1.9381133491183502,-0.7498954529968759,0.6345436870567406,-0.6345436870567406,-2.6541530216852953,2.6949010144403975
15,13,3,31,1,neutral,-0.003284651319535037,4.0581296574061625,-0.4295440222916177,0.10685154280420188,-0.10685154280420188,-4.238023062877947,4.274543994211739
15,13,3,32,1,neutral,-0.3911308869938542,2.4773702487930924,-0.7564350690829711,-0.31417313773955197,0.31417313773955197,-2.7551678549055167,3.051153226831505
15,13,3,33,1,neutral,-0.3963537651988255,3.2046810592829638,-1.018446756401117,-0.6565471784782648,0.6565471784782648,-3.4574321736568563,3.912081320082935
15,13,3,34,1,neutral,-0.9291098604633471,2.306912611131199,-0.8677636838286181,-0.39615650553497095,0.39615650553497095,-2.773818290716864,3.2053493832771816
15,13,3,35,1,neutral,-0.42471477494063425,1.727926808849759,-0.07860458697188492,-0.6832492402110848,0.6832492402110848,-1.6679501827502372,1.9795864898060187
15,13,3,36,1,neutral,0.0009663817160662225,1.5641878791179482,-0.1465370793538918,-0.5912611724760232,0.5912611724760232,-1.4156243875052157,1.636973227936861
15,13,3,37,1,neutral,-0.46660266972011955,1.4234884284317604,-0.742217382824342,-0.6555826315618948,0.6555826315618948,-1.607900902092616,2.0278984547039913
15,13,3,38,1,neutral,-0.987555492695747,2.313877023486354,-1.0765107100829105,-0.360107628499382,0.360107628499382,-2.881863214912779,3.3459101248756826
15,13,3,39,1,neutral,-0.7296770265222958,2.315159252972865,-1.0005896962274232,-0.5861170644319776,0.5861170644319776,-2.696542472412112,3.1802926143477244
15,13,3,40,1,neutral,-0.8457282164362462,1.317964349492891,-0.9264479667917691,-0.2656669912517113,0.2656669912517113,-1.820134080151659,2.2040524411068985
15,13,3,41,1,neutral,-0.9474897956286571,1.5081186096918862,-0.7706582562136677,-0.29313079362777456,0.29313079362777456,-1.9831243624300696,2.3671926356130486
15,13,3,42,1,neutral,-0.759488931080224,1.3154452585315677,-0.6569539800978333,0.2734756408746489,-0.2734756408746489,-1.8787514425491363,2.0236667141205964
15,13,3,43,1,neutral,-0.1594367012193753,2.2750557977161296,-0.004447535494432965,-0.6433817828969125,0.6433817828969125,-2.1152232823217614,2.3569979160730337
15,13,3,44,1,neutral,-0.06140691671344184,3.138341190320072,-0.6748617396790781,-0.5130465383151818,0.5130465383151818,-3.2127485630125183,3.506475518516332
15,13,3,45,1,neutral,-0.39903445903354984,1.637215972843566,-0.7753017597680486,-0.5751411354517925,0.5751411354517925,-1.8369476672935012,2.2243840822443652
15,13,3,46,1,neutral,-0.7074418529949532,0.7473074404859896,-0.609403217023493,-1.0009018008132455,1.0009018008132455,-0.8526218635543898,1.4057299754952126
15,13,3,47,1,neutral,-0.4577323038609488,1.6222132446628694,-0.7549531874848411,-0.896669696557166,0.896669696557166,-1.727551842925744,2.2285559903357646
15,13,3,48,1,neutral,-0.6150474708793481,0.8694713135208875,-0.6232764083606654,-0.5075914546310322,0.5075914546310322,-1.113048788390548,1.4886332531408941
15,13,3,49,1,neutral,-0.4266026415998138,1.1325988735843564,-0.5106365166891563,-0.37914559202136794,0.37914559202136794,-1.3186300623402238,1.6012184527288413
15,13,3,50,1,neutral,-0.30751436406698635,1.76505599977905,-0.7249188922495313,-0.3096800819739737,0.3096800819739737,-2.005973724559898,2.281272627937309
15,13,3,51,1,neutral,-1.0582843445640409,1.1651982428912402,-1.0726581457967137,-1.3406932824652869,1.3406932824652869,-1.4286146455230628,2.2306694880716176
15,13,3,52,1,neutral,-0.7425224327683277,1.6967682589052249,-0.9707004493785812,-0.19308563092628186,0.19308563092628186,-2.203480675978767,2.553379699978679
15,13,3,53,1,neutral,-0.48884754970639677,1.0467310035509387,-0.9121538091212416,-0.08174422615703593,0.08174422615703593,-1.4864833811078062,1.7472316829647578
15,13,3,54,1,neutral,-0.7190004653538487,1.1749187437676907,-1.1567819883590675,-0.06439254124274423,0.06439254124274423,-1.778715381257748,2.1128099706241485
15,13,3,55,1,neutral,-0.3822867961993189,4.096604710935388,-0.7709454212919861,-0.04982524537703048,0.04982524537703048,-4.46440703497348,4.67322081968104
15,13,3,56,1,neutral,-0.45895332251615795,3.9419356984964744,-0.545243198231112,-0.7979737239929059,0.7979737239929059,-4.010676630747929,4.44403395887011
15,13,3,57,1,neutral,-0.2663699533847152,2.25731712041165,0.13091916392033112,-0.7219095295899202,0.7219095295899202,-2.061830873703138,2.325042515143842
15,13,3,58,1,neutral,-0.34565781172585613,1.9272097726705284,-0.22815280943237792,-0.4665761577766345,0.4665761577766345,-1.9629545937977282,2.2141150832496455
15,13,3,59,1,neutral,-0.9757699170529601,1.658265826382388,-1.0184281662318981,0.325771779916488,-0.325771779916488,-2.43158911411617,2.655364868024817
15,13,3,60,1,neutral,-0.6002073276432194,1.0794936755909295,-0.3717419352259797,-0.2678790841924091,0.2678790841924091,-1.3141837351498595,1.565468307025529
15,13,3,61,1,neutral,-0.26341851507295977,2.384954992264784,-0.4850432103279293,-0.5360239274443982,0.5360239274443982,-2.4557675915836144,2.759185854965229
15,13,3,62,1,neutral,-0.6122419794551357,1.768752972070248,-0.4222664201431612,-0.8261440190384298,0.8261440190384298,-1.8382077655902036,2.2860071718693966
15,13,3,63,1,neutral,-0.9082255918656743,1.2243776680965928,-0.8999422804535132,-0.787929241316272,0.787929241316272,-1.5644572117642312,2.1284616042561866
15,13,3,64,1,neutral,-1.2696687020128414,0.061138611235671714,-1.0257101762821794,0.639598889224893,-0.639598889224893,-1.0394645337423098,1.2088280503831823
15,13,3,65,1,neutral,-0.9899049124508129,0.44762677280144053,0.05130291970324664,0.023007154622268305,-0.023007154622268305,-0.7681631552580521,0.9169277691752237
15,13,3,66,1,neutral,-0.4864132773137221,0.8535080907226917,0.7134868061477884,-0.3307766817522488,0.3307766817522488,-0.6675580205272534,0.7399713263056586
15,13,3,67,1,neutral,-0.8642189203202988,1.238817637073661,-0.5957342441454029,-0.858770874597267,0.858770874597267,-1.4392117336964725,1.9687942193065118
15,13,3,68,1,neutral,-1.1703253616725615,0.21297670852016848,-0.5540788109935878,-0.1814047537996991,0.1814047537996991,-0.7273098481423186,1.075178794853243
15,13,3,69,1,neutral,-1.2903662771739228,-0.3427555504278682,-0.20425403570078277,-0.17305261829570448,0.17305261829570448,-0.09776701443179886,0.40455460600948456
15,13,3,70,1,neutral,-1.068412599950761,0.41518738215883916,-0.43732252628398394,-0.03966888889539578,0.03966888889539578,-0.9038761279386223,1.1680549452762117
15,13,3,71,1,neutral,-1.1544856848702545,1.5253142242302151,-0.7890765640612126,-0.3987413654320527,0.3987413654320527,-2.04025451873002,2.4970953486959484
15,13,3,72,1,neutral,-1.069003346490454,0.8295121178194705,-1.0904897911314033,-0.3006435883860429,0.3006435883860429,-1.4491286342314087,1.909258686630399
15,13,3,73,1,neutral,-0.46231452294509956,-0.49204052003616805,-1.1160410771335871,-0.06970575691782714,0.06970575691782714,-0.01084276101745174,0.2971372800031753
15,13,3,74,1,neutral,-0.3422386130021671,1.066060522159424,-0.9613054650904708,-0.43476225755733605,0.43476225755733605,-1.355654462337858,1.7178325612057428
15,13,3,75,1,neutral,-0.8098624607173914,1.8238017920441758,-1.176435395794216,-0.5392762095608029,0.5392762095608029,-2.306142341027777,2.8169507202999795
15,13,3,76,1,neutral,-0.45713239968091546,1.5061290932953144,-0.41922395757950454,-1.023357614332537,1.023357614332537,-1.4571286742712755,1.9443072719255245
15,13,3,77,1,neutral,-0.5411923978971233,3.847461938979513,-0.8144618376634661,-1.1403566295401995,1.1403566295401995,-3.9192278076529763,4.525289056759807
15,13,3,78,1,neutral,-0.5379176912104995,2.2673720325432365,-0.02278540350288919,-1.0830778975686446,1.0830778975686446,-2.0932470982581513,2.5477235798999307
15,13,3,79,1,neutral,-0.9067274166744481,2.4434019533923417,-1.2619100914172394,-0.33318653712478735,0.33318653712478735,-3.0552189437146415,3.5277207074381853
15,13,3,80,1,neutral,-0.5057485987494359,0.6445515261242301,-0.30621953722090267,-0.691619471313575,0.691619471313575,-0.6846677476764845,1.0505355941093995
15,13,3,81,1,neutral,0.20321360016104778,2.3049855326439506,0.03814699983489193,-0.8292211784523039,0.8292211784523039,-1.9481249398278693,2.184305232645981
15,13,3,82,1,neutral,0.18517877899115368,2.6523894775015524,-0.16274079379767048,-0.5818486954264421,0.5818486954264421,-2.450960583961577,2.6411704849048108
15,13,3,83,1,neutral,-0.17992335174298954,1.5677060443788533,-0.7918264180150075,-0.6509529398311473,0.6509529398311473,-1.6746383210211366,2.0535809292578517
15,13,3,84,1,neutral,-0.38081366698274727,1.1094462836433188,-0.9516351937555843,-0.1525311797816479,0.1525311797816479,-1.5027521772955466,1.7756707140124846
15,13,3,85,1,neutral,-0.794289368387018,1.571267708766161,-0.9658970702581708,-0.51730903968656,0.51730903968656,-1.985560175085704,2.4513609280887554
15,13,3,86,1,neutral,-0.7677099574950608,1.2116056803083084,-0.942426478804541,-0.3736256441729937,0.3736256441729937,-1.6571092776838443,2.0666738984581094
15,13,3,87,1,neutral,0.15477135838972989,3.4448592222236063,-0.5863073785665366,-0.5731607106900946,0.5731607106900946,-3.3976509920525104,3.6606272323120095
15,13,3,88,1,neutral,0.07929956937413167,1.5443383881764874,-0.028092985829889602,-0.33117270947050587,0.33117270947050587,-1.416878623838238,1.5187350964043664
15,13,3,89,1,neutral,0.11011438887870686,1.9181888083154854,0.7633230423550864,-0.44269772567707966,0.44269772567707966,-1.4794770893451945,1.4814700926985889
15,13,3,90,1,neutral,0.009455274682182484,2.6229754356316004,-0.21337647477001095,-0.30545278595799286,0.30545278595799286,-2.589131573674879,2.7249360356755146
15,13,3,91,1,neutral,0.11599132611605648,3.964127952815951,-0.8728109794078417,-0.49527864140819355,0.49527864140819355,-4.051308290110482,4.342537779461844
15,13,3,92,1,neutral,-0.4429682306009659,3.1368475021577655,-1.2090008832771757,-0.10245570716520443,0.10245570716520443,-3.653351971062078,3.9628320590968364
15,14,3,0,2,positive,-0.14766374301968438,-0.40620731897395745,-0.8181566746791064,0.49519770856739664,-0.49519770856739664,-0.08079872311477171,0.07670288987543794
15,14,3,1,2,positive,0.4990347047796206,-0.5148655391878287,-0.17101358141929904,-0.30943701967774934,0.30943701967774934,0.7273515868671857,-0.6788761008679896
15,14,3,2,2,positive,0.41520189907303195,-0.4801875110891198,-1.1070110503757702,-0.935860465346683,0.935860465346683,0.561537949103768,-0.13428293543775066
15,14,3,3,2,positive,0.11108733115950459,-0.7589675199927032,-0.995374474616505,0.4480611631111148,-0.4480611631111148,0.3148514178033314,-0.316823948264203
15,14,3,4,2,positive,-0.20299608174545805,0.11563141262466864,-1.3581731625341789,0.1684730319585055,-0.1684730319585055,-0.6921788380373828,0.8962160347644872
15,14,3,5,2,positive,0.6304118388790576,-0.13357806573750097,-0.9074291661906893,0.3085114701391153,-0.3085114701391153,-0.06159820007941466,0.00493059791831485
15,14,3,6,2,positive,1.1517307325475876,-0.024606066758694756,-0.9657864124833375,0.03039043452301247,-0.03039043452301247,0.0764573619391073,-0.1175782267908198
15,14,3,7,2,positive,0.9055518664671445,1.056228658204259,-1.3049805527993013,-0.15064263370978398,0.15064263370978398,-1.1391573424117167,1.2559430013703374
15,14,3,8,2,positive,0.14527556555036109,0.7036098488126233,-0.6895664842395075,-0.609820887137433,0.609820887137433,-0.6817665259965279,0.9757553081571966
15,14,3,9,2,positive,0.7409018044516635,1.7013075448600534,-0.07186779767424459,-0.27023647566787734,0.27023647566787734,-1.3882173840449545,1.366790541471344
15,14,3,10,2,positive,0.2249800215894281,0.5491470424482242,-0.6266190251791893,-0.08218982951408317,0.08218982951408317,-0.6556301004734503,0.7499665442431048
15,14,3,11,2,positive,-0.31861584228715045,-0.1081623957331529,-0.9370450166813014,0.4354668031483239,-0.4354668031483239,-0.45554682497243904,0.519668033751073
15,14,3,12,2,positive,-0.5089895665413249,-0.5519861751411518,-1.3255096583866162,0.6942306060608261,-0.6942306060608261,-0.2909237685217705,0.36526343732281874
15,14,3,13,2,positive,-0.5512094734031576,-0.4835340132534617,-0.3796801785388638,-0.31023529754661167,0.31023529754661167,0.27664922845499174,-0.018089187282450958
15,14,3,14,2,positive,-0.5842615395940379,0.447403798387622,-0.6629403330972198,-0.2676592583527783,0.2676592583527783,-0.7739180031671151,1.071004734733251
15,14,3,15,2,positive,-0.8165245456554721,-0.32654987595698026,-0.987680825807668,0.38410426684887483,-0.38410426684887483,-0.40288667014702473,0.5755528097745898
15,14,3,16,2,positive,-0.9071041727774067,-0.7739977327339064,-0.9018245195661833,-0.3343625566762853,0.3343625566762853,0.2824756875114715,0.13046661343788857
15,14,3,17,2,positive,-0.8869275661202507,-1.0000629259264582,-0.6649537570234687,0.34792943764107287,-0.34792943764107287,0.36679267233152746,-0.22412226435459848
15,14,3,18,2,positive,-0.8875696768053474,-0.9840263975034634,-0.947641424064645,0.73917647302651,-0.73917647302651,0.1258972062046293,-0.06642084706846718
15,14,3,19,2,positive,-0.5116530375911306,-1.1538536154345758,-1.044225469931305,-0.24059591253749937,0.24059591253749937,0.7154260837729305,-0.375914361673358
15,14,3,20,2,positive,-0.44922851378170825,-1.028588485011896,-1.0920364543142749,-0.3814316900329599,0.3814316900329599,0.6419773923242216,-0.2579560009639045
15,14,3,21,2,positive,-0.1964942433277197,-1.4574165550942406,-1.0675539947329544,-1.214791059998949,1.214791059998949,1.4409974957403322,-0.8253924360639036
15,14,3,22,2,positive,-0.34936629420199333,-1.298913791864466,-0.9150258383480647,-0.3978627157231998,0.3978627157231998,1.01007065292218,-0.666717725589437
15,14,3,23,2,positive,-0.39611398892386496,-0.6794712262211602,-0.9148690378483887,0.23650479858471016,-0.23650479858471016,0.16364195110217228,-0.023979712835033418
15,14,3,24,2,positive,-0.25450272304638816,-0.7058278001577474,-0.97497855018052,-0.3060882130903187,0.3060882130903187,0.39803011344555084,-0.09108716354429325
15,14,3,25,2,positive,-0.4173719905609447,-0.9814730026136922,-1.393494850592657,-0.06112405341005698,0.06112405341005698,0.3982254066991773,-0.07603958203689132
15,14,3,26,2,positive,-0.27918489962698173,-1.0164868850635167,-0.4399777625282103,0.4526722449734118,-0.4526722449734118,0.6258752493539821,-0.6569055539859207
15,14,3,27,2,positive,-0.1822564886865249,-0.8680176338449878,-0.8631670907076954,0.14416210811598526,-0.14416210811598526,0.47148907134158596,-0.3453058441478777
15,14,3,28,2,positive,-0.013072908271695438,-0.666713347347197,-0.8587454693165143,0.3138829248553388,-0.3138829248553388,0.2714795798660142,-0.2308041585530921
15,14,3,29,2,positive,-0.5225336648592279,-0.8827057706564259,-1.2639747644588846,-0.2159236460069295,0.2159236460069295,0.3591775095526982,0.010548444002630442
15,14,3,30,2,positive,-0.6381407037592569,-0.7433957449030744,-1.149059988203777,-1.290405019310601,1.290405019310601,0.5777971873522634,0.15020460107844258
15,14,3,31,2,positive,-0.7800987464766457,-0.8048553816168584,-1.267714069935372,-0.07354953641241253,0.07354953641241253,0.14676762161699008,0.21905102658915032
15,14,3,32,2,positive,-0.7882441054346777,0.3640599098634154,-0.7416334933432024,-0.28404686577766025,0.28404686577766025,-0.7793368208634888,1.1289987092523555
15,14,3,33,2,positive,-0.53575495548922,1.692305449673486,-0.24259062963533962,-1.0734109373225194,1.0734109373225194,-1.593950332274166,2.081478242235766
15,14,3,34,2,positive,-0.5959825912665178,1.1953497647275348,0.4684224639483316,-1.1768693605798883,1.1768693605798883,-0.8455800203069674,1.259129828386628
15,14,3,35,2,positive,-0.7511110266748725,1.276655602886318,-0.8540736470287261,0.09459270147954028,-0.09459270147954028,-1.8432480612806978,2.079247939738117
15,14,3,36,2,positive,-0.5469445363949798,0.6341109471077413,-1.0182521460325333,-0.10104709540434587,0.10104709540434587,-1.122160809448797,1.4167092883214978
15,14,3,37,2,positive,-0.5805038812091905,1.2127502303494766,-0.7786315731422642,-1.0722885044590733,1.0722885044590733,-1.3083658803136038,1.8923179575252038
15,14,3,38,2,positive,-1.0153102052323586,1.351218063789314,-0.9998650435892208,-1.0700806248928185,1.0700806248928185,-1.666249605098901,2.358805688200104
15,14,3,39,2,positive,-1.33206332508883,1.919552812854493,-1.567593820662549,-1.2038221027325635,1.2038221027325635,-2.4848311605274316,3.3693813857301826
15,14,3,40,2,positive,-0.6078027013898898,1.0356775429811615,-0.8773205631594686,-0.5072186836282734,0.5072186836282734,-1.361645736621523,1.7782391752558406
15,14,3,41,2,positive,-0.28449089666333227,-0.08447908268173547,0.27752038863032075,-0.23866082767782704,0.23866082767782704,0.16170918923000732,-0.08099382866522971
15,14,3,42,2,positive,-0.6408891700425197,-0.3511502664659439,-0.5884893408983561,-0.006783191716690155,0.006783191716690155,-0.056381506608784715,0.2635389890044941
15,14,3,43,2,positive,-0.312596100342722,-0.14237319641564328,-1.0959382615765738,-0.3224891253316254,0.3224891253316254,-0.21964188244691357,0.5618939845440046
15,14,3,44,2,positive,-0.41568157576340115,1.017775262504846,-1.2046767878331517,-0.1236642037362437,0.1236642037362437,-1.5166733157916157,1.8279544443031224
15,14,3,45,2,positive,0.17921816154396553,0.07475646475629015,-0.9422522389735771,-0.31983271719571355,0.31983271719571355,-0.22249025150092283,0.45627350347109596
15,14,3,46,2,positive,-0.04380552395371351,0.19344231298594444,-0.8456007281861678,0.13247731487973755,-0.13247731487973755,-0.5340701686591507,0.6381454390558852
15,14,3,47,2,positive,0.15206777737653243,0.3476431394072667,1.0761705241836794,-0.8643897735223964,0.8643897735223964,0.349899552286936,-0.2664760113728392
15,14,3,48,2,positive,-0.3401448120333096,0.28666875840415645,0.1490473879152858,-0.6596912926565673,0.6596912926565673,-0.13047080222464194,0.38221747046316834
15,14,3,49,2,positive,-0.6722468301634742,0.5778699071883229,-0.495515527366889,-0.6330149489890341,0.6330149489890341,-0.7561190433687659,1.1617510859535045
15,14,3,50,2,positive,-0.8325951381436368,0.21624869541384908,-0.7022071602692831,-0.5741562208172107,0.5741562208172107,-0.5364640546124189,0.983649844620309
15,14,3,51,2,positive,-0.6928230267010277,-0.7352005337187251,-0.8594665742482677,0.13790637084685128,-0.13790637084685128,0.17180187645334288,0.040944266755922554
15,14,3,52,2,positive,-0.4411259950225944,0.38252750828922877,-0.3648499620365199,0.16597138705301331,-0.16597138705301331,-0.7065099563266046,0.7855154868187859
15,14,3,53,2,positive,-0.2900948122070398,0.22015067175718628,-0.6055296575449963,0.5089999023479058,-0.5089999023479058,-0.6883587957905003,0.6679629066332043
15,14,3,54,2,positive,-0.09691268871193981,-1.3459704130745571,-0.5659211806091843,-1.1787166350822964,1.1787166350822964,1.517931334994948,-1.0145534784139951
15,14,3,55,2,positive,-0.07567775679386024,-0.622463216559453,-0.5775934580388509,-0.9757442966075937,0.9757442966075937,0.7299542438177472,-0.29582760914309747
15,14,3,56,2,positive,2.0157781258349594,1.0937987394631319,-0.33345200340172193,-0.42772982883073934,0.42772982883073934,-0.39044675570847287,0.2526356782465131
15,14,3,57,2,positive,1.902658451459674,1.0033393870578524,0.43953891650026466,-0.7736030589955091,0.7736030589955091,0.035260755260630106,-0.16775929692211689
15,14,3,58,2,positive,0.82027006060524,-0.2011358986704085,0.6514874207528363,-0.6787218805530602,0.6787218805530602,0.9179623526407873,-0.9370146393494466
15,14,3,59,2,positive,0.06753131910292301,0.21902263960678803,-0.24526613379328946,-0.4851298782499642,0.4851298782499642,-0.11655761842025546,0.30789004695197125
15,14,3,60,2,positive,0.8082929884426038,-0.7803351330371366,-0.5752504230660817,-0.6531828663461405,0.6531828663461405,1.0757436102780242,-0.8968564157253978
15,14,3,61,2,positive,1.0690678684772812,-1.0639596480858189,-0.042980708413102656,-0.44575237989862027,0.44575237989862027,1.5545728280734186,-1.577003228117908
15,14,3,62,2,positive,0.9911459301085508,-0.5196775029595024,-0.976282790847854,-1.0309215275795178,1.0309215275795178,0.8682723919062407,-0.5271090725898508
15,14,3,63,2,positive,0.4857618876021894,-0.3027271037671181,-1.1617565419767548,-0.3502829474968385,0.3502829474968385,0.1941565348078758,0.035270223420164615
15,14,3,64,2,positive,-0.19296075701323928,1.1077421007213377,-1.316015922428702,-0.15702518055122763,0.15702518055122763,-1.5583926003515756,1.8622304404423082
15,14,3,65,2,positive,-0.0775573964137789,0.5867717578944347,-0.6539665897695859,-0.9176683274388456,0.9176683274388456,-0.5247236441426077,0.9525337509861171
15,14,3,66,2,positive,-0.17609410523692265,0.8110262031374216,-0.4883821183251453,-0.79072265965971,0.79072265965971,-0.7689440577715408,1.1432643149184556
15,14,3,67,2,positive,-0.5945773062723895,0.654321017016563,-1.2257024884981176,-0.8816009499862568,0.8816009499862568,-0.9672139652779796,1.5644609144018164
15,14,3,68,2,positive,-0.014641766989130334,-0.15120354956039764,-1.316871104289622,-0.9013538752195219,0.9013538752195219,0.007817217540654176,0.5145528860789785
15,14,3,69,2,positive,-0.16397843671550827,-0.7481042805966516,-1.236469949147277,-1.2969505769456935,1.2969505769456935,0.713605010957621,-0.047880087665258975
15,14,3,70,2,positive,-0.21993257182649972,-0.7656829331215986,-0.6871392742324864,-0.38520099028634736,0.38520099028634736,0.5917259811973857,-0.31214701009210555
15,14,3,71,2,positive,0.031634206032772616,0.8647092269562835,-0.8082362071384678,-0.5731366954989568,0.5731366954989568,-0.9325309954918629,1.253010227509131
15,14,3,72,2,positive,-0.00393126916093034,1.9668290152446088,-1.3894868974362762,-0.3324176201197609,0.3324176201197609,-2.3204958640704243,2.663538098543212
15,14,3,73,2,positive,0.3072240357177075,1.727326375716578,-0.8425447389940091,-0.31364198455544345,0.31364198455544345,-1.801219281956864,1.9949867273547288
15,14,3,74,2,positive,0.039631643776143255,1.3608087846756938,-0.4840308943721173,-0.9956490359471836,0.9956490359471836,-1.1770588562252906,1.5830084099736808
15,14,3,75,2,positive,-0.3046128168948479,1.2353581864403853,-0.4333849885130614,-0.7598699961651673,0.7598699961651673,-1.2280674561879659,1.60435708914434
15,14,3,76,2,positive,-0.548979923398381,1.0377334100097089,-0.6819844663994862,-0.43766641011409085,0.43766641011409085,-1.302166069904301,1.6532156049086424
15,14,3,77,2,positive,-0.5620822027667846,0.9971039870892153,-0.7336202748771105,-0.9537306726203143,0.9537306726203143,-1.1110945887637422,1.6449552259111628
15,14,3,78,2,positive,-0.6210145440529637,1.0266796702218137,-1.097724829169759,-0.16146796744397077,0.16146796744397077,-1.545770138814731,1.886049356833175
15,14,3,79,2,positive,-0.48164784957391665,-0.2766029748996236,-0.8211539039002965,-0.18040556552601905,0.18040556552601905,-0.09752908774977442,0.37479790183748296
15,14,3,80,2,positive,-0.40552381461750464,-0.022989089657190945,-1.2193602922989217,-0.3822017836134081,0.3822017836134081,-0.39123835144381514,0.7894529638010223
15,14,3,81,2,positive,-0.6732967213498311,0.97177337079059,-1.2209401222050533,-0.3868800423044256,0.3868800423044256,-1.4742256378740763,1.9188917925680322
15,14,3,82,2,positive,0.319073459518838,-0.3138463874088908,0.24392465316197492,0.029397076513615634,-0.029397076513615634,0.4917133994646232,-0.5953454437492973
15,14,3,83,2,positive,0.8994203577690398,-0.1956058598003934,-0.7951103116882721,0.1629440509194954,-0.1629440509194954,0.17606119152081753,-0.2477608828407773
15,14,3,84,2,positive,1.154999221443619,-0.29984702355345505,-0.927789479709203,-0.34609873676073066,0.34609873676073066,0.490949849718504,-0.4134518944206631
15,14,3,85,2,positive,1.2010874629439914,-0.6125325943994163,-1.1567469495585014,-1.3354019477168666,1.3354019477168666,1.0724467481002018,-0.6347028510921613
15,14,3,86,2,positive,0.9690414189083592,-0.9614564281123071,-1.3058802235321119,-0.32957460378952347,0.32957460378952347,0.9590350278342308,-0.7930370258004308
15,14,3,87,2,positive,0.5148105666777286,-0.8945820885242359,-1.4220170030190868,-0.2594803000719541,0.2594803000719541,0.6786733764344346,-0.4409788703535568
15,14,3,88,2,positive,-0.12253183652138977,-1.0405639675296907,-1.2751337505321225,-0.74789059455657,0.74789059455657,0.8239723033640433,-0.3417311740029345
15,14,3,89,2,positive,-0.1703528134913297,-1.1654870964441346,-1.1300878493458837,-0.8330339364633015,0.8330339364633015,1.0096848543194974,-0.5152667650255279
15,14,3,90,2,positive,-0.20842382811232985,-0.44986397306033965,-1.1592414889382776,-0.703187316977651,0.703187316977651,0.22837130636935418,0.23396868546496408
15,14,3,91,2,positive,-0.5932503457602518,0.36956078419874683,-1.4554445164766376,-0.44577841687912984,0.44577841687912984,-0.9038662659846666,1.3939082153171913
15,14,3,92,2,positive,-0.06259974599158755,-0.434046714015322,-1.4618519523760736,-0.9342227224151096,0.9342227224151096,0.23730372203113823,0.3281791351685085
15,14,3,93,2,positive,0.767803910512695,-0.9726992575750335,-1.1628609219574793,-1.0335554907118902,1.0335554907118902,1.1855320839974022,-0.7751707518526414
15,15,3,0,0,negative,-0.7700222551043272,-0.5857566787581512,-0.6256342188002441,-0.03352055298743547,0.03352055298743547,0.13171137178577252,0.1120715581941345
15,15,3,1,0,negative,-0.6165090296060736,-0.9823017772004986,-0.8781311654303906,0.5338291544453484,-0.5338291544453484,0.30614532737322775,-0.23498167968226646
15,15,3,2,0,negative,-0.6096302094353275,-0.7469945211725117,-1.136765816908607,0.6285119099487774,-0.6285119099487774,-0.04464145759172544,0.12620349199945546
15,15,3,3,0,negative,-0.30732139721634366,-0.2956700657144682,-1.3567743718047245,0.5165110538017613,-0.5165110538017613,-0.43119887522647493,0.5363778187960659
15,15,3,4,0,negative,-0.10116950536804575,-0.887793064161372,-1.2080965847679503,-0.08777683681977592,0.08777683681977592,0.48062997972263205,-0.23316001909337403
15,15,3,5,0,negative,-0.37727943681662457,-0.41616538627679833,-1.340329549584396,0.3929657136156773,-0.3929657136156773,-0.28735951372876767,0.442639106923712
15,15,3,6,0,negative,-0.3366367916796057,1.8517252878095336,-1.1600515256653743,0.4493601797190016,-0.4493601797190016,-2.5004081201641943,2.6000694464820233
15,15,3,7,0,negative,-0.6005856092878269,1.1298743913916744,-0.8252912627122244,-0.009682978683823914,0.009682978683823914,-1.6019390224970835,1.8428128273917002
15,15,3,8,0,negative,-0.4506778254284893,0.18897150348803,-0.9218435457626322,-0.22288010173234052,0.22288010173234052,-0.5721852599742903,0.8752321890835908
15,15,3,9,0,negative,0.1035386986630864,-0.5209339321980005,-1.0580752790698884,-0.9925204774152719,0.9925204774152719,0.5335952312008239,-0.04366564199459955
15,15,3,10,0,negative,-0.02363735167514691,-0.4890520959069604,-0.6349650440953728,0.293688278997878,-0.293688278997878,0.1716218709841612,-0.15975089802170056
15,15,3,11,0,negative,-0.2091670797183205,0.7568129184508122,-1.0824635288210416,0.13575511220360048,-0.13575511220360048,-1.2326081586984663,1.4026282227204931
15,15,3,12,0,negative,-0.4363152435149855,0.514892749654758,-0.9099824231795478,-0.31568272237947675,0.31568272237947675,-0.8584310644264435,1.1880415830020246
15,15,3,13,0,negative,-0.6850513912368743,-1.113601277159161,-0.884783175713829,-0.5464676175418467,0.5464676175418467,0.7724789606895421,-0.3286839936838093
15,15,3,14,0,negative,-0.3903114219337336,-0.5738025991258436,-1.2078068924447993,-1.2341233903411655,1.2341233903411655,0.4524709577800545,0.22525655806342282
15,15,3,15,0,negative,0.14931579305781,-0.8130950048559686,-1.054766598893052,-0.7221468372030916,0.7221468372030916,0.7519936819785852,-0.36036960193834766
15,15,3,16,0,negative,-0.3295390916676066,-0.08676988846171917,-0.9750621693544024,-0.5068930981095029,0.5068930981095029,-0.1791328325091162,0.5655307420492853
15,15,3,17,0,negative,-0.05823682916693379,0.8956970092308248,-0.8032695564893635,-0.48983153451938605,0.48983153451938605,-1.019588626276462,1.3264502020589735
15,15,3,18,0,negative,0.024115203212287443,0.7200088089188341,0.34983974647083055,-0.5484775106529747,0.5484775106529747,-0.41253132214013655,0.5330313340772751
15,15,3,19,0,negative,0.12750001535297925,0.570645817814041,0.4062384357396604,-0.5674298988288327,0.5674298988288327,-0.2035897011735503,0.3037765922677212
15,15,3,20,0,negative,-0.05299835640412254,0.4962191799735616,-0.9377639884747453,-0.47762987373444915,0.47762987373444915,-0.6672633370217012,0.9916003524129955
15,15,3,21,0,negative,0.43839066586901043,0.5595148714814877,-0.8350603161976675,-0.24822308136789806,0.24822308136789806,-0.608997061135074,0.7578496966458163
15,15,3,22,0,negative,0.17490801009765222,0.7734915465384288,-0.718094351860052,0.2033450418591766,-0.2033450418591766,-1.0223353410789542,1.0450847174196287
15,15,3,23,0,negative,-0.3263200931965966,0.742999282627509,-0.8802985167870714,-0.016388654366543038,0.016388654366543038,-1.1397426011665508,1.346308587619343
15,15,3,24,0,negative,-0.007586288969658905,0.9626137849469998,0.5080982174366464,-0.3078966146836991,0.3078966146836991,-0.6931442705634376,0.7123578207135061
15,15,3,25,0,negative,0.19164942301101986,2.110581260423148,0.6540627777818233,-0.5599350499270727,0.5599350499270727,-1.642032176849843,1.6877251600267267
15,15,3,26,0,negative,-0.19209855434283576,1.6672011066556016,0.0043413926396476225,-0.06468905817520175,0.06468905817520175,-1.708223807831597,1.7610796875071957
15,15,3,27,0,negative,-0.21008448165818347,1.4663593548536833,-0.17045225605526773,0.03618215239805695,-0.03618215239805695,-1.6052656515575194,1.6566277237104088
15,15,3,28,0,negative,0.2324534164247754,1.2474612561039082,-0.3191623950076117,0.2660338779948333,-0.2660338779948333,-1.3650422082964648,1.2908157453953264
15,15,3,29,0,negative,-0.24480293343115728,1.2486592056840327,-1.325963543573223,-0.4197491273886779,0.4197491273886779,-1.6323316555559335,2.034042444186223
15,15,3,30,0,negative,-0.4694548192777165,0.8429194129345181,-0.9942240331523151,-0.18626066674645406,0.18626066674645406,-1.268725474829044,1.574758839149534
15,15,3,31,0,negative,-0.6471838800594834,1.4498874673179585,-0.9787895945283598,-0.15667297762278276,0.15667297762278276,-1.9396542996396453,2.26287420461188
15,15,3,32,0,negative,-0.7861055152087439,0.5090254815074764,-0.8290931329335604,0.27813669665850743,-0.27813669665850743,-1.1401372631077469,1.3166248055786285
15,15,3,33,0,negative,-0.5310223185976537,1.1976392249156167,-0.39348976452742845,-0.27866026292361246,0.27866026292361246,-1.4129231649827734,1.6598952664781579
15,15,3,34,0,negative,-0.532827748193437,1.7595667224761384,-0.8132039227988638,0.41026946889740074,-0.41026946889740074,-2.3450004357727057,2.432582557972289
15,15,3,35,0,negative,-0.22267128950947512,3.5426440343566217,-0.5143294505317575,-0.07921002443395601,0.07921002443395601,-3.761907606225714,3.911144404377238
15,15,3,36,0,negative,-0.5517237261792054,2.336940715853312,-0.5300220389799609,-0.38211052039387267,0.38211052039387267,-2.5701524641084097,2.877813598432895
15,15,3,37,0,negative,-0.35241840047704565,0.39186433023270956,-0.6947917396570376,-1.0331670631758472,1.0331670631758472,-0.3965453558854549,0.9154694002997512
15,15,3,38,0,negative,-0.19719767872562977,0.1989572229500428,-0.6370282318413804,-0.2681587702935154,0.2681587702935154,-0.3876462697078744,0.6160701782335478
15,15,3,39,0,negative,-0.5242826452505266,0.6840969000738295,-0.5973408845384378,0.36766882183382016,-0.36766882183382016,-1.180527683948091,1.2449086649683117
15,15,3,40,0,negative,-0.5724325136079922,1.2954811279920513,-0.5423870143974169,0.07515236265855568,-0.07515236265855568,-1.6921384248800395,1.8528908919947558
15,15,3,41,0,negative,-0.14045840863711592,2.1529063438533136,-0.41891238408575326,-0.059814146821778984,0.059814146821778984,-2.3194252258203436,2.432591740214748
15,15,3,42,0,negative,-0.35096123119793504,0.3010256908157986,-1.1584348328592702,0.4701159154629188,-0.4701159154629188,-0.9608630173225066,1.0557237228444012
15,15,3,43,0,negative,-0.7740685522358786,-0.4825379398352379,-0.8271734325340424,0.5951435803881173,-0.5951435803881173,-0.24959058188410826,0.31808305254972263
15,15,3,44,0,negative,-0.9879478761647433,-0.3339414252165178,-1.1906778286024284,0.8036136537729021,-0.8036136537729021,-0.6601383609635069,0.7553714271670682
15,15,3,45,0,negative,-0.7644495203393713,0.17037946266245838,-1.0811430793915524,-0.04219475679999055,0.04219475679999055,-0.7715120769727695,1.0931757625279201
15,15,3,46,0,negative,-0.8217754374454609,-0.16027921739329545,-1.0666633443322486,0.23610953909282992,-0.23610953909282992,-0.5479035562302177,0.7839401734955593
15,15,3,47,0,negative,-0.7649465058480458,-0.9171596132391199,-1.1328109607141923,0.5751356668328622,-0.5751356668328622,0.09286190210741974,0.03171912004199917
15,15,3,48,0,negative,-0.4509119338849577,-0.31306392194751487,-1.2183502450665373,0.2794502528734262,-0.2794502528734262,-0.33650688866079215,0.5215671675282326
15,15,3,49,0,negative,-0.5589071905075689,0.7638451853373875,-0.9482826964707012,-0.13308417953611787,0.13308417953611787,-1.2218804211514382,1.5174401288265225
15,15,3,50,0,negative,-0.031652363046144216,2.5890672488100144,-1.2458304157016746,-0.1244459249694732,0.1244459249694732,-2.9734128667361297,3.227808638183924
15,15,3,51,0,negative,0.11818793805368616,1.4505467075895333,-1.2784054840289485,0.0076657323797664585,-0.0076657323797664585,-1.8398411337078762,2.0306554805771646
15,15,3,52,0,negative,-0.03651823549416289,-0.8726665391678572,-0.8278886647721817,0.6707913181151524,-0.6707913181151524,0.36093379970735817,-0.4404630890346849
15,15,3,53,0,negative,-0.1890130613019062,-0.8148516446674039,-1.1763879360473124,1.0861120449269805,-1.0861120449269805,-0.0023193694246623764,-0.13215114599279465
15,15,3,54,0,negative,-1.0426805638125658,-0.5344910044873408,-1.0445566335968073,1.3610641477131418,-1.3610641477131418,-0.6149427772201643,0.5091275942173459
15,15,3,55,0,negative,-1.013653020384911,-0.7016189806761965,-1.326621305321481,-0.34623217134200734,0.34623217134200734,0.03693826255473498,0.4685181821769995
15,15,3,56,0,negative,-0.9381117864911714,-0.8854300645477076,-1.1045561891953448,0.4101309909009139,-0.4101309909009139,0.06783040901856419,0.13590392329555057
15,15,3,57,0,negative,-1.2688924208860144,-0.9658793678402617,-0.9522217879448928,-0.636947205190466,0.636947205190466,0.4378236999601147,0.1446777365751919
15,15,3,58,0,negative,-0.7081342609568978,-1.0487755386318212,-0.2901748090959502,-0.7140786995899089,0.7140786995899089,0.9540320818108414,-0.5496210036053971
15,15,3,59,0,negative,-0.45114954412266295,-1.138323982557626,-0.36630496807539237,-0.8892904477565281,0.8892904477565281,1.1622692944104502,-0.7295967264585983
15,15,3,60,0,negative,-1.0670474894680426,-1.02003825845814,-0.8273718051086829,-0.15977316417425066,0.15977316417425066,0.441822881657315,-0.07282861116977724
15,15,3,61,0,negative,-1.1980559217901572,-0.9493774541532591,-0.8593275078612012,0.3844497168441187,-0.3844497168441187,0.13543307198810017,0.07931426067241998
15,15,3,62,0,negative,-0.9294834152919486,0.6271118078626795,-0.786601129873847,-0.7075184634829812,0.7075184634829812,-0.9633005017569509,1.4851540804455774
15,15,3,63,0,negative,-0.35579179685140677,2.410258221954865,-0.9548616659672675,-1.2288601833225492,1.2288601833225492,-2.4375226484535735,3.065584953364202
15,15,3,64,0,negative,-0.37884482054595736,0.8507283563227457,-0.7919477095634514,-0.533610600419102,0.533610600419102,-1.0631223328861812,1.4361246213774501
15,15,3,65,0,negative,-1.031437825411206,0.04994547520274928,-0.49453403483881503,-0.31848525266795374,0.31848525266795374,-0.4524410110634383,0.8129314053277598
15,15,3,66,0,negative,-0.4748609029042377,2.134970521256684,-0.31029728591169714,-0.7936840755988168,0.7936840755988168,-2.1321285589957233,2.5275496156646513
15,15,3,67,0,negative,-0.672896577405764,2.0321329896801243,-0.9262602546227872,-0.6188262002883617,0.6188262002883617,-2.358909866926854,2.8317114056944
15,15,3,68,0,negative,-0.1924860417404649,2.1709842920733724,0.035421716833731895,-0.5445509398872149,0.5445509398872149,-2.0418220870798782,2.2495164545267388
15,15,3,69,0,negative,-0.5586870251679242,2.2903914715605955,-0.2983079438669095,0.10263787793980761,-0.10263787793980761,-2.6102690872188092,2.7188889560780125
15,15,3,70,0,negative,-1.0208242429759262,1.4005283765531549,-0.6038099608095823,-0.38685416828156277,0.38685416828156277,-1.8131217217211368,2.2128454784459093
15,15,3,71,0,negative,-1.134430480186129,0.2228070864399954,-0.753933843872147,-0.7887060919351515,0.7887060919351515,-0.5893598304810369,1.1669892484691333
15,15,3,72,0,negative,-1.0747792097376985,-0.9824044996317974,-0.3754965659652469,-0.8248933418475325,0.8248933418475325,0.7739436883466598,-0.2572666117803247
15,15,3,73,0,negative,-0.47067360480674125,0.06290768204266778,0.5108206333419764,-0.5123750389419249,0.5123750389419249,0.1212663404497189,0.042834167775050225
15,15,3,74,0,negative,-0.7055662142816009,-0.45277851237861094,-0.7850324305806302,-0.4638848990195992,0.4638848990195992,0.11054059709773367,0.2925208100525046
15,15,3,75,0,negative,-0.735454170210961,-0.39041328715085155,-0.5089879152948568,-0.3866600569277425,0.3866600569277425,0.1044859442914931,0.23180775560205735
15,15,3,76,0,negative,-0.8706026352722258,-0.3193233596655104,-0.9139219857275938,-0.4982287292361438,0.4982287292361438,-0.10944193758904819,0.5729389508343994
15,15,3,77,0,negative,-0.8722613130788133,-0.378698725437623,-1.2351329041345962,0.22141143543506284,-0.22141143543506284,-0.3975698254452011,0.6749983831690816
15,15,3,78,0,negative,-0.8906809432215287,0.8154293837753164,-1.1750801366909227,0.23576041869784983,-0.23576041869784983,-1.582603216645417,1.8483099237315421
15,15,3,79,0,negative,-1.0016545101104324,0.6987397264540217,-1.0603951338487698,0.28674841840492854,-0.28674841840492854,-1.481672413908732,1.7297645484336228
15,15,3,80,0,negative,-0.5041339624192067,1.6077728012901975,-0.059087631652817406,-1.0893505435387514,1.0893505435387514,-1.4323964848012884,1.8893835983262095
